mfId,name,rank,score,data_days,cagr_3y,cagr_5y,n_windows,xirr_mean,xirr_p25,hold_ret,hold_dd,info_ratio,residual_alpha,downside_capture,rebound,ulcer,sortino,calmar,shrink_lambda,aum_factor,gold_part,metals_overfit,alloc_stability,eq_down_prot,return_adequacy
M_NIPU,Nippon India Multi Asset Allocation Fund,1,79.88,2177,20.73,16.73,48.0,17.81,12.19,17.89,-5.69,0.1268,8.25,0.3543,-0.0021,0.0232,1.3163,2.2684,0.6857,1.0,0.5671,0.0669,0.085,0.6457,11.31
M_TATI,Tata Multi Asset Allocation Fund,2,75.1,2352,15.03,13.84,53.0,15.79,12.52,14.28,-6.11,-0.296,7.77,0.4905,-0.0613,0.026,1.5681,1.2088,0.7067,1.0,0.4683,0.0828,0.0491,0.5095,9.29
M_WOMT,WOC Multi Asset Allocation Fund,3,73.1,1183,17.72,,15.0,17.34,15.12,16.11,-2.52,0.2403,13.49,-0.1606,0.0772,0.0064,1.4885,4.7665,0.4054,1.0,0.3799,0.0498,0.0451,1.1606,10.84
M_DSPUI,DSP Multi Asset Allocation Fund,4,72.85,1050,20.41,,11.0,19.38,18.12,21.67,-4.32,0.6434,14.88,-0.0301,-0.0759,0.0149,1.5358,3.3131,0.3333,1.0,0.4393,0.0217,0.0649,1.0301,12.88
M_ADYUO,Aditya Birla SL Multi Asset Allocation Fund,5,62.58,1288,17.73,,19.0,16.02,14.82,14.58,-7.65,0.4377,9.16,0.3615,0.0358,0.0244,0.9546,2.0103,0.4634,1.0,0.4813,0.0707,0.0683,0.6385,9.52
M_QUNS,Quant Multi Asset Allocation Fund,6,61.36,4963,23.5,21.14,139.0,17.8,7.39,18.05,-6.76,0.1711,13.96,0.277,-0.1193,0.0375,0.7608,0.876,0.8634,1.0,0.4429,0.0615,0.3575,0.723,11.3
M_SBTO,SBI Multi Asset Allocation Fund,7,61.09,4900,16.77,14.62,137.0,12.62,9.37,12.37,-3.81,-0.1601,7.31,0.2126,-0.1653,0.0167,0.8652,1.2813,0.8616,1.0,0.3851,0.0562,0.1553,0.7874,6.12
M_KOTUU,Kotak Multi Asset Allocation Fund,8,58.98,1057,19.73,,11.0,17.45,16.83,22.7,-8.08,0.791,12.46,0.3615,-0.0701,0.0335,0.9467,1.6556,0.3333,1.0,0.4437,0.0541,0.1037,0.6385,10.95
M_EDMU,Edelweiss Multi Asset Allocation Fund,9,55.38,1148,7.7,,14.0,7.69,7.29,7.05,-0.51,-0.3818,7.39,-0.1514,-0.0806,0.0011,0.8596,9.7755,0.3889,1.0,0.1901,0.0023,0.0321,1.1514,1.19
M_MAAO,Mahindra Manulife Multi Asset Allocation Fund,10,55.34,882,16.79,,5.0,14.89,14.67,17.14,-6.06,0.9443,13.06,0.2885,-0.0448,0.018,1.0169,2.6806,0.1852,1.0,0.3545,0.0231,0.0611,0.7115,8.39
M_ICPPP,ICICI Pru Multi-Asset Fund,11,55.17,4970,16.48,18.06,140.0,17.08,8.11,16.25,-8.18,0.3374,7.67,0.7042,-0.0518,0.0477,0.7546,0.6139,0.8642,1.0,0.4719,0.0628,0.1484,0.2958,10.58
M_BANHP,Bandhan Multi Asset Allocation Fund,12,54.49,924,17.13,,7.0,15.72,15.57,19.99,-5.9,0.9988,12.74,0.2252,-0.0132,0.0257,0.9754,2.1284,0.2414,1.0,0.4029,0.082,0.0848,0.7748,9.22
M_MIUD,Mirae Asset Multi Asset Allocation Fund,13,53.5,924,14.91,,7.0,14.26,13.34,16.38,-5.33,0.8034,11.44,0.3005,0.0405,0.0182,0.8939,2.3639,0.2414,1.0,0.3704,0.0639,0.0628,0.6995,7.76
M_BABL,Baroda BNP Paribas Multi Asset Fund,14,52.67,1330,16.75,,20.0,14.23,11.99,10.92,-8.88,0.4748,7.79,0.3596,-0.0467,0.0314,0.9752,1.4025,0.4762,1.0,0.439,0.093,0.099,0.6404,7.73
M_SUDUO,Sundaram Multi Asset Allocation Fund,15,47.32,931,14.28,,7.0,12.34,10.66,13.35,-7.33,0.7151,9.98,0.321,-0.0688,0.0293,0.7139,1.5831,0.2414,1.0,0.3707,0.0867,0.0942,0.679,5.84
M_BAJAO,Bajaj Finserv Multi Asset Allocation Fund,16,47.31,798,,,2.0,11.63,11.55,12.95,-8.61,0.8907,9.43,0.4979,-0.119,0.038,0.3718,,0.0833,1.0,0.3795,0.063,0.0839,0.5021,5.13
M_HSAO,HSBC Multi Asset Allocation Fund,17,46.0,896,16.18,,6.0,13.37,13.47,21.95,-7.52,0.9593,8.29,0.4984,-0.0278,0.0527,0.4426,0.9248,0.2143,1.0,0.4149,0.0729,0.1957,0.5016,6.87
M_BANKD,Bank of India Multi Asset Allocation Fund,18,44.36,896,11.96,,6.0,10.25,10.37,13.83,-4.37,0.5386,8.19,0.2879,0.0908,0.0215,0.6081,1.355,0.2143,0.9637,0.3276,0.0783,0.124,0.7121,3.75
M_INVIP,Invesco India Multi Asset Allocation Fund,19,42.43,602,,,0.0,,,,,1.0961,16.17,0.1192,-0.4092,0.0159,0.8513,,0.0,1.0,0.356,0.0551,0.0672,0.8808,
M_360P,360 ONE Multi Asset Allocation Fund,20,41.94,357,,,0.0,,,,,,26.59,,-0.6056,0.016,,,0.0,0.9736,0.4826,0.0556,0.0816,,
M_FRANS,Franklin India Multi Asset Allocation Fund,21,41.15,378,,,0.0,,,,,,12.14,,-0.3456,0.0248,,,0.0,1.0,0.376,0.0788,0.0747,,
M_CAUS,Canara Rob Multi Asset Allocation Fund,22,40.84,434,,,0.0,,,,,,12.47,,-0.3099,0.0209,,,0.0,1.0,0.298,0.0644,0.0742,,
M_UNUN,Union Multi Asset Allocation Fund,23,40.64,700,,,0.0,,,,,1.3088,12.97,0.4296,0.1073,0.0269,0.4733,,0.0,1.0,0.3468,0.0398,0.0797,0.5704,
M_LIEG,LIC MF Multi Asset Allocation Fund,24,39.54,539,,,0.0,,,,,0.6523,10.18,0.4127,-0.2301,0.0252,0.8425,,0.0,1.0,0.3573,0.1139,0.0929,0.5873,
M_QUUC,Quantum Multi Asset Allocation Fund,25,39.11,889,9.64,,5.0,7.03,6.84,5.22,-7.46,0.2282,7.38,0.2774,-0.0019,0.0226,0.2963,1.2914,0.1852,0.9146,0.278,0.0858,0.0429,0.7226,0.53
M_HDCUU,HDFC Multi-Asset Allocation Fund,26,38.86,4970,13.47,12.05,140.0,12.34,8.12,11.94,-5.6,-0.1761,6.32,0.5177,-0.1262,0.0296,0.4742,0.591,0.8642,1.0,0.377,0.064,0.1857,0.4823,5.84
M_GRMO,Groww Multi Asset Allocation Fund,27,38.68,315,,,0.0,,,,,,4.58,,-0.394,0.0284,,,0.0,0.9655,0.272,0.0869,0.0425,,
M_SACM,Samco Multi Asset Allocation Fund,28,38.58,588,,,0.0,,,,,0.6725,13.72,-0.0552,-0.3429,0.0249,0.6798,,0.0,0.9663,0.3813,0.0929,0.1673,1.0552,
M_AXPU,Axis Multi Asset Allocation Fund,29,33.83,4970,15.63,10.86,140.0,12.0,6.9,11.96,-8.48,-0.218,4.82,0.6847,-0.0978,0.045,0.3973,0.6646,0.8642,1.0,0.4601,0.0607,0.1906,0.3153,5.5
M_SHRS,Shriram Multi Asset Allocation Fund,30,33.0,1071,12.37,,11.0,6.58,6.1,11.02,-8.31,0.1088,5.32,0.661,-0.0277,0.0509,0.4987,0.8198,0.3333,0.9348,0.3613,0.065,0.1122,0.339,0.08
M_UTIMA,UTI Multi Asset Allocation Fund,31,27.18,4970,17.82,14.71,140.0,11.56,5.39,11.27,-7.39,-0.3303,4.87,0.724,-0.1126,0.0424,0.3468,0.8295,0.8642,1.0,0.4183,0.0997,0.1134,0.276,5.06
