mfId,name,rank,score,subsector,data_days,cagr_3y,cagr_5y,n_windows,xirr_mean,xirr_p25,hold_ret,hold_dd,info_ratio,residual_alpha,downside_capture,rebound,ulcer,sortino,calmar,shrink_lambda,aum_factor,batting,style_purity,capture_spread,omega
M_MAHD,Mahindra Manulife Focused Fund,1,88.6,Focused Fund,2093,16.1,15.73,45.0,19.93,11.09,19.48,-9.59,1.1594,6.5,0.8231,-0.0697,0.0514,1.0676,0.9778,0.7377,0.9978,1.0,0.0155,0.326,2.8628
M_AXVV,Axis Value Fund,2,87.99,Value Fund,1785,20.57,17.27,35.0,24.14,14.2,23.92,-9.79,1.6219,6.17,0.8829,-0.0267,0.0567,0.6499,1.058,0.6863,0.9982,1.0,0.3223,0.4237,2.2622
M_DSPVE,DSP Value Fund,3,87.77,Value Fund,2072,18.37,14.23,44.0,17.42,10.95,18.2,-7.53,0.2971,7.41,0.4674,0.0607,0.0382,0.9773,1.1742,0.7333,0.9979,0.9773,0.3357,0.1798,3.123
M_ICIXD,ICICI Pru Flexicap Fund,4,83.83,Flexi Cap Fund,1848,19.46,17.15,37.0,19.88,14.88,19.58,-10.63,1.0185,5.87,0.8098,0.0088,0.0558,0.6974,0.9873,0.6981,0.9759,1.0,0.0346,0.2776,2.4854
M_AXNM,Axis Multicap Fund,5,82.56,Multi Cap Fund,1701,22.03,17.19,32.0,24.3,12.07,23.79,-10.65,1.0931,4.96,0.8389,0.0808,0.0566,0.6861,1.2214,0.6667,0.9895,1.0,0.2996,0.3398,2.2581
M_PARO,Parag Parikh Flexi Cap Fund,6,81.76,Flexi Cap Fund,4823,15.23,13.76,135.0,18.98,9.47,17.83,-9.36,0.4364,9.01,0.6175,-0.0885,0.0459,0.7233,0.5577,0.894,0.93,0.9111,0.1735,-0.1496,2.8829
M_KOTMU,Kotak Multicap Fund,7,81.36,Multi Cap Fund,1778,19.52,17.42,35.0,25.43,13.09,24.84,-11.4,1.5725,5.38,0.9557,0.1243,0.0591,0.6422,0.9395,0.6863,0.9707,1.0,0.086,0.5087,2.1827
M_INXO,Invesco India Flexi Cap Fund,8,80.11,Flexi Cap Fund,1638,20.62,18.39,30.0,23.63,11.69,21.68,-12.33,0.9357,4.84,0.843,0.0835,0.0581,0.7104,1.0874,0.6522,0.9945,1.0,0.3033,0.3239,2.4381
M_BOIX,Bank of India Flexi Cap Fund,9,79.13,Flexi Cap Fund,2233,22.32,18.48,50.0,21.23,8.94,19.25,-13.19,1.0634,3.37,0.9461,0.1347,0.0636,1.1496,0.9599,0.7576,0.9972,0.94,0.2818,0.6092,3.0262
M_CAFF,Canara Rob Focused Fund,10,78.41,Focused Fund,1911,15.12,13.9,39.0,17.99,12.36,17.87,-9.92,0.6867,4.17,0.8227,0.005,0.0549,0.607,0.8509,0.7091,0.9971,0.9744,0.0746,0.1606,2.307
M_WOCE,WOC Flexi Cap Fund,11,77.58,Flexi Cap Fund,1470,17.24,17.8,24.0,17.83,7.73,13.15,-11.64,1.1508,4.81,0.7657,0.0122,0.0448,0.8006,1.1292,0.6,0.9909,1.0,0.1718,0.3124,2.6202
M_CAVO,Canara Rob Value Fund,12,76.63,Value Fund,1806,13.8,14.79,36.0,19.39,9.58,17.86,-10.17,1.125,4.7,0.8336,-0.0332,0.0575,0.6184,0.7294,0.6923,0.9987,0.8889,0.0558,0.2276,2.2624
M_IDFUM,Bandhan Multi Cap Fund,13,74.51,Multi Cap Fund,1715,15.56,14.86,33.0,19.46,9.21,18.38,-10.44,1.2582,3.63,0.8813,0.0197,0.0544,0.5728,0.8559,0.6735,0.9969,1.0,0.2891,0.2172,2.1476
M_ITFC,ITI Focused Fund,14,74.32,Focused Fund,1148,20.96,,14.0,12.31,9.21,9.5,-13.51,1.3997,6.05,0.7542,0.095,0.0473,0.7537,1.1367,0.4667,0.9994,1.0,0.3261,0.4158,2.7865
M_BANK,Bank of India Multi Cap Fund,15,73.76,Multi Cap Fund,1260,20.47,,18.0,12.04,8.3,7.02,-14.98,1.5723,5.53,0.8903,0.2181,0.052,1.0404,1.0407,0.5294,0.9987,1.0,0.5325,0.5056,3.0391
M_MADN,Mahindra Manulife Multi Cap Fund,16,73.52,Multi Cap Fund,3381,19.47,18.11,87.0,21.23,8.15,22.06,-13.62,0.9935,5.68,0.9525,0.0435,0.0682,0.6065,0.6368,0.8447,0.9931,0.977,0.4711,0.4652,2.2292
M_WOMI,WOC Multi Cap Fund,17,73.51,Multi Cap Fund,1057,20.43,,11.0,11.12,8.08,9.0,-12.67,1.6,7.65,0.7351,0.133,0.0487,0.8196,1.2435,0.4074,0.9959,1.0,0.4115,0.4545,2.664
M_ADYUM,Aditya Birla SL Multi-Cap Fund,18,72.39,Multi Cap Fund,1925,16.47,14.72,39.0,17.46,9.76,18.06,-10.63,0.9223,3.07,0.8874,0.0528,0.0588,0.5971,0.8283,0.7091,0.9928,1.0,0.3449,0.2317,2.258
M_LITI,LIC MF Multi Cap Fund,19,71.99,Multi Cap Fund,1379,20.32,,22.0,17.49,9.03,11.61,-14.31,1.1521,4.07,0.8911,0.135,0.0481,0.7472,1.0725,0.5789,0.9979,1.0,0.4541,0.4666,2.4842
M_LTNA,HSBC Value Fund,20,71.93,Value Fund,4970,18.84,18.06,140.0,21.13,10.4,20.37,-13.61,1.0201,2.91,0.9768,-0.0105,0.0812,0.6595,0.4699,0.8974,0.985,0.7857,0.3725,0.8605,2.3021
M_HSUA,HSBC Multi Cap Fund,21,71.35,Multi Cap Fund,1288,21.0,,19.0,13.07,6.63,5.55,-15.4,1.4789,5.1,0.899,0.0746,0.0515,0.9897,1.0684,0.5429,0.9939,1.0,0.4624,0.5809,2.9694
M_QUVN,Quant Value Fund,22,70.88,Value Fund,1715,22.52,20.46,33.0,26.21,8.62,26.54,-13.06,0.9763,5.89,1.0436,0.0571,0.0847,0.7543,0.9612,0.6735,0.9981,0.7576,0.4027,0.7931,2.1056
M_SBIUC,SBI Multicap Fund,23,69.88,Multi Cap Fund,1617,15.18,14.25,29.0,18.32,10.1,16.55,-9.83,0.4913,2.68,0.7852,0.0406,0.0438,0.6059,1.0301,0.6444,0.9759,0.8621,0.0812,0.1122,2.1732
M_ICCYV,ICICI Pru Value Fund,24,69.85,Value Fund,4970,14.51,16.79,140.0,19.66,8.24,18.38,-10.79,0.6115,5.95,0.8697,-0.1012,0.0639,0.7502,0.4372,0.8974,0.9449,0.7357,0.0752,0.002,2.4524
M_ITFF,ITI Flexi Cap Fund,25,69.57,Flexi Cap Fund,1274,20.42,,18.0,11.86,6.93,5.75,-16.4,1.6066,6.41,0.926,0.1361,0.0574,1.0258,0.9537,0.5294,0.9985,1.0,0.1098,0.5464,3.0357
M_INTT,Invesco India Contra Fund,26,69.54,Contra Fund,4970,17.35,15.28,140.0,20.06,9.15,18.96,-12.86,1.0599,2.65,0.9717,0.0001,0.0688,0.5943,0.5256,0.8974,0.9799,0.9571,0.1869,0.5813,2.2351
M_KOQN,Kotak Contra Fund,27,68.99,Contra Fund,4970,18.11,16.4,140.0,18.11,9.17,17.77,-12.27,0.8864,4.0,0.9483,-0.0049,0.065,0.5493,0.5192,0.8974,0.9946,0.9857,0.1774,0.197,2.2657
M_BAFN,Bajaj Finserv Flexi Cap Fund,28,68.66,Flexi Cap Fund,1092,18.19,,12.0,10.32,7.47,7.99,-12.1,1.2788,6.26,0.768,0.1193,0.0514,0.665,1.0531,0.4286,0.9922,1.0,0.1863,0.3503,2.5973
M_UNOY,Union Value Fund,29,68.44,Value Fund,2807,14.78,14.67,68.0,21.35,12.06,21.88,-11.14,0.5187,2.56,0.9564,0.0024,0.0659,0.5256,0.4485,0.8095,0.9996,1.0,0.1878,0.1145,2.0971
M_HDCUI,HDFC Multi Cap Fund,30,67.97,Multi Cap Fund,1708,14.36,16.17,32.0,21.5,7.98,19.5,-11.49,1.3232,4.0,0.9429,0.0744,0.0651,0.6462,0.7136,0.6667,0.9794,0.8125,0.2404,0.3411,2.1489
M_QUTO,Quant Flexi Cap Fund,31,66.94,Flexi Cap Fund,4963,17.86,17.05,139.0,22.61,5.87,21.61,-13.76,0.5987,6.48,0.9837,0.0225,0.1006,0.6982,0.5078,0.8968,0.9927,0.7698,0.6036,1.0036,2.0809
M_KOTY,Kotak Focused Fund,32,66.79,Focused Fund,2583,17.46,14.62,61.0,19.74,11.08,18.22,-10.8,0.558,3.47,0.9242,-0.0175,0.0724,0.4785,0.522,0.7922,0.9957,0.8689,0.2596,0.0777,2.2532
M_UNMI,Union Multicap Fund,33,66.01,Multi Cap Fund,1330,17.34,,20.0,12.28,8.19,7.42,-14.58,1.2665,2.64,0.8911,0.1404,0.054,0.785,0.8946,0.5556,0.9985,1.0,0.4719,0.3833,2.5781
M_INVC,Invesco India Focused Fund,34,65.45,Focused Fund,2142,23.62,17.23,47.0,20.5,5.41,19.53,-12.6,0.6341,3.02,0.8314,0.0055,0.0806,0.9571,1.0743,0.746,0.9939,0.617,0.178,0.2703,2.7011
M_EDFC,Edelweiss Focused Fund,35,65.2,Focused Fund,1470,15.69,15.97,24.0,16.25,6.75,11.9,-12.08,0.7918,2.99,0.8517,-0.0519,0.0494,0.5832,0.9393,0.6,0.999,1.0,0.3371,0.2052,2.3988
M_QUNC,Quant Multi Cap Fund,36,64.35,Multi Cap Fund,4963,12.08,13.88,139.0,21.37,8.16,20.22,-13.69,0.6975,3.67,0.9318,-0.0088,0.0803,0.714,0.3898,0.8968,0.9923,0.7914,0.2453,0.4479,2.2344
M_SBFQ,SBI Focused Fund,37,63.33,Focused Fund,4970,17.4,13.94,140.0,17.91,10.99,17.52,-11.67,0.3594,5.28,0.8571,-0.007,0.0752,0.5394,0.6075,0.8974,0.95,0.7286,0.3616,-0.1696,2.1622
M_360E,360 ONE Flexicap Fund,38,62.61,Flexi Cap Fund,1141,20.03,,14.0,8.72,3.64,3.19,-12.86,1.2116,4.8,0.8428,0.0639,0.0589,0.76,1.2092,0.4667,0.9978,1.0,0.394,0.3723,2.6217
M_HELF,Helios Flexi Cap Fund,39,62.51,Flexi Cap Fund,1001,18.42,,9.0,8.42,7.06,9.81,-12.95,1.2208,5.62,0.8018,0.1606,0.0549,0.6642,1.0287,0.36,0.9919,1.0,0.354,0.3847,2.3428
M_ICCSF,ICICI Pru Focused Equity Fund,40,62.22,Focused Fund,4963,19.2,17.53,139.0,17.12,7.25,16.63,-11.71,0.4301,5.89,0.8962,-0.0051,0.0664,0.6599,0.6352,0.8968,0.9822,0.7842,0.1576,-0.0919,2.2353
M_MAHX,Mahindra Manulife Flexi Cap Fund,41,62.13,Flexi Cap Fund,1813,12.77,12.15,36.0,17.75,10.34,17.14,-10.0,0.5759,2.04,0.9209,0.0266,0.057,0.4079,0.7494,0.6923,0.9984,0.9167,0.1701,0.0886,1.9295
M_ICPIU,ICICI Pru Multicap Fund,42,60.4,Multi Cap Fund,4970,18.75,17.17,140.0,17.84,8.2,17.3,-12.19,0.748,2.18,0.9311,-0.0681,0.0677,0.6158,0.5199,0.8974,0.9812,0.7929,0.5746,0.1163,2.2908
M_IIFS,360 ONE Focused Fund,43,60.26,Focused Fund,4305,14.17,13.21,118.0,17.85,8.93,18.0,-13.6,0.6749,4.63,0.9429,0.0237,0.0752,0.4974,0.4238,0.8806,0.9933,0.8051,0.493,0.2502,2.1363
M_HSBD,HSBC Focused Fund,44,59.86,Focused Fund,2212,16.87,14.48,49.0,16.04,9.11,14.86,-12.45,0.4998,1.07,1.0114,0.0219,0.0601,0.7665,0.8064,0.7538,0.9982,0.9184,0.4837,0.1897,2.4595
M_MIFE,Mirae Asset Flexi Cap Fund,45,59.5,Flexi Cap Fund,1267,14.16,,18.0,11.01,7.35,7.18,-13.2,0.5861,2.06,0.8485,0.0136,0.0459,0.6759,0.8887,0.5294,0.9956,1.0,0.3022,0.1316,2.5771
M_OLDD,Old Bridge Focused Fund,46,59.11,Focused Fund,931,15.05,,7.0,7.23,6.74,11.38,-9.96,1.0464,6.48,0.8597,0.0771,0.0681,0.5572,0.8109,0.3043,0.996,1.0,0.152,0.4283,2.0064
M_EDEWA,Edelweiss Multi Cap Fund,47,58.22,Multi Cap Fund,1022,20.52,,10.0,6.68,4.78,6.98,-12.23,1.1988,5.44,0.9298,0.0662,0.063,0.6633,1.0248,0.3846,0.9966,1.0,0.4051,0.3335,2.4122
M_CAML,Canara Rob Multi Cap Fund,48,57.78,Multi Cap Fund,1113,16.69,,13.0,8.83,5.45,5.32,-13.52,0.9794,3.12,0.8345,0.1279,0.0539,0.6312,0.9108,0.4483,0.9942,1.0,0.2869,0.2527,2.4773
M_MOSN,Motilal Oswal Multi Cap Fund,49,55.99,Multi Cap Fund,784,,,2.0,8.86,8.23,4.31,-21.72,1.2047,17.28,0.5971,0.1635,0.0845,0.5932,,0.1111,0.9958,,0.4451,0.8857,1.9146
M_EDWU,Edelweiss Flexi Cap Fund,50,55.85,Flexi Cap Fund,4207,17.18,15.07,114.0,17.53,7.62,17.8,-12.75,0.6788,2.95,0.9643,-0.0151,0.071,0.4352,0.5425,0.8769,0.9964,0.9825,0.3219,0.2255,2.0083
M_JMUU,JM Flexicap Fund,51,55.77,Flexi Cap Fund,4970,17.32,17.95,140.0,19.55,5.9,18.88,-13.26,0.6914,4.2,0.9881,-0.0613,0.0827,0.5977,0.5478,0.8974,0.9948,0.7857,0.0248,0.6053,2.1069
M_QUTT,Quant Focused Fund,52,55.71,Focused Fund,4963,15.35,15.23,139.0,19.12,6.73,18.08,-12.39,0.4727,2.68,0.889,-0.0344,0.0745,0.6383,0.5036,0.8968,0.9991,0.705,0.5572,0.0408,2.2213
M_UNOF,Union Focused Fund,53,54.79,Focused Fund,2562,13.78,11.84,60.0,16.96,8.76,14.54,-10.95,0.2366,3.25,0.8769,-0.0106,0.0639,0.5183,0.4511,0.7895,0.9996,0.4333,0.7017,-0.024,2.2398
M_KOSN,Kotak Flexicap Fund,54,53.89,Flexi Cap Fund,4970,14.29,12.71,140.0,17.33,9.22,16.66,-12.28,0.7642,1.21,0.9579,0.0036,0.0625,0.5553,0.4219,0.8974,0.9469,0.7929,0.2018,0.1651,2.1703
M_ADTUE,Aditya Birla SL Flexi Cap Fund,55,53.85,Flexi Cap Fund,4970,17.72,13.77,140.0,17.64,7.78,16.8,-13.04,0.8434,2.0,0.9622,0.0186,0.0693,0.5533,0.5,0.8974,0.9719,0.7571,0.3051,0.2874,2.1768
M_HDCAC,HDFC Value Fund,56,53.62,Value Fund,4970,18.41,15.95,140.0,17.26,7.53,16.68,-13.07,0.8671,1.88,0.9672,-0.0079,0.0741,0.5533,0.4774,0.8974,0.9921,0.8214,0.226,0.2741,2.1768
M_MIMC,Mirae Asset Multicap Fund,57,53.49,Multi Cap Fund,1085,15.89,,12.0,8.71,6.44,7.59,-13.01,1.0476,2.75,0.9499,0.1315,0.0536,0.5375,0.8748,0.4286,0.9945,1.0,0.2363,0.1854,2.1618
M_BARX,Baroda BNP Paribas Flexi Cap Fund,58,51.74,Flexi Cap Fund,1456,15.46,,24.0,14.42,4.87,10.12,-13.72,0.6823,1.16,0.9014,-0.0095,0.0596,0.5225,0.7646,0.6,0.9988,1.0,0.6498,0.1679,2.2255
M_TAQY,Tata Value Fund,59,51.45,Value Fund,4970,15.12,15.29,140.0,18.84,6.68,18.01,-12.58,0.6277,2.32,0.9788,0.0029,0.0766,0.5696,0.4571,0.8974,0.9917,0.7,0.368,0.4126,2.1007
M_TRMM,TRUSTMF Flexi Cap Fund,60,50.97,Flexi Cap Fund,840,,,4.0,4.09,2.62,6.0,-12.01,0.8835,4.99,0.8209,0.0603,0.0682,0.2867,,0.2,0.999,1.0,0.3141,0.3162,1.8114
M_HDCEQ,HDFC Flexi Cap Fund,61,50.34,Flexi Cap Fund,4970,17.96,19.49,140.0,18.19,6.94,17.53,-12.99,0.6159,4.36,0.9743,-0.0008,0.0805,0.5579,0.4799,0.8974,0.93,0.7714,0.063,0.3314,2.1202
M_UTFFO,UTI Focused Fund,62,50.34,Focused Fund,1813,12.88,11.14,36.0,16.22,9.53,15.51,-10.94,0.1588,1.09,0.871,-0.0324,0.0733,0.3511,0.6723,0.6923,0.9976,0.8611,0.0653,0.0008,1.8805
M_FRANU,Franklin India Multi Cap Fund,63,49.9,Multi Cap Fund,742,,,1.0,7.73,7.73,10.12,-13.8,1.2758,4.33,0.9191,0.1204,0.0653,0.0583,,0.0588,0.9949,,0.4548,0.3181,1.4156
M_NIPIX,Nippon India Flexi Cap Fund,64,49.21,Flexi Cap Fund,1827,12.96,12.86,36.0,17.0,8.62,16.83,-10.94,0.5501,0.76,0.9554,0.0423,0.0692,0.3856,0.6625,0.6923,0.9903,0.8056,0.1302,0.1004,1.8947
M_TAMC,Tata Flexi Cap Fund,65,49.1,Flexi Cap Fund,2898,12.37,11.14,71.0,17.23,10.62,17.1,-11.25,0.0334,1.61,0.8607,-0.0577,0.0631,0.4538,0.4393,0.8161,0.9963,0.4789,0.2586,-0.13,2.0851
M_FRON,Franklin India Focused Equity Fund,66,49.09,Focused Fund,4970,10.68,12.42,140.0,18.69,7.95,18.06,-13.42,0.5841,0.92,0.9437,-0.0191,0.0756,0.5981,0.3051,0.8974,0.9885,0.8286,0.0939,0.1748,2.1847
M_PRPW,Sundaram Multi Cap Fund,67,48.67,Multi Cap Fund,4970,15.59,14.46,140.0,17.8,5.59,17.08,-13.46,0.8086,2.12,0.9929,0.017,0.0781,0.5457,0.447,0.8974,0.9971,0.8214,0.1408,0.4932,2.0939
M_SUNRX,Sundaram Flexi Cap Fund,68,48.1,Flexi Cap Fund,1435,11.55,,23.0,12.72,6.42,8.9,-11.89,-0.0202,1.53,0.8288,-0.0573,0.0493,0.486,0.7402,0.5897,0.998,0.7391,0.0063,0.0121,2.2095
M_TATY,Tata Focused Fund,69,47.83,Focused Fund,2443,12.18,12.05,56.0,17.97,9.21,14.47,-11.54,0.2858,1.05,0.9576,-0.0725,0.0807,0.4384,0.3628,0.7778,0.9982,0.8214,0.4456,0.0185,2.0014
M_GRMT,Groww Multicap Fund,70,47.08,Multi Cap Fund,602,,,0.0,,,,,1.9912,10.77,0.8898,0.5391,0.0538,0.4184,,0.0,0.9993,,0.5968,0.5911,1.8089
M_INMC,Invesco India Multicap Fund,71,47.06,Multi Cap Fund,4970,15.72,13.87,140.0,19.3,5.37,18.14,-14.2,0.7226,1.08,0.9825,-0.0492,0.0878,0.5565,0.457,0.8974,0.9956,0.8286,0.3789,0.637,2.1122
M_ITVA,ITI Value Fund,72,46.66,Value Fund,1883,15.51,14.57,38.0,20.49,7.98,20.85,-11.33,0.3389,0.01,0.9952,0.0249,0.0789,0.4768,0.6925,0.7037,0.9996,0.8158,0.2312,0.1281,1.9301
M_NIEV,Nippon India Value Fund,73,46.5,Value Fund,4970,16.9,15.99,140.0,18.88,6.06,18.41,-13.94,0.6197,2.37,1.0083,-0.0148,0.0824,0.5093,0.4805,0.8974,0.9909,0.8143,0.1808,0.5972,1.9908
M_IDBO,LIC MF Value Fund,74,46.18,Value Fund,2912,19.47,15.88,72.0,18.39,8.88,19.47,-13.78,0.5073,1.18,0.9406,-0.0646,0.0781,0.4444,0.6009,0.8182,0.9997,0.625,0.4239,0.2048,2.0273
M_FREE,Franklin India Flexi Cap Fund,75,46.1,Flexi Cap Fund,4970,13.88,14.21,140.0,17.75,6.56,17.12,-12.5,0.6326,2.03,0.9423,-0.046,0.0668,0.5451,0.39,0.8974,0.9807,0.6643,0.0648,0.0561,2.1776
M_JMVA,JM Value Fund,76,45.34,Value Fund,4970,14.71,16.77,140.0,19.77,6.36,19.23,-14.68,0.5266,2.04,1.034,0.0113,0.0981,0.5239,0.4219,0.8974,0.9992,0.8,0.0687,1.1253,1.9216
M_TRMI,TRUSTMF Multi Cap Fund,77,45.15,Multi Cap Fund,385,,,0.0,,,,,,14.72,,0.4566,0.0333,,,0.0,0.9993,,0.408,,
M_ADTFU,Aditya Birla SL Focused Fund,78,44.82,Focused Fund,4970,15.27,12.74,140.0,15.7,6.66,14.99,-12.22,0.5567,2.74,0.9527,-0.0209,0.0632,0.5171,0.4676,0.8974,0.992,0.6071,0.1517,0.003,2.1151
M_CAOQ,Canara Rob Flexi Cap Fund,79,44.8,Flexi Cap Fund,4970,14.05,11.8,140.0,15.85,8.11,15.26,-12.94,0.3832,2.98,0.9553,0.006,0.0667,0.498,0.4768,0.8974,0.9864,0.6714,0.1982,-0.0324,2.078
M_ITMU,ITI Multi Cap Fund,80,44.6,Multi Cap Fund,2646,19.68,16.22,63.0,19.56,9.01,19.64,-12.12,0.3939,0.69,0.9487,-0.0072,0.0955,0.4408,0.5523,0.7975,0.9985,0.5714,0.6155,0.1091,2.0411
M_MAMG,Mahindra Manulife Value Fund,81,44.22,Value Fund,525,,,0.0,,,,,,7.66,,0.1579,0.0272,,,0.0,0.9991,,0.311,,
M_SBICO,SBI Contra Fund,82,43.7,Contra Fund,4970,13.78,17.78,140.0,18.85,5.15,18.73,-12.48,0.4818,5.34,0.9437,-0.07,0.096,0.5239,0.337,0.8974,0.9517,0.6714,0.1673,0.0465,2.1241
M_BAJFI,Bajaj Finserv Multi Cap Fund,83,43.48,Multi Cap Fund,525,,,0.0,,,,,,5.49,,0.401,0.0342,,,0.0,0.9986,,0.4528,,
M_UNFL,Unifi Flexi Cap Fund,84,43.17,Flexi Cap Fund,427,,,0.0,,,,,,5.07,,0.0623,0.0356,,,0.0,0.9998,,0.1558,,
M_PGUG,PGIM India Multi Cap Fund,85,42.8,Multi Cap Fund,700,,,0.0,,,,,1.5912,4.75,0.8658,0.06,0.068,0.0557,,0.0,0.9996,,0.3047,0.3063,1.4252
M_UTMUL,UTI Multi Cap Fund,86,42.55,Multi Cap Fund,448,,,0.0,,,,,,3.66,,-0.035,0.0415,,,0.0,0.9979,,0.1863,,
M_CAPI,Capitalmind Flexi Cap Fund,87,42.27,Flexi Cap Fund,371,,,0.0,,,,,,0.77,,-0.3397,0.0293,,,0.0,0.9996,,0.6357,,
M_BAMU,Baroda BNP Paribas Multi Cap Fund,88,41.6,Multi Cap Fund,4970,17.2,15.71,140.0,16.78,4.18,16.34,-13.39,0.4782,3.14,0.9751,-0.0186,0.0737,0.5111,0.5623,0.8974,0.9966,0.7571,0.4373,0.1715,2.0476
M_JIOF,JioBlackRock Flexi Cap Fund,89,41.46,Flexi Cap Fund,301,,,0.0,,,,,,0.85,,-0.0917,0.052,,,0.0,0.9967,,,,
M_SBUC,SBI Flexicap Fund,90,41.41,Flexi Cap Fund,4970,10.55,10.02,140.0,16.6,7.57,15.87,-12.06,0.4975,0.46,0.9419,-0.004,0.0637,0.508,0.3204,0.8974,0.9771,0.6143,0.1915,-0.0341,2.1561
M_THEA,The Wealth Company Flexi Cap Fund,91,41.23,Flexi Cap Fund,301,,,0.0,,,,,,-0.56,,0.2025,0.0477,,,0.0,0.9998,,,,
M_ESEL,Navi Flexi Cap Fund,92,41.0,Flexi Cap Fund,2954,13.63,13.49,73.0,17.06,9.03,17.48,-13.4,0.4808,1.73,0.9537,0.0174,0.0755,0.3919,0.4022,0.8202,0.9997,0.4932,0.4291,0.0692,1.9459
M_DSPUP,DSP Multicap Fund,93,40.4,Multi Cap Fund,924,10.48,,7.0,1.81,1.84,4.51,-12.59,0.6096,2.19,0.9796,0.0789,0.0733,0.2839,0.5186,0.3043,0.997,0.5714,0.4224,0.193,1.7086
M_PRLF,Sundaram Focused Fund,94,40.4,Focused Fund,4970,12.33,11.46,140.0,15.49,6.48,14.74,-12.44,0.3208,2.78,0.9578,-0.0089,0.0661,0.506,0.4453,0.8974,0.9989,0.6643,0.0332,-0.0394,2.0318
M_PGAV,PGIM India Flexi Cap Fund,95,40.04,Flexi Cap Fund,4179,12.5,9.94,113.0,17.06,5.57,17.16,-13.32,0.4941,3.46,0.9499,-0.0033,0.072,0.4614,0.4004,0.876,0.9941,0.5664,0.2672,0.0825,1.9998
M_DSYE,DSP Flexi Cap Fund,96,40.01,Flexi Cap Fund,4970,13.87,11.72,140.0,16.92,6.34,16.29,-13.76,0.4352,2.03,0.9925,-0.0503,0.0801,0.487,0.427,0.8974,0.9876,0.8,0.2665,0.2685,1.9779
M_HDFSO,HDFC Focused Fund,97,39.7,Focused Fund,4970,17.66,20.28,140.0,17.71,5.24,16.88,-12.49,0.3415,4.78,0.9803,0.0217,0.0988,0.4946,0.432,0.8974,0.9721,0.6929,0.0767,0.1937,1.9634
M_NICY,Nippon India Focused Fund,98,39.55,Focused Fund,4970,12.23,12.75,140.0,18.8,6.58,17.68,-14.27,0.5509,0.77,0.9912,0.0099,0.0919,0.5481,0.3027,0.8974,0.9915,0.6643,0.317,0.532,2.0362
M_AXMM,Axis Flexi Cap Fund,99,37.78,Flexi Cap Fund,3192,16.16,10.87,81.0,15.47,6.4,15.26,-13.76,0.3065,2.95,0.881,0.0152,0.0766,0.4386,0.618,0.8351,0.9865,0.4691,0.2627,-0.0282,2.0398
M_NIML,Nippon India Multi Cap Fund,100,36.65,Multi Cap Fund,4970,15.96,19.71,140.0,18.52,5.07,18.03,-14.02,0.5383,1.12,0.9901,-0.023,0.0868,0.5252,0.3995,0.8974,0.9472,0.7214,0.2927,0.4496,2.0579
M_HSMY,HSBC Flexi Cap Fund,101,36.27,Flexi Cap Fund,4970,17.92,15.06,140.0,16.4,4.86,15.65,-14.22,0.6009,1.44,0.9899,-0.0068,0.081,0.485,0.5089,0.8974,0.9943,0.6929,0.3861,0.326,2.0257
M_SACO,Samco Multi Cap Fund,102,35.04,Multi Cap Fund,644,,,0.0,,,,,-0.8199,-5.72,0.8058,-0.0723,0.0994,-0.6862,,0.0,0.9998,,0.0478,-0.3453,0.8108
M_UTILO,UTI Value Fund,103,34.52,Value Fund,4970,14.87,13.0,140.0,15.33,5.45,14.87,-12.98,0.2751,2.55,0.9604,-0.0219,0.0712,0.4517,0.4492,0.8974,0.9903,0.7,0.0494,-0.0756,2.024
M_MIAU,Mirae Asset Focused Fund,104,33.0,Focused Fund,2646,9.26,8.3,63.0,16.98,6.82,14.91,-11.76,0.1752,1.78,0.9362,0.0535,0.0821,0.4127,0.2757,0.7975,0.9934,0.3492,0.0555,-0.0249,1.9608
M_MOI3,Motilal Oswal Flexi Cap Fund,105,32.39,Flexi Cap Fund,4487,21.99,13.92,124.0,15.16,3.52,14.82,-14.31,0.5173,0.75,0.9331,-0.0026,0.0775,0.5754,0.6488,0.8857,0.9861,0.5565,0.2359,0.2129,2.1483
M_UNMN,Union Flexi Cap Fund,106,32.28,Flexi Cap Fund,4970,13.53,12.38,140.0,14.44,5.34,13.94,-12.87,0.1793,2.81,0.9607,-0.018,0.0711,0.4317,0.4359,0.8974,0.9976,0.6214,0.2018,-0.1135,1.9932
M_TATUM,Tata Multicap Fund,107,31.79,Multi Cap Fund,1288,12.67,,19.0,7.02,5.87,3.95,-16.45,0.2793,-0.91,0.9209,0.0889,0.069,0.5638,0.5659,0.5429,0.9965,0.3684,0.422,0.0843,2.267
M_JMCR,JM Focused Fund,108,31.51,Focused Fund,4970,15.32,15.56,140.0,16.51,7.28,15.85,-14.99,0.3152,-0.53,1.0363,0.0179,0.0875,0.4305,0.4239,0.8974,0.9997,0.6714,0.143,0.7996,1.8085
M_ADTPV,Aditya Birla SL Value Fund,109,30.83,Value Fund,4970,17.47,16.33,140.0,18.72,6.13,17.67,-15.8,0.4904,-1.38,1.0037,-0.0018,0.1543,0.5579,0.324,0.8974,0.9933,0.7071,0.4924,0.8098,1.974
M_IDLV,Bandhan Value Fund,110,30.34,Value Fund,4970,12.61,15.03,140.0,19.68,5.4,19.67,-14.91,0.5082,0.54,0.9839,-0.0004,0.1173,0.4622,0.2455,0.8974,0.9899,0.7357,0.0681,0.4226,2.0528
M_DSOF,DSP Focused Fund,111,30.02,Focused Fund,4970,15.72,12.0,140.0,15.54,6.54,15.02,-13.58,0.2059,1.07,0.9918,-0.0116,0.0769,0.4191,0.4319,0.8974,0.9974,0.6214,0.1927,0.0818,1.9159
M_TEMO,Templeton India Value Fund,112,29.32,Value Fund,4970,12.24,15.5,140.0,17.56,4.74,17.25,-13.69,0.3367,1.6,0.9944,-0.0386,0.1022,0.457,0.2708,0.8974,0.998,0.7143,0.1122,0.2173,1.9297
M_MOI2,Motilal Oswal Focused Fund,113,28.02,Focused Fund,4837,15.41,11.64,135.0,13.43,5.52,12.47,-13.9,0.2516,0.81,0.9628,0.0112,0.0856,0.5326,0.4941,0.894,0.9983,0.5185,0.3501,0.0365,2.0643
M_UTIEY,UTI Flexi Cap Fund,114,25.63,Flexi Cap Fund,4970,10.96,6.98,140.0,14.73,6.05,13.99,-13.57,0.1834,0.49,0.9449,0.0175,0.0821,0.4401,0.3486,0.8974,0.976,0.5571,0.1766,-0.1438,1.9807
M_NJFL,NJ Flexi Cap Fund,115,24.39,Flexi Cap Fund,1071,11.56,,11.0,-1.83,-4.25,-1.31,-13.81,0.1057,1.23,1.0066,-0.15,0.1385,0.3788,0.4549,0.4074,0.9973,0.0,0.1995,0.0312,1.8194
M_BNP5,Baroda BNP Paribas Focused Fund,116,23.81,Focused Fund,3234,11.85,11.75,82.0,15.24,6.69,15.41,-13.92,-0.1215,0.8,0.9715,-0.0438,0.0808,0.2801,0.4037,0.8367,0.9993,0.5366,0.4161,-0.1089,1.7349
M_AXFO,Axis Focused Fund,117,23.78,Focused Fund,4970,12.99,6.78,140.0,14.8,7.29,14.43,-14.43,0.1862,-0.36,0.9616,-0.048,0.0972,0.4169,0.4058,0.8974,0.9887,0.6,0.1813,-0.0792,1.9141
M_IDFMM,Bandhan Flexi Cap Fund,118,23.76,Flexi Cap Fund,4970,13.56,11.82,140.0,15.3,5.11,14.35,-13.21,0.1953,0.05,0.9501,-0.055,0.0765,0.4425,0.4065,0.8974,0.9926,0.4,0.1701,-0.11,1.9789
M_BANV,Baroda BNP Paribas Value Fund,119,23.3,Value Fund,1162,11.46,,14.0,2.61,-0.41,-0.21,-13.31,-0.0412,-0.59,0.993,-0.0775,0.0828,0.4098,0.5794,0.4667,0.999,0.0,0.5169,-0.0121,1.9304
M_IDYS,Bandhan Focused Fund,120,22.04,Focused Fund,4970,16.42,13.6,140.0,14.83,3.82,14.45,-13.62,0.0839,1.04,0.9521,-0.0047,0.0791,0.4126,0.4924,0.8974,0.9979,0.5,0.0997,-0.1776,1.9524
M_IDB0,LIC MF Focused Fund,121,21.42,Focused Fund,3192,11.81,10.87,81.0,13.73,6.17,13.67,-14.03,-0.1213,0.65,0.9246,0.0021,0.073,0.3173,0.3908,0.8351,0.9998,0.3333,0.1367,-0.1841,1.8019
M_SUVY,Sundaram Value Fund,122,18.06,Value Fund,4970,8.61,9.8,140.0,14.18,5.34,13.65,-13.52,-0.0687,-1.08,0.9948,-0.0439,0.0797,0.353,0.2321,0.8974,0.9987,0.5071,0.0648,-0.083,1.8387
M_SHRP,Shriram Flexi Cap Fund,123,17.49,Flexi Cap Fund,2877,9.96,9.87,71.0,14.82,5.95,14.99,-13.12,-0.3104,-1.37,0.9821,-0.0542,0.0869,0.2986,0.3602,0.8161,0.9999,0.3239,0.1883,-0.1502,1.7752
M_QUTR,Quantum Value Fund,124,17.32,Value Fund,7455,12.35,11.31,221.0,14.5,5.3,15.32,-13.39,0.2196,0.01,0.974,0.0333,0.1164,0.4148,0.2347,0.9325,0.9989,0.6516,0.053,-0.5287,1.8743
M_LILU,LIC MF Flexi Cap Fund,125,15.88,Flexi Cap Fund,4970,14.62,12.27,140.0,11.82,3.71,11.28,-13.54,-0.1396,0.35,0.9801,-0.0747,0.0834,0.3416,0.4886,0.8974,0.9989,0.3429,0.3625,-0.2066,1.795
M_INUI,Groww Value Fund,126,15.0,Value Fund,3990,15.64,13.33,107.0,12.87,2.16,12.38,-13.43,-0.1705,1.42,0.96,0.0235,0.1209,0.3367,0.368,0.8699,0.9999,0.4953,0.0286,-0.2055,1.8066
M_TAHU,Taurus Flexi Cap Fund,127,10.94,Flexi Cap Fund,4970,12.94,11.37,140.0,11.69,1.77,11.06,-13.85,-0.4051,-2.17,1.0223,-0.0278,0.0883,0.263,0.3544,0.8974,0.9996,0.2571,0.0992,-0.0695,1.6645
M_SAMC,Samco Flexi Cap Fund,128,9.17,Flexi Cap Fund,1652,0.03,1.49,31.0,2.89,-7.7,1.4,-16.86,-0.8182,-10.11,1.1978,-0.24,0.1366,-0.1429,0.0011,0.6596,0.9997,0.0,0.5203,-0.3845,1.1429
