mfId,name,rank,score,data_days,cagr_3y,cagr_5y,n_windows,xirr_mean,xirr_p25,hold_ret,hold_dd,info_ratio,residual_alpha,downside_capture,rebound,ulcer,sortino,calmar,shrink_lambda,aum_factor,hold_vol,rel_dd,xirr_std,omega,return_adequacy,batting
M_BOIL,Bank of India Small Cap Fund,1,79.3,2793,24.24,21.84,68.0,32.93,14.33,32.81,-13.81,0.8033,10.54,0.7894,0.0908,0.081,0.8703,0.8553,0.8095,0.9959,32.67,0.3728,22.39,2.6633,26.43,0.8235
M_EDEC,Edelweiss Small Cap Fund,2,77.12,2744,18.18,19.54,66.0,30.98,15.15,31.42,-11.76,0.5639,7.2,0.8312,0.0201,0.0764,0.7729,0.5427,0.8049,0.9759,31.08,0.4408,19.99,2.5602,24.48,0.7576
M_INEP,Invesco India Smallcap Fund,3,76.5,2842,25.23,21.81,70.0,30.19,16.59,31.37,-13.56,0.6806,6.87,0.8196,0.0505,0.082,0.7145,0.7301,0.814,0.9484,28.34,0.4546,16.98,2.4464,23.69,0.7143
M_IDFM,Bandhan Small Cap Fund,4,75.2,2359,27.35,21.03,54.0,28.03,10.8,24.13,-13.83,0.4264,10.84,0.7583,0.0254,0.073,1.2853,1.2158,0.7714,0.9115,27.37,0.2959,18.83,3.0091,21.53,0.7778
M_UTSSA,UTI Small Cap Fund,5,74.35,2058,17.05,17.58,44.0,18.43,10.48,17.34,-13.09,-0.0779,3.03,0.7796,-0.0359,0.0616,0.8184,0.8058,0.7333,0.9837,16.3,0.2783,11.51,2.5097,11.93,0.5455
M_AXMC,Axis Small Cap Fund,6,70.22,4641,17.75,18.06,129.0,20.63,11.09,19.84,-12.68,0.4787,7.28,0.7264,-0.0056,0.0652,0.7416,0.5269,0.8897,0.9132,21.49,0.4431,14.59,2.6788,14.13,0.7048
M_TASC,Tata Small Cap Fund,7,70.03,2828,13.43,16.22,69.0,29.6,17.27,30.24,-13.44,0.3833,5.73,0.7674,0.0014,0.095,0.6622,0.4145,0.8118,0.9543,31.93,0.4262,20.08,2.3233,23.1,0.6377
M_PGSE,PGIM India Small Cap Fund,8,66.2,1841,18.25,15.32,37.0,15.66,10.27,16.0,-12.55,-0.0749,2.19,0.788,0.0019,0.0768,0.5071,0.8268,0.6981,1.0033,12.89,0.2904,8.65,1.9821,9.16,0.3514
M_CANM,Canara Rob Small Cap Fund,9,64.76,2737,15.46,17.96,66.0,30.93,13.15,30.87,-11.9,0.2762,4.5,0.8503,-0.003,0.0827,0.687,0.4569,0.8049,0.9492,32.69,0.4452,22.94,2.3803,24.43,0.6364
M_MAAI,Mahindra Manulife Small Cap Fund,10,61.93,1337,22.39,,20.0,13.23,5.46,4.75,-18.73,0.9708,7.92,0.7376,0.0263,0.0819,1.1665,0.8717,0.5556,0.9846,9.06,0.3379,11.71,2.9583,6.73,1.0
M_QUUS,Quantum Small Cap Fund,11,59.39,1015,13.68,,10.0,7.07,4.86,7.83,-11.98,-0.2689,2.02,0.6739,-0.0457,0.0543,0.4965,0.7769,0.3846,1.0175,4.19,0.2316,3.44,1.9884,0.57,1.0
M_MOON,Motilal Oswal Small Cap Fund,12,57.96,959,23.54,,8.0,9.66,5.84,10.13,-14.38,1.4468,12.84,0.6568,0.158,0.078,0.7683,1.0525,0.3333,0.972,8.46,0.2942,5.42,2.3474,3.16,1.0
M_ITIM,ITI Small Cap Fund,13,55.62,2366,26.74,20.47,54.0,23.06,8.9,20.18,-14.61,0.0665,2.37,0.8736,0.0667,0.1066,0.6529,0.7304,0.7714,0.9927,26.02,0.4816,17.63,2.3388,16.56,0.7407
M_SBILM,SBI Small Cap Fund,14,54.95,4970,13.84,16.23,140.0,25.52,10.92,24.5,-13.75,0.307,4.73,0.7585,-0.0191,0.1045,0.8071,0.3788,0.8974,0.8964,28.86,0.4808,20.97,2.4713,19.02,0.6095
M_JMPT,JM Small Cap Fund,15,48.32,784,,,2.0,10.81,10.56,16.15,-17.88,0.8579,4.97,0.9425,0.1041,0.1058,0.2135,,0.1111,1.0113,,0.3135,0.72,1.4467,4.31,
M_NIMS,Nippon India Small Cap Fund,16,45.76,4970,17.9,21.05,140.0,27.5,9.85,25.93,-15.6,0.7241,4.96,0.8559,0.044,0.1157,0.8074,0.3955,0.8974,0.88,32.1,0.5952,24.21,2.3675,21.0,0.9429
M_MIPA,Mirae Asset Small Cap Fund,17,45.43,553,,,0.0,,,,,0.5413,8.81,0.5993,-0.0696,0.0422,1.3655,,0.0,0.9839,,0.158,,3.2613,,
M_BARDN,Baroda BNP Paribas Small Cap Fund,18,45.39,1015,14.88,,10.0,2.0,-0.43,3.76,-13.99,-0.1742,1.23,0.7964,-0.0177,0.0886,0.482,0.6134,0.3846,1.0071,6.08,0.3191,3.83,1.8982,-4.5,0.9
M_BAJFP,Bajaj Finserv Small Cap Fund,19,43.17,385,,,0.0,,,,,,7.09,,0.0615,0.0469,,,0.0,0.9982,,0.17,,,,
M_HDFSU,HDFC Small Cap Fund,20,42.55,4970,13.23,17.12,140.0,21.7,9.67,21.61,-14.55,0.2524,1.17,0.8523,-0.0049,0.0977,0.6124,0.291,0.8974,0.8939,28.23,0.5983,19.21,2.2349,15.2,0.6952
M_TRMU,TRUSTMF Small Cap Fund,21,41.47,644,,,0.0,,,,,2.1379,15.47,0.7883,0.074,0.0848,0.4923,,0.0,0.9957,,0.3052,,1.8204,,
M_KOSM,Kotak Small Cap Fund,22,39.66,4970,14.21,14.94,140.0,23.07,8.31,22.66,-14.53,0.5001,4.59,0.825,-0.0064,0.106,0.597,0.3661,0.8974,0.9336,31.55,0.5105,22.06,2.13,16.57,0.7333
M_DSPSM,DSP Small Cap Fund,23,36.85,4970,19.29,19.55,140.0,24.38,9.11,23.06,-15.38,0.5765,4.33,0.8604,0.0258,0.1328,0.6839,0.4111,0.8974,0.9312,29.78,0.6172,23.59,2.2326,17.88,0.6857
M_ICCDS,ICICI Pru Smallcap Fund,24,33.67,4970,13.85,16.28,140.0,19.23,4.55,19.3,-14.34,0.4492,4.8,0.8078,-0.0119,0.1081,0.5583,0.3252,0.8974,0.9649,28.55,0.56,19.54,2.193,12.73,0.7333
M_FRSM,Franklin India Small Cap Fund,25,31.25,4970,15.96,18.65,140.0,22.43,5.4,21.5,-14.63,0.2907,1.37,0.8469,0.0077,0.1189,0.6534,0.3313,0.8974,0.9484,30.55,0.6337,22.6,2.2667,15.93,0.6571
M_UNSL,Union Small Cap Fund,26,30.72,4445,19.78,19.03,122.0,17.68,5.05,18.58,-16.23,0.5144,4.85,0.8165,0.0294,0.1214,0.5049,0.4855,0.8841,0.998,26.25,0.536,19.22,2.0141,11.18,0.7048
M_QUNF,Quant Small Cap Fund,27,26.09,4963,19.01,21.24,139.0,22.22,4.69,23.34,-12.1,0.7596,8.41,0.891,0.0421,0.0933,0.6496,0.4336,0.8968,0.9066,41.95,0.5769,30.82,2.4935,15.72,0.9048
M_LTES,HSBC Small Cap Fund,28,25.19,4473,16.74,19.51,123.0,21.64,5.82,22.37,-16.35,0.4146,1.35,0.8717,-0.0257,0.1304,0.5946,0.3418,0.8849,0.9372,31.55,0.6441,22.41,2.1905,15.14,0.6476
M_IDIS,LIC MF Small Cap Fund,29,23.15,3339,20.37,19.88,86.0,20.41,2.48,21.95,-16.25,0.3662,2.88,0.8625,-0.0369,0.1294,0.4548,0.4784,0.8431,1.0124,30.43,0.5601,22.02,1.9167,13.91,0.6512
M_SUNSP,Sundaram Small Cap Fund,30,19.16,4970,19.41,18.72,140.0,21.65,7.3,21.03,-17.38,0.4341,2.5,0.8718,-0.006,0.1669,0.5137,0.3597,0.8974,0.9906,33.56,0.7097,24.55,1.9289,15.15,0.6286
M_ADICM,Aditya Birla SL Small Cap Fund,31,17.67,4970,17.76,15.99,140.0,19.25,5.06,19.17,-16.97,0.1527,-1.43,0.9048,-0.0023,0.1526,0.5233,0.3196,0.8974,0.9807,30.06,0.731,21.08,1.9627,12.75,0.4381
