asof,n,cagr_1y,cagr_3y,calmar,capture_spread,downside_capture,equity_beta,gold_down_part,hit_rate,hold_dd,hold_ret,info_ratio,n_windows,omega,rebound,rel_dd,residual_alpha,return_adequacy,silver_beta,sortino,style_drift,style_purity,swing_elasticity,ulcer,upside_capture,xirr_mean,xirr_p25,xirr_std
2016-01-01,38,0.36667031403873507,0.6,0.026769626769626777,0.46274209432104163,-0.5581573476310319,0.39533865849655325,-0.563190721085458,0.6294433168641536,-0.17065637065637068,0.6429858429858429,0.6419739577634315,0.38990343801005317,0.027683553999343476,0.31983805668016196,-0.5848561111719007,,0.6741312741312742,,0.27278695699748334,,,0.7041251778093883,-0.568224094539884,0.6750191487033592,0.6741312741312742,0.6537966537966539,-0.52998712998713
2016-07-01,39,-0.1425101214574899,0.02773826458036984,0.02299668089141773,0.015866068497647445,-0.03424882372250793,0.04797570850202429,0.053643724696356275,-0.1258127294000341,0.1027464711675238,0.12200459568880621,0.0990261516577306,0.07901893861678295,-0.100120363278258,0.09008097165991902,-0.005668016194331983,,0.1027464711675238,,-0.05547652916073969,,,0.09271255060728746,-0.031983805668016195,0.01980523033154612,0.1027464711675238,0.06007221796695481,-0.2633767370609476
2017-01-01,39,-0.17874493927125507,-0.22464164569427728,-0.14695262063683115,-0.1459514170040486,0.30182186234817815,-0.22064777327935223,0.3202429149797571,-0.35692992209750257,0.2666593719225298,-0.12331764963343911,-0.13421052631578947,0.00516042048109603,-0.10870445344129555,-0.04352226720647774,0.244331983805668,,-0.0966188860925703,,-0.22732793522267206,,,-0.25870445344129556,0.23765182186234818,-0.2293522267206478,-0.0966188860925703,-0.26403326403326405,-0.032498085129664074
2017-07-01,40,-0.04784240150093809,-0.2962030856767699,-0.18328044643834118,-0.23658536585365858,0.40375234521575987,-0.225515947467167,0.4251407129455911,-0.35535757074948376,0.3236842105263158,-0.16376518218623481,-0.22195121951219515,-0.070283221095765,-0.18893058161350848,0.038086303939962485,0.3110694183864916,,-0.252834008097166,,-0.2022514071294559,,,-0.3872420262664166,0.31313320825515956,-0.32045028142589127,-0.252834008097166,-0.21781376518218623,0.2382591093117409
2018-01-01,40,-0.13095684803001878,-0.19453441295546559,-0.1360323886639676,-0.18893058161350848,0.23489681050656663,-0.08105065666041278,0.2669793621013134,-0.19954411796421723,0.23189493433395875,-0.016135084427767357,-0.20000000000000004,-0.10400783121832968,-0.18742964352720454,0.09324577861163227,0.21519699812382742,,-0.1532833020637899,,-0.10393996247654785,,,-0.20487804878048785,0.23602251407129457,-0.15816135084427768,-0.1532833020637899,-0.0005628517823639776,0.22145748987854252
2018-07-01,41,0.10818815331010455,0.13808630393996252,0.09380863039399626,0.1178236397748593,-0.14671669793621014,0.11777003484320561,-0.1334494773519164,0.03976319839815116,-0.049718574108818026,0.17016885553470923,0.10656660412757975,-0.09319562204290252,0.02626641651031895,0.16898954703832755,-0.09163763066202091,,0.13095684803001878,,-0.018011257035647283,,,0.11080139372822301,-0.06445993031358886,0.20168855534709193,0.13095684803001878,0.150281425891182,-0.075046904315197
2019-01-01,41,-0.10487804878048783,-0.06491557223264542,-0.2232645403377111,0.40871080139372834,-0.402439024390244,0.23919860627177705,-0.42282229965156803,0.29577139780260137,-0.23245778611632273,0.35234521575984995,0.3005226480836237,-0.020402284825608387,0.16411149825783974,0.17560975609756102,-0.2733449477351917,,0.36810506566604134,,0.23397212543554013,,,0.3595818815331011,-0.2726480836236934,0.4461672473867597,0.36810506566604134,0.249718574108818,-0.37786116322701696
2019-07-01,42,-0.3861113361964184,-0.38066202090592344,-0.4677700348432057,0.2973016773357102,-0.4661696783080787,0.20395429867919945,-0.40734138238392353,0.20427017189686605,-0.3252613240418119,0.3465156794425088,0.262620533182076,0.04777225738965483,-0.15744267077222268,-0.3209626448423953,-0.25435540069686413,,0.37560975609756103,,-0.03524835912810955,,,0.3883801960943198,-0.40312778543067823,0.40620695243497285,0.37560975609756103,0.20749128919860632,-0.47595818815331015
2020-01-01,43,-0.32361824222289337,-0.3973867595818817,-0.4060975609756099,0.1963374118791022,-0.2765578154120412,-0.04983388704318937,-0.22848082150407728,-0.0036602906292018474,-0.33205574912891994,-0.024041811846689902,0.08613564540961026,-0.21331713314472858,-0.14123652864435624,-0.23572938689217757,-0.1407429779522803,-0.12247055270311084,0.06829268292682927,,-0.133133457580423,,0.4591093117408907,0.15931742675928723,-0.3038356991845364,0.2527347864840775,0.06829268292682927,-0.35313588850174227,-0.23885017421602792
2020-07-01,44,-0.06384778012684988,-0.2689409286119439,-0.2644032088161413,0.001359106010268801,-0.15252189670794322,-0.15828047921071173,0.008315715292459478,-0.157419051529961,-0.1926099991896929,-0.25759662912243747,-0.10344306855934764,-0.14016100003651752,-0.1038961038961039,-0.21663143058491896,-0.18576462297392532,-0.0635658914728682,-0.17851065553844908,,-0.13500453035336754,-0.0916138125440451,0.28019732205778713,-0.016349541930937277,-0.18139534883720929,0.04409543944427666,-0.17851065553844908,-0.35677821894498013,-0.008670286038408557
2021-01-01,46,0.03916127042861548,0.03362774491532291,0.035734543391945546,-0.23128964059196616,-0.020436927413671594,-0.1261177921677459,0.12007400555041627,-0.26026680127343055,0.07399577167019027,-0.3254303835699185,-0.1835095137420719,-0.09141738749047071,0.05581395348837209,-0.18902251002158496,-0.07628738822078322,-0.01165587419056429,-0.30353367562669886,,-0.08019732205778717,-0.1227931488801054,0.014246068455134134,-0.04101140918902251,-0.012765957446808512,-0.1596899224806201,-0.30353367562669886,-0.2349743279975838,0.12564180006040473
2021-07-01,49,0.20285714285714282,0.1383267894895802,0.08154636061612806,-0.1506730351715154,0.013460703430308293,-0.16224489795918365,0.0683673469387755,-0.08331865054613205,0.07047216349541931,-0.13319238900634248,-0.04190186712983066,0.03847600080317798,0.057642205818497605,-0.12693877551020408,-0.06499999999999999,-0.026836734693877547,-0.19267089499647638,,-0.05720798957881025,-0.08979591836734693,0.21795918367346936,-0.05183673469387754,0.04479591836734693,-0.09976118106817196,-0.19267089499647638,-0.16758280479210713,0.08794926004228329
2022-01-01,50,0.09013205282112843,-0.12476943346508562,-0.061264822134387345,-0.04510204081632652,-0.19520408163265304,-0.02559423769507803,-0.05911164465786314,0.17510216210050944,-0.07271045328399629,0.031637372802960216,-0.008877551020408162,0.1361832046675672,-0.13061224489795917,-0.32999591836446573,-0.15918367346938775,-0.21709483793517406,0.04779525131051495,,-0.08520408163265306,-0.12797118847539016,0.2063385354141657,0.23582232893157262,-0.22160864345738293,0.01540816326530612,0.04779525131051495,-0.14646931853222325,-0.09861239592969472
2022-07-01,51,-0.11828054298642533,0.20310464611376464,0.12548849326964828,0.1007923169267707,-0.07582232893157262,-0.1623529411764706,-0.03963800904977375,0.1893850533713756,-0.11102040816326529,0.11224489795918366,0.1460264105642257,-0.040649148900231774,-0.023385354141656663,-0.1908597285067873,-0.02280542986425339,-0.11773755656108596,0.08051020408163265,,0.044897959183673466,-0.20615384615384613,0.3966515837104072,0.16099547511312215,-0.2176470588235294,0.1063625450180072,0.08051020408163265,-0.10367346938775508,-0.2477551020408163
2023-01-01,51,0.07746606334841628,0.05448979591836734,-0.01908163265306122,0.21285067873303165,-0.13420814479638007,-0.15402714932126693,-0.0776470588235294,0.08838930373600899,-0.15659063625450179,0.16533013205282113,0.10570135746606334,-0.09968536649157553,-0.06923076923076923,-0.1410859728506787,-0.08090497737556561,-0.10153846153846154,0.13978391356542613,,-0.031221719457013575,-0.1527601809954751,0.3908597285067873,0.16054298642533937,-0.25619909502262445,0.21809954751131222,0.13978391356542613,-0.02674669867947179,-0.14631452581032411
2023-07-01,51,0.2813574660633484,0.127875150060024,-0.1078031212484994,0.1776470588235294,-0.09303167420814477,0.01773755656108597,-0.2358371040723982,0.0298284539482289,-0.09257918552036198,0.10796380090497736,0.1767420814479638,0.15591406072207084,-0.041176470588235294,0.06343891402714932,-0.2642533936651583,-0.16009049773755657,0.026334841628959275,,-0.008597285067873302,-0.07737556561085972,0.37058823529411766,0.22027149321266967,-0.2099547511312217,0.192579185520362,0.026334841628959275,-0.04488687782805429,-0.07429864253393666
2024-01-01,54,0.21616161616161614,0.196289592760181,0.013665158371040724,0.11438914027149322,0.07013574660633484,0.1673718315227749,-0.1679817038307604,-0.020817305708439763,0.11945701357466063,0.1465158371040724,0.24669683257918554,0.2703465315671385,0.118552036199095,0.16417000190585093,-0.2622069754145225,-0.07169811320754715,0.09547511312217195,,0.0395475113122172,-0.10457990646669892,0.22546216885839523,0.11172098341909661,-0.00461215932914046,0.11511312217194569,0.09547511312217195,0.16479638009049774,0.01773755656108597
2024-07-01,55,0.4368686868686869,0.29610859728506783,0.20389140271493214,0.5054112554112555,0.09942279942279944,-0.009235209235209237,-0.28535353535353536,0.1911485210109546,0.1370135746606335,0.4249773755656108,0.37344877344877353,-0.11304983582090174,0.3527417027417028,-0.07294372294372296,0.07503607503607505,0.24487734487734494,0.44769230769230767,,0.29776334776334784,-0.03282828282828284,0.38340548340548347,0.2578643578643579,0.01760461760461761,0.457864357864358,0.44769230769230767,0.37167420814479635,-0.11294117647058824
