timestamp,Altiva Equity Ex-Top 100 Long-Short Fund,Altiva Hybrid Long-Short Fund,Apex Equity Ex-Top 100 Long-Short Fund,Apex Equity Long-Short Fund,Apex Hybrid Long-Short Fund,Arthaya Equity Long Short Fund,Arudha Equity Long-Short Fund,Arudha Hybrid Long-Short Fund,Diviniti Equity Long Short Fund,DynaSIF Active Asset Allocator Long-Short Fund,DynaSIF Equity Ex-Top 100 Long-Short Fund,DynaSIF Equity Long-Short Fund,Infinity Hybrid Long-Short Fund,Magnum Equity Ex-Top 100 Long-Short Fund,Magnum Hybrid Long Short Fund,Platinum Hybrid Long-Short Fund,Prism Hybrid Long-Short Fund,Qsif Active Asset Allocator Long-Short Fund,Qsif Equity Ex-Top 100 Long-Short Fund,Qsif Equity Long-Short Fund,Qsif Hybrid Long-Short Fund,Qsif Sector Rotation Long-Short Fund,RedHex Hybrid Long-Short Fund,Sapphire Equity Long-Short SIF,Summit Equity Long-Short Fund,Titanium Equity Long-Short Fund,Titanium Hybrid Long-Short Fund,WSIF Equity Ex-Top 100 Long-Short Fund,WSIF Equity Long-Short Fund,iSIF Active Asset Allocator Long-Short Fund,iSIF Equity Ex-Top 100 Long-Short Fund,iSIF Equity Long-Short Fund,iSIF Hybrid Long-Short Fund
2025-10-07 00:00:00+00:00,,,,,,,,,,,,,,,,,,,,,,,,,,,,,,,,,
2025-10-08 00:00:00+00:00,,,,,,,,,,,,,,,,,,,,,,,,,,,,,,,,,
2025-10-09 00:00:00+00:00,,,,,,,,,,,,,,,,,,,,,,,,,,,,,,,,,
2025-10-10 00:00:00+00:00,,,,,,,,,,,,,,,,,,,,,,,,,,,,,,,,,
2025-10-13 00:00:00+00:00,,,,,,,,,,,,,,,,,,,,,,,,,,,,,,,,,
2025-10-14 00:00:00+00:00,,,,,,,,,,,,,,,,,,,,,,,,,,,,,,,,,
2025-10-15 00:00:00+00:00,,,,,,,,,,,,,,,,,,,,,,,,,,,,,,,,,
2025-10-16 00:00:00+00:00,,,,,,,,,,,,,,,,,,,,,,,,,,,,,,,,,
2025-10-17 00:00:00+00:00,,,,,,,,,,,,,,,,,,,,,,,,,,,,,,,,,
2025-10-20 00:00:00+00:00,,,,,,,,,,,,,,,,,,,,,,,,,,,,,,,,,
2025-10-23 00:00:00+00:00,,,,,,,,,,,,,,,,,,,,,,,,,,,,,,,,,
2025-10-24 00:00:00+00:00,,,,,,,,,,,,,,,,,,,,,,,,,,,,,,,,,
2025-10-27 00:00:00+00:00,,,,,,,,,,,,,,,,,,,,,,,,,,,,,,,,,
2025-11-10 00:00:00+00:00,,,,,,,,,,,,,,,,,,,,,,,,,,,,,,,,,
2025-11-11 00:00:00+00:00,,,,,,,,,,,,,,,,,,,,,,,,,,,,,,,,,
2025-11-12 00:00:00+00:00,,,,,,,,,,,,,,,,,,,,,,,,,,,,,,,,,
2025-11-13 00:00:00+00:00,,,,,,,,,,,,,,,,,,,,,,,,,,,,,,,,,
2025-11-14 00:00:00+00:00,,,,,,,,,,,,,,,,,,,,,,,,,,,,,,,,,
2025-11-17 00:00:00+00:00,,,,,,,,,,,,,,,,,,,,,,,,,,,,,,,,,
2025-11-18 00:00:00+00:00,,,,,,,,,,,,,,,,,,,,,,,,,,,,,,,,,
2025-11-19 00:00:00+00:00,,,,,,,,,,,,,,,,,,,,,,,,,,,,,,,,,
2025-11-20 00:00:00+00:00,,,,,,,,,,,,,,,,,,,,,,,,,,,,,,,,,
2025-11-21 00:00:00+00:00,,,,,,,,,,,,,,,,,,,,,,,,,,,,,,,,,
2025-11-24 00:00:00+00:00,,,,,,,,,,,,,,,,,,,,,,,,,,,,,,,,,
2025-11-25 00:00:00+00:00,,,,,,,,,,,,,,,,,,,,,,,,,,,,,,,,,
2025-11-26 00:00:00+00:00,,,,,,,,,,,,,,,,,,,,,,,,,,,,,,,,,
2025-11-27 00:00:00+00:00,,,,,,,,,,,,,,,,,,,,,,,,,,,,,,,,,
2025-11-28 00:00:00+00:00,,,,,,,,,,,,,,,,,,,,,,,,,,,,,,,,,
2025-12-01 00:00:00+00:00,,,,,,,,,,,,,,,,,,,,,,,,,,,,,,,,,
2025-12-02 00:00:00+00:00,,,,,,,,,,,,,,,,,,,,,,,,,,,,,,,,,
2025-12-03 00:00:00+00:00,,,,,,,,,,,,,,,,,,,,,,,,,,,,,,,,,
2025-12-04 00:00:00+00:00,,,,,,,,,,,,,,,,,,,,,,,,,,,,,,,,,
2025-12-05 00:00:00+00:00,,,,,,,,,,,,,,,,,,,,,,,,,,,,,,,,,
2025-12-08 00:00:00+00:00,,,,,,,,,,,,,,,,,,,,,,,,,,,,,,,,,
2025-12-09 00:00:00+00:00,,,,,,,,,,,,,,,,,,,,,,,,,,,,,,,,,
2025-12-10 00:00:00+00:00,,,,,,,,,,,,,,,,,,,,,,,,,,,,,,,,,
2025-12-11 00:00:00+00:00,,,,,,,,,,,,,,,,,,,,,,,,,,,,,,,,,
2025-12-12 00:00:00+00:00,,,,,,,,,,,,,,,,,,,,,,,,,,,,,,,,,
2025-12-15 00:00:00+00:00,,,,,,,,,,,,,,,,,,,,,,,,,,,,,,,,,
2025-12-16 00:00:00+00:00,,,,,,,,,,,,,,,,,,,,,,,,,,,,,,,,,
2025-12-17 00:00:00+00:00,,,,,,,,,,,,,,,,,,,,,,,,,,,,,,,,,
2025-12-18 00:00:00+00:00,,,,,,,,,,,,,,,,,,,,,,,,,,,,,,,,,
2025-12-19 00:00:00+00:00,,,,,,,,,,,,,,,,,,,,,,,,,,,,,,,,,
2025-12-22 00:00:00+00:00,,,,,,,,,,,,,,,,,,,,,,,,,,,,,,,,,
2025-12-23 00:00:00+00:00,,,,,,,,,,,,,,,,,,,,,,,,,,,,,,,,,
2025-12-24 00:00:00+00:00,,,,,,,,,,,,,,,,,,,,,,,,,,,,,,,,,
2025-12-26 00:00:00+00:00,,,,,,,,,,,,,,,,,,,,,,,,,,,,,,,,,
2025-12-29 00:00:00+00:00,,,,,,,,,,,,,,,,,,,,,,,,,,,,,,,,,
2025-12-30 00:00:00+00:00,,,,,,,,,,,,,,,,,,,,,,,,,,,,,,,,,
2025-12-31 00:00:00+00:00,,,,,,,,,,,,,,,,,,,,,,,,,,,,,,,,,
2026-01-01 00:00:00+00:00,,,,,,,,,,,,,,,,,,,,,,,,,,,,,,,,,
2026-01-02 00:00:00+00:00,,,,,,,,,,,,,,,,,,,,,,,,,,,,,,,,,
2026-01-05 00:00:00+00:00,,,,,,,,,,,,,,,,,,,,,,,,,,,,,,,,,
2026-01-06 00:00:00+00:00,,,,,,,,,,,,,,,,,,,,,,,,,,,,,,,,,
2026-01-07 00:00:00+00:00,,,,,,,,,,,,,,,,,,,,,,,,,,,,,,,,,
2026-01-08 00:00:00+00:00,,,,,,,,,,,,,,,,,,,,,,,,,,,,,,,,,
2026-01-09 00:00:00+00:00,,,,,,,,,,,,,,,,,,,,,,,,,,,,,,,,,
2026-01-12 00:00:00+00:00,,,,,,,,,,,,,,,,,,,,,,,,,,,,,,,,,
2026-01-13 00:00:00+00:00,,,,,,,,,,,,,,,,,,,,,,,,,,,,,,,,,
2026-01-14 00:00:00+00:00,,,,,,,,,,,,,,,,,,,,,,,,,,,,,,,,,
2026-01-16 00:00:00+00:00,,,,,,,,,,,,,,,,,,,,,,,,,,,,,,,,,
2026-01-19 00:00:00+00:00,,,,,,,,,,,,,,,,,,,,,,,,,,,,,,,,,
2026-01-20 00:00:00+00:00,,,,,,,,,,,,,,,,,,,,,,,,,,,,,,,,,
2026-01-21 00:00:00+00:00,,,,,,,,,,,,,,,,,,,,,,,,,,,,,,,,,
2026-01-22 00:00:00+00:00,,,,,,,,,,,,,,,,,,,,,,,,,,,,,,,,,
2026-01-23 00:00:00+00:00,,,,,,,,,,,,,,,,,,,,,,,,,,,,,,,,,
2026-01-27 00:00:00+00:00,,,,,,,,,,,,,,,,,,,,,,,,,,,,,,,,,
2026-01-28 00:00:00+00:00,,,,,,,,,,,,,,,,,,,,,,,,,,,,,,,,,
2026-01-29 00:00:00+00:00,,,,,,,,,,,,,,,,,,,,,,,,,,,,,,,,,
2026-01-30 00:00:00+00:00,,,,,,,,,,,,,,,,,,,,,,,,,,,,,,,,,
2026-02-02 00:00:00+00:00,,,,,,,,,,,,,,,,,,,,,,,,,,,,,,,,,
2026-02-03 00:00:00+00:00,,,,,,,,,,,,,,,,,,,,,,,,,,,,,,,,,
2026-02-04 00:00:00+00:00,,,,,,,,,,,,,,,,,,,,,,,,,,,,,,,,,
2026-02-05 00:00:00+00:00,,,,,,,,,,,,,,,,,,,,,,,,,,,,,,,,,
2026-02-06 00:00:00+00:00,,,,,,,,,,,,,,,,,,,,,,,,,,,,,,,,,
2026-02-09 00:00:00+00:00,,,,,,,,,,,,,,,,,,,,,,,,,,,,,,,,,
2026-02-10 00:00:00+00:00,,,,,,,,,,,,,,,,,,,,,,,,,,,,,,,,,
2026-02-11 00:00:00+00:00,,,,,,,,,,,,,,,,,,,,,,,,,,,,,,,,,
2026-02-12 00:00:00+00:00,,,,,,,,,,,,,,,,,,,,,,,,,,,,,,,,,
2026-02-13 00:00:00+00:00,,,,,,,,,,,,,,,,,,,,,,,,,,,,,,,,,
2026-02-16 00:00:00+00:00,,,,,,,,,,,,,,,,,,,,,,,,,,,,,,,,,
2026-02-17 00:00:00+00:00,,,,,,,,,,,,,,,,,,,,,,,,,,,,,,,,,
2026-02-18 00:00:00+00:00,,,,,,,,,,,,,,,,,,,,,,,,,,,,,,,,,
2026-02-19 00:00:00+00:00,,,,,,,,,,,,,,,,,,,,,,,,,,,,,,,,,
2026-02-20 00:00:00+00:00,,,,,,,,,,,,,,,,,,,,,,,,,,,,,,,,,
2026-02-23 00:00:00+00:00,,,,,,,,,,,,,,,,,,,,,,,,,,,,,,,,,
2026-02-24 00:00:00+00:00,,,,,,,,,,,,,,,,,,,,,,,,,,,,,,,,,
2026-02-25 00:00:00+00:00,,,,,,,,,,,,,,,,,,,,,,,,,,,,,,,,,
2026-02-26 00:00:00+00:00,,,,,,,,,,,,,,,,,,,,,,,,,,,,,,,,,
2026-02-27 00:00:00+00:00,,,,,,,,,,,,,,,,,,,,,,,,,,,,,,,,,
2026-03-02 00:00:00+00:00,,,,,,,,,,,,,,,,,,,,,,,,,,,,,,,,,
2026-03-04 00:00:00+00:00,,,,,,,,,,,,,,,,,,,,,,,,,,,,,,,,,
2026-03-05 00:00:00+00:00,,,,,,,,,,,,,,,,,,,,,,,,,,,,,,,,,
2026-03-06 00:00:00+00:00,,,,,,,,,,,,,,,,,,,,,,,,,,,,,,,,,
2026-03-09 00:00:00+00:00,,,,,,,,,,,,,,,,,,,,,,,,,,,,,,,,,
2026-03-10 00:00:00+00:00,,,,,,,,,,,,,,,,,,,,,,,,,,,,,,,,,
2026-03-11 00:00:00+00:00,,,,,,,,,,,,,,,,,,,,,,,,,,,,,,,,,
2026-03-12 00:00:00+00:00,,,,,,,,,,,,,,,,,,,,,,,,,,,,,,,,,
2026-03-13 00:00:00+00:00,,,,,,,,,,,,,,,,,,,,,,,,,,,,,,,,,
2026-03-16 00:00:00+00:00,,,,,,,,,,,,,,,,,,,,,,,,,,,,,,,,,
2026-03-17 00:00:00+00:00,,,,,,,,,,,,,,,,,,,,,,,,,,,,,,,,,
2026-03-18 00:00:00+00:00,,,,,,,,,,,,,,,,,,,,,,,,,,,,,,,,,
2026-03-19 00:00:00+00:00,,,,,,,,,,,,,,,,,,,,,,,,,,,,,,,,,
2026-03-20 00:00:00+00:00,,,,,,,,,,,,,,,,,,,,,,,,,,,,,,,,,
2026-03-23 00:00:00+00:00,,,,,,,,,,,,,,,,,,,,,,,,,,,,,,,,,
2026-03-24 00:00:00+00:00,,,,,,,,,,,,,,,,,,,,,,,,,,,,,,,,,
2026-03-25 00:00:00+00:00,,,,,,,,,,,,,,,,,,,,,,,,,,,,,,,,,
2026-03-27 00:00:00+00:00,,,,,,,,,,,,,,,,,,,,,,,,,,,,,,,,,
2026-03-30 00:00:00+00:00,,,,,,,,,,,,,,,,,,,,,,,,,,,,,,,,,
2026-03-31 00:00:00+00:00,,,,,,,,,,,,,,,,,,,,,,,,,,,,,,,,,
2026-04-01 00:00:00+00:00,,,,,,,,,,,,,,,,,,,,,,,,,,,,,,,,,
2026-04-02 00:00:00+00:00,,,,,,,,,,,,,,,,,,,,,,,,,,,,,,,,,
2026-04-06 00:00:00+00:00,,,,,,,,,,,,,,,,,,,,,,,,,,,,,,,,,
2026-04-07 00:00:00+00:00,,,,,,,,,,,,,,,,,,,,,,,,,,,,,,,,,
2026-04-08 00:00:00+00:00,,,,,,,,,,,,,,,,,,,,,,,,,,,,,,,,,
2026-04-09 00:00:00+00:00,,,,,,,,,,,,,,,,,,,,,,,,,,,,,,,,,
2026-04-10 00:00:00+00:00,,,,,,,,,,,,,,,,,,,,,,,,,,,,,,,,,
2026-04-13 00:00:00+00:00,,,,,,,,,,,,,,,,,,,,,,,,,,,,,,,,,
2026-04-15 00:00:00+00:00,,,,,,,,,,,,,,,,,,,,,,,,,,,,,,,,,
2026-04-16 00:00:00+00:00,,,,,,,,,,,,,,,,,,,,,,,,,,,,,,,,,
2026-04-17 00:00:00+00:00,,,,,,,,,,,,,,,,,,,,,,,,,,,,,,,,,
2026-04-20 00:00:00+00:00,,,,,,,,,,,,,,,,,,,,,,,,,,,,,,,,,
2026-04-21 00:00:00+00:00,,,,,,,,,,,,,,,,,,,,,,,,,,,,,,,,,
2026-04-22 00:00:00+00:00,,,,,,,,,,,,,,,,,,,,,,,,,,,,,,,,,
2026-04-23 00:00:00+00:00,,,,,,,,,,,,,,,,,,,,,,,,,,,,,,,,,
2026-04-24 00:00:00+00:00,,,,,,,,,,,,,,,,,,,,,,,,,,,,,,,,,
2026-04-27 00:00:00+00:00,,,,,,,,,,,,,,,,,,,,0.009670000000000067,,,,,,,,,,,,,
2026-04-28 00:00:00+00:00,,,,,,,,,,,,,,,,,,,,0.013142902832470549,,,,,,,,,,,,,
2026-04-29 00:00:00+00:00,,,,,,,,,,,,,,,,,,,,0.010523898435393697,,,,,,,,,,,,,
2026-04-30 00:00:00+00:00,,,,,,,,,,,,,,,,,,,,0.013207679022452234,,,,,,,,,,,,,
2026-05-04 00:00:00+00:00,,,,,,,,,,,,,,,,,,,,0.02157124897731122,,,,,,,,,,,,,
2026-05-05 00:00:00+00:00,,,,,,,,,,,,,,,,,,,,0.021361335981872953,,,,,,,,,,,,,
2026-05-06 00:00:00+00:00,,,,,,,,,,,,,,,,,,,,0.027081483845869947,,,,,,,,,,,,,
2026-05-07 00:00:00+00:00,,,,,,,,,,,,,,,,,,,,0.026769726632446034,,,,,,,,,,,,,
2026-05-08 00:00:00+00:00,,,,,,,,,,,,,,,,,,,,0.026667462710329826,,,,,,,,,,,,,
2026-05-11 00:00:00+00:00,,,,,,,,,,,,,,,,,,,,0.009994750032193078,,,,,,,,,,,,,
2026-05-12 00:00:00+00:00,,,,,,,,,,,,,,,,,,,,-0.004590378013672236,0.041720691787516806,,,,,,,,,,,,
2026-05-13 00:00:00+00:00,,,,,,,,,,,,,,,,,,,,0.0031236674831172095,0.04429754046794043,,,,,,,,,,,,
2026-05-14 00:00:00+00:00,,,,,,,,,,,,,,,,,,,,0.010701063176859371,0.04797198890728804,,,,,,,,,,,,
2026-05-15 00:00:00+00:00,,0.053539471067806765,,,,,,,,,,,,,0.029308534573271317,,,,,0.009749881460407783,0.05107360431439134,,,,,,,,,,,,
2026-05-18 00:00:00+00:00,,0.05186355147613941,,,,,,,,,,,,,0.027471265515623067,,,,,0.008405021284160874,0.046669990029910347,,,,,,,,,,,,
2026-05-19 00:00:00+00:00,,0.05118773794416254,,,,,,,,,,,,,0.025527800482446628,,,,-0.01693,0.00851730045885124,0.045339223353132674,,,,,,,,,,,,
2026-05-20 00:00:00+00:00,,0.05230903483632976,,,,,,,,,,,,,0.025969239351316897,,,,-0.01597227077943486,0.006135694377418899,0.03666183795368405,,,,,,,,,,,,
2026-05-21 00:00:00+00:00,,0.05375938356436416,,,,,,,,,,,,,0.02395144037016772,,,,-0.009845569493727835,0.008206677924925243,0.04162016739736951,,,,,,,,,,,,
2026-05-22 00:00:00+00:00,,0.05499935504995879,,,,,,,,,,,,,0.022693866200540258,,,,-0.015081738437001668,0.00695566502463052,0.0390320528115804,,,,,,,,,,,,
2026-05-25 00:00:00+00:00,,0.05818185424290201,,,,,,,,,,,,,0.029306469897969478,,,,-0.0027252852565062824,0.018454052771074814,0.0445751138088013,,,,,,,,,,,,
2026-05-26 00:00:00+00:00,,0.056616103608063684,,,,,,,,,,,,,0.02575741058244052,,,,0.004622542398319052,0.018913437303087477,0.03343949044585992,,,,,,,,,,,,
2026-05-27 00:00:00+00:00,,0.057691546228469504,,,,,,,,,,,,,0.023561687250542196,,,,0.014233448604219934,0.021843440563574568,0.033912397921306736,,,,,,,,,,,,
2026-05-29 00:00:00+00:00,,0.05562594029614387,,,,,,,,,,,,,0.02130827022896198,,,,0.015448022894917202,0.023544406350962888,0.03646905550417201,,,,,,,,,,,,
2026-06-01 00:00:00+00:00,,0.05606745135338653,,,,,,,,,,,,,0.019087112231029657,,,,0.012841513478533573,0.013408526245218377,0.035772179845454444,,,,,,,,,,,,
2026-06-02 00:00:00+00:00,,0.055616053220345574,,,,,,,,,,,,,0.018036688150718794,,,,0.018267281291923565,0.019518761568231513,0.04129811140329909,,,,,,,,,,,,
2026-06-03 00:00:00+00:00,,0.05298418972332031,,,,,,,,,,,,,0.012840125144340186,,,,0.010378743689281267,0.010279463697262292,0.032265097013298494,,,,,,,,,,,,
2026-06-04 00:00:00+00:00,,0.05434975982921175,,,,,,,,,,,,,0.013038157089559466,,,,0.01335310076346663,0.013340042822326703,0.03294914177363473,,,,,,,,,,,,
2026-06-05 00:00:00+00:00,,0.05516580372317281,,,,,,,,,,,,,0.014271323035594419,,,,0.0034357739979824498,0.0177205431796168,0.04068178644804821,,,,,,,,,,,,
2026-06-08 00:00:00+00:00,,0.053634055501220246,,,,,,,,,,,,,0.011778051787916244,,,,-0.0014350513808606413,0.015987882867721348,0.04419994214406131,,,,,,,,,,,,
2026-06-09 00:00:00+00:00,,0.05540581899317787,,,,,,,,,,,,,0.013461367651267597,,,,0.009768193637121003,0.02052875906917806,0.041044999103603486,,,,,,,,,,,,
2026-06-10 00:00:00+00:00,,0.05425406831408264,,,,,,,-0.0849510416573005,,,,,,0.014963431508203007,,,,0.008506863950652255,0.014406821674681547,0.040602900635263284,,,,,,,,,,,,
2026-06-11 00:00:00+00:00,,0.052407694357536894,,,,,,,-0.08774307330947217,,,,,,0.013029573182769427,,,,0.002490421455938696,0.011615158967672956,0.04082182217124619,,,,,,,,,,,,
2026-06-12 00:00:00+00:00,,0.057932571417302015,,,,,,,-0.07854143749452658,,,,,,0.015847548551573443,,,,0.014706030682952953,0.02305623158703729,0.04677124626798612,,,,,,,,,,,,
2026-06-15 00:00:00+00:00,,0.06223447349180944,,,,,,,-0.06854624013354338,,,,,,0.024257215410001365,,,,0.03161493897180434,0.03451216851458838,0.05139755603266649,,,,,,,,,,,,
2026-06-16 00:00:00+00:00,,0.06343766358186254,,,,,,,-0.06421490060078028,,,,,,0.027252777667944983,,,,0.04639488279826742,0.04593417761879626,0.05697583631959313,,,,,,,,,,,,
2026-06-17 00:00:00+00:00,,0.05875649602624944,,,,,,,-0.05894501277812492,,,,,,0.027857354539168266,,,,0.05330080280221505,0.05502626480516093,0.05738896743980826,,,,,,,,,,,,
2026-06-18 00:00:00+00:00,,0.058749005627412254,,,,,,,-0.057509438865387175,,,,,,0.02720766546400899,,,,0.057024375442500164,0.047811254140468495,0.056559568268970795,,,,,,,,,,,,
2026-06-19 00:00:00+00:00,,0.05688467230547589,,,,,,,-0.06126161389875273,,,,,,0.02347842324059224,,,,0.05075596123688131,0.044253123517317805,0.05358927215316367,,,,,,,,,,,,
2026-06-22 00:00:00+00:00,,0.05603966786961245,,,,,,,-0.0573622410549991,,,,,,0.027172149284555358,,,,0.0634085894762293,0.05045476588711506,0.05321614063124258,,,,,,,,,,,,
2026-06-23 00:00:00+00:00,,0.055131052430756,,,,,,,-0.06352664251309592,,,,,,0.029662020768350006,,,,0.05652979971431171,0.04596430421098763,0.0511737983734295,,,,,,,,,,,,
2026-06-24 00:00:00+00:00,,0.05411054569606266,,,,,,,-0.0565656088976455,,,,,,0.031606499086374695,,,,0.06539221075347634,0.05337423925969609,0.056571325126719696,,,,,,0.018334682941946623,,,,,,
2026-06-25 00:00:00+00:00,,0.05374476844580167,,,,,,,-0.0570409996430189,,,,,,0.03142110195826975,,,,0.08036943025780618,0.06307744497435785,0.0662284933269015,,,,,,0.019097517322747892,,,,,,
2026-06-29 00:00:00+00:00,,0.05254032572274592,,,,,,,-0.06275378729402759,,,,,,0.02583844831819304,,,,0.06668152304934005,0.05517747663736827,0.05763950597561829,,,,,,0.015078034566718523,,,,,,
2026-06-30 00:00:00+00:00,,0.05259519613665797,,,,,,,-0.06432813402013193,,,,,,0.02165460368451466,,,,0.06397067757482477,0.04976436764575132,0.05694269804203356,,,,,,0.014830761870589626,,,,,,
2026-07-01 00:00:00+00:00,,0.05328842334800066,,,,,,,-0.059162873006198935,,,,,,0.024317180616740153,,,,0.06279163720836278,0.054891728684239194,0.05705972038146112,,,,,,0.014531438303636346,,,,,,
2026-07-02 00:00:00+00:00,,0.054677238896726266,,,,,,,-0.05794715811294293,,,,,,0.025737380854520264,,,,0.07721714088705922,0.06081375539796374,0.05967843223253366,,,,,,0.019902332070958817,,,,,,
2026-07-03 00:00:00+00:00,,0.054458961213312396,,,,,,,-0.054054571829000975,,,,,,0.026668755262281962,,,,0.07988586283230781,0.07292867077289888,0.06314593527940304,,,,,,0.01991626794258372,,,,,,
2026-07-06 00:00:00+00:00,,0.05552852806102604,,,,,,,-0.04454188502466638,,,,,,0.029733253600243037,,,,0.0900153139356814,0.08445362635607845,0.06429021010460256,,,,,,0.024621306554712286,,,,,,
2026-07-07 00:00:00+00:00,,0.057061812105963616,,,,,,,-0.047787525037371936,,,,,,0.030532853232342116,,,,0.0957927943563619,0.08977635782747617,0.07175789336827054,,,,,,0.024158249997507486,,,,,,
2026-07-08 00:00:00+00:00,,0.053268694562376595,,,,,,,-0.06732038245173622,,,,,,0.021100926405994702,,,,0.07075653425796369,0.06695891609260518,0.059139999600742676,,,,,,0.009387292883537901,,,,,,
2026-07-09 00:00:00+00:00,,0.054039889357985205,,,,,,,-0.06177904747308016,,,,,,0.0208343507945965,,,,0.07715001616553496,0.07850896284278419,0.06500663944328511,,,,,,0.012728157944417395,,,,,,
2026-07-10 00:00:00+00:00,,0.05689708677605809,,,,,,,-0.05414518552401282,,,,,,0.022945072068562444,,,,0.07623574716447545,0.08071607731274288,0.06767126555604142,,,,,,0.014477110915266378,,,,,,
2026-07-13 00:00:00+00:00,,0.05645380171377612,,,,,,,-0.055298804654347,,,,,,0.023622661376022425,,,,0.09027742863176091,0.09803650715342882,0.07985211464104913,,,,,,0.01307454768597327,,,,,,
2026-07-14 00:00:00+00:00,,0.05575963169372411,,,,,,,-0.058645872670026855,,,,,,0.02518611149104144,,,,0.08828009158857753,0.08633185496956397,0.07808740277763904,,,,,,0.008594429939077441,,,,,,
2026-07-15 00:00:00+00:00,,0.055761145447852156,,,,,,,-0.055886038680125205,,,,,,0.02540519429798871,,,,0.08674778494968538,0.09049031548344,0.07492680595112433,,,,,,0.010356800174097236,,,,,,
2026-07-16 00:00:00+00:00,,0.05622563943454395,,,,,,,-0.05177215394183177,,,,,,0.029233060896493468,,,,0.10806566738044254,0.10219520164763884,0.07797245684540122,,,,,,0.019333771379646647,,,,,,
2026-07-17 00:00:00+00:00,,0.0591205227539735,,,,,,,-0.04860547867270193,,,,,,0.034328109206174684,,,,0.1266837417173905,0.11700528973310886,0.08203924401107487,,,,,,0.025388166177087834,,,,,,
2026-07-20 00:00:00+00:00,,0.06009662023204365,,,,,,,-0.0517873822973266,,,,,,0.03142095253034238,,,,0.1234822427582778,0.11081421880629283,0.08171221824669006,,,,,,0.023139144051145477,,,,,,
2026-07-21 00:00:00+00:00,,0.06214031307925971,,,,,,,-0.055599615749949094,,,,,,0.03060674641663974,,,,0.1262005298890545,0.11753574432296054,0.08088485649622479,,,,,,0.02272387352803351,,,,,,
2026-07-22 00:00:00+00:00,,0.059884070333249495,,,,,,,-0.06501743592688136,,,,,,0.02842993037167796,,,,0.12710258972437338,0.1167800110825652,0.08087310767992761,,,,,,0.01634530196999706,,,,,,
2026-07-23 00:00:00+00:00,,0.058789865756188275,,,,,,,-0.07200719048624937,,,,,,0.025242033473131364,,,,0.12151093024469128,0.11076643257717378,0.07794104317524919,,,,,,0.012637444648987639,,,,,,
2026-07-24 00:00:00+00:00,,0.05791513272621596,,,,,,,-0.07279402576145133,,,,,,0.024336738191540475,,,,0.14376408161546395,0.11891699685055368,0.09440163420504422,,,,,,0.014898397323880319,,,,,,
2026-07-27 00:00:00+00:00,,0.06446563809412709,,,,,,,-0.06106101111581064,,,,,,0.03425400205031148,,,,0.17035709302450375,0.132065960970692,0.10874421249289257,,,,,,0.026238744403642045,,,,,,
2026-07-28 00:00:00+00:00,,0.06529761730883465,,,,,,,-0.06506134211890946,,,,,,0.03311382322206646,,,,0.1726498310318394,0.13088842654411081,0.1116859527745464,,,,,,0.026592417730968654,,,,,,
2026-07-29 00:00:00+00:00,,0.06602004023597319,,,,,,,-0.055967941149823286,,,,,,0.033249692496925,,,,0.17990907820778745,0.13289641549034936,0.10862217711240829,,,,,,0.029548018047051317,,,,,,
2026-07-30 00:00:00+00:00,,0.06988843961611524,,,,,,,-0.05278607218495268,,,,,,0.03742877176349757,,,,0.21598192365350788,0.15282277449156623,0.10970245005193391,,,,,,0.03877109827762948,,,,,,
2026-07-31 00:00:00+00:00,,0.07088491785408402,,,,,,,-0.048754848488272384,,,,,,0.04145687634158657,,,,0.23133248468627254,0.15252526303739233,0.11381550807584984,,,,,,0.03538480213644091,,,,,,
2026-08-03 00:00:00+00:00,,0.07150629566298772,,,,,,,-0.03936286941513245,,,,,,0.04444751326717822,,,,0.2339941326200441,0.15438749003901608,0.11937312098805553,,,,,,0.04016738927058916,,,,,,
2026-08-04 00:00:00+00:00,,0.07158315621936895,,,,,,,-0.04095044868349529,,,,,,0.042720457683961266,,,,0.21866769448191703,0.1401109361653956,0.11495452059234657,,,,,,0.033680367495135366,,,,,,
2026-08-05 00:00:00+00:00,,0.07161430539654212,,,,,,,-0.03981167458569379,,,,,,0.04154170941520019,,,,0.21890224444208073,0.14937435095980844,0.11555263424006479,,,,,,0.03710469002479,,,,,,
2026-08-06 00:00:00+00:00,,0.07157339231493065,,,,,,,-0.03660604826470748,,,,,,0.04270329018871655,,,,0.23835986782817664,0.15280344403951984,0.11954816441794791,,,,,,0.03766140963576525,,,,,,
2026-08-07 00:00:00+00:00,,0.06974066189278116,,,,,,,-0.039570107120352915,,,,,,0.03569255530039839,,,,0.22097614247311825,0.14559788413610675,0.11845406555468596,,,,,,0.023488598636210112,,,,,,
2026-08-10 00:00:00+00:00,,0.07091512436752034,,,,,,0.0357783535977676,-0.04201207515973593,,,,,,0.03679320257846763,,,,0.21330306422421463,0.13956885620086235,0.1217307460527901,,,,,,0.019213636633604647,,,,0.04700000000000015,,0.07496999999999998
2026-08-11 00:00:00+00:00,,0.07166435949313166,,,,,,0.03495319657438767,-0.04290905366789288,,,,,,0.0365263643411613,,,,0.2155024304391553,0.14195046282684287,0.12143115287314776,,,,,,0.01974747825396972,,,,0.048048048048048075,,0.07168168977530232
2026-08-12 00:00:00+00:00,,0.07110866053377451,,,,,,0.035458167330677526,-0.038846947563478396,,,,,,0.03617350738954883,,,,0.21348196555962984,0.13936836980994305,0.11781348798807856,,,,,,0.01886867206148901,,,,0.048048048048048075,,0.07264077398204982
2026-08-13 00:00:00+00:00,,0.07002365664075683,,,,,,0.035867291023214065,-0.04613479024685385,,,,,,0.03531874926623102,,,,0.19541016232352781,0.13155852923690814,0.11596121255878789,,,,,,0.015471195142419791,,,,0.042786069651741254,,0.06701757870692227
2026-08-14 00:00:00+00:00,,0.07016239596809992,,,,,,0.03576053391772094,-0.04478148859619935,,,,,,0.03327500757583146,,,,0.1857439146450941,0.12677306753293904,0.11050980627962659,,,,,,0.012739229739308522,,,,0.040755467196819106,,0.059633617067552436
2026-08-17 00:00:00+00:00,,0.07137133754887293,,,,,,0.033851055356431736,-0.044409628925468736,,,,,,0.03161730940214369,,,,0.18476889670147867,0.1225751953419616,0.11027237276071888,,,,,,0.010436031357274222,,,,0.04270109235352537,,0.05963995067817529
2026-08-18 00:00:00+00:00,,0.07218814893514258,,,,,,0.03322721846398724,-0.04877508413440157,,,,,,0.032650266542769035,,,,0.1908085371553201,0.12085895755620535,0.11356099129700725,,,,,,0.00993406853324652,,,,0.045908183632734634,,0.0605836099257151
2026-08-19 00:00:00+00:00,,0.0725829042821402,,,,,,0.03310139165009951,-0.04771321446094767,,,,,,0.03967849441286031,,,,0.2086604630576132,0.1311186136412319,0.11762865792129151,,,,,,0.01395394998015087,,,,0.051204819277108404,,0.06650571766365632
2026-08-20 00:00:00+00:00,,0.07173504314708601,,,,,,0.03161033797216706,-0.046472082519437685,,,,,,0.0394255414897573,,,,0.20627419541987968,0.12431023289783338,0.1161976449695783,,,,,,0.01329406066836003,,,,0.053159478435305774,,0.06837538962457068
2026-08-21 00:00:00+00:00,,0.07267525862567181,,,,,,0.03149215179813214,-0.043850096696481766,,,,,,0.03987376402079179,,,,0.2026517340281353,0.12371968746204609,0.11671218519153048,,,,,,0.012349819487462721,,,,0.04895104895104896,,0.06576235583211143
2026-08-24 00:00:00+00:00,,0.07095719095719111,,,,,,0.03239590579350082,-0.048414786452375735,,,,,,0.03647463842320331,,,,0.203615684052588,0.12484984302918356,0.1193186974980589,,,,,,0.011143596861679539,,,,0.04790419161676662,,0.06434276552154161
2026-08-25 00:00:00+00:00,,0.07300450502483535,,,,,,,-0.034174401675257426,,,,,,0.04037443082996228,,,,0.21951788079470202,0.14490878904857452,0.11920215611656748,,,,,,0.020009504762282138,,,,0.05835010060362178,,0.07771601111799886
2026-08-26 00:00:00+00:00,,0.07134540065629302,,,,,,,-0.03996624730735676,,,,,,0.03868315168561276,,,,0.22497719897342372,0.14440767703507618,0.12307832348895542,,,,,,0.015244113146072769,,,,0.056224899598393385,,0.07519007044080372
2026-08-27 00:00:00+00:00,,0.072362844814301,,,,,,0.031178631714824823,-0.046775984270081894,,,,,,0.03705906440730833,,,,0.2289713145795329,0.14006233565823,0.11868238333602465,,,,,,0.008000000000000007,,,,0.05210420841683372,,0.06908464586527541
2026-08-28 00:00:00+00:00,,0.0744365905167843,,,,,,0.03128103277060568,-0.039961229626918504,,,,,,0.03904960090663079,,,,0.24240347025116504,0.1459635853487451,0.12514410533341414,,,,,,0.01947366864197031,,,,0.05959595959595965,,0.07601102480581323
2026-08-31 00:00:00+00:00,,0.07210227655905288,,,,,,0.030369194124652665,-0.04494011014489985,,,,,,0.0367367250160997,,,,0.23376111194013927,0.13584186904146778,0.12433683316996258,,,,,,0.01474757816807104,,,,0.05125628140703542,,0.07379705809025183
2026-09-01 00:00:00+00:00,,0.0700906693360539,,,,,,0.03214923595951569,-0.05054842797100312,,,,,,0.0344100918057737,,,,0.2295505534349116,0.1344279532494843,0.1258981568259918,,,,,,0.01056036813797312,,,,0.04714142427281831,,0.06499815459505842
2026-09-02 00:00:00+00:00,,0.0717045115172299,,,,,,0.03125620162730702,-0.04827179317121155,,,0.06209529139019909,,,0.03649677912008298,,,,0.25256276768175523,0.1448458023986292,0.13493277513887758,,,,,,0.015120927839132214,,,,0.05369807497467094,,0.06678716674197904
2026-09-03 00:00:00+00:00,,0.07414659554560976,,,,,,0.032034116830308434,-0.03915071314666785,,,0.0647033555437897,,,0.03987160988250538,,,,0.2743684668989548,0.15293839495893335,0.13801123663384263,,,,,,0.025099971080684957,,,,0.07502569373072965,,0.08065384029646161
2026-09-04 00:00:00+00:00,,0.0794941807548557,,,,,,0.031854718666269655,-0.03319492267334534,,,0.06446679195489624,,,0.04636147337868124,,,,0.29079398691945424,0.1768563283803397,0.21444307455989642,,,,,,0.035928385036220645,,,,0.08949011446410005,,0.09315178049605755
2026-09-07 00:00:00+00:00,,0.07603513174403997,,,,,,0.03303243725820848,-0.03736563627498379,,,0.05733366558684261,,,0.04119123800147673,,,,0.2906371911573471,0.16922595451700384,0.24399279337638413,,,,,,0.029237713139418142,,,,0.0753353973168216,,0.08012002237705329
2026-09-08 00:00:00+00:00,,0.07794656584507398,,,,,,0.03252032520325199,-0.039222086031543424,,,0.058835301180708566,,,0.04071635553628106,,,,0.2926288482644701,0.17501659449378915,0.2813789039481438,,,,,,0.033806086912633315,,,,0.0854166666666667,,0.08850601840925165
2026-09-09 00:00:00+00:00,,0.08174720323182116,,,,,,0.03344581183009132,-0.041020885497270565,,,0.061611422228949,,,0.04291662957577902,,,,0.29795062199239486,0.18876984804507435,0.29934558166002767,,,,,,0.04171638974735581,,,,0.0960929250263991,,0.10019450193981894
2026-09-10 00:00:00+00:00,,0.07841562312501216,,,,,,0.034434851642353825,-0.0408157975332073,,,0.052851265727756,,,0.04205316658269864,,,,0.2702383710027907,0.16495170427672035,0.3138262951104467,,,,,,0.03361378570199158,,,,0.08472803347280311,,0.0886479591836733
2026-09-11 00:00:00+00:00,,0.08044448757763956,,,,,,0.030918640372609385,-0.04471035214136865,,,0.05674866719743599,,,0.04141280265864844,,,,0.27371712422938743,0.1738982690878199,0.3369619100612069,,,,,,0.039005248942567405,,,,0.09398099260823645,,0.1000769662804486
2026-09-15 00:00:00+00:00,,0.07587198849334764,,,,,,0.031947613850580314,-0.05977000378995545,,,0.04839883551673951,,,0.03643841046477059,,,,0.2767633608171711,0.17550972505254614,0.35331888432012004,,,,,,0.03446614383105229,,,,0.08174097664543511,,0.09330479847254569
2026-09-16 00:00:00+00:00,,0.08020289713700435,,,,,,0.03223886519194541,-0.0601152247238016,,,0.059286072169903115,,,0.04012078950243869,,,,0.28899015306179976,0.18777410213031898,0.34120396240792483,,,,,,0.052682390067682716,,,,0.10021551724137945,,0.11103287887516289
2026-09-17 00:00:00+00:00,,0.082643742019747,,,,,,0.03234126984126995,-0.0565888825626093,,,0.06450689538842158,,,0.04155699685144176,,,,0.29332717044519363,0.1900547151593177,0.3289310729875139,,,,,,0.0522043083032564,,,,0.10871905274488713,,0.10978527867186161
2026-09-18 00:00:00+00:00,,0.0822470032832745,,,,,,0.03402777777777777,-0.050612730339371304,,,0.07093302408854174,,,0.04423372883880239,,,,0.2947382583444518,0.19284560153232122,0.3212786665855587,,,,,,0.04809907834101379,,,,0.11468381564844599,,0.10813595315440327
2026-09-21 00:00:00+00:00,,0.07787535301172177,,,,,,0.03241475019825546,-0.04914879834825592,,,0.06458529283857728,,,0.04322535253138837,,,,0.27327529947902285,0.1805437733288089,0.31759777661417,,,,,,0.04312274497378299,,,,0.10264550264550265,,0.10072795341098173
2026-09-22 00:00:00+00:00,,0.08597099867467062,,,,,,,-0.042117140536901854,,,0.07635755885489304,,,0.048340684834665915,,,,0.3087126580125845,0.21121785815202032,0.3425076763527666,,,,,,0.0611408236738602,,,,0.12878787878787867,,0.12692876208300996
2026-09-23 00:00:00+00:00,,0.08590543983507404,,,,,,0.03390502627143843,-0.03926307329950385,,,0.07766087844739533,,,0.04926211180124218,,,,0.3014768787428521,0.20804925371516525,0.34329916765513957,,,,,,0.063816302145566,,,,0.1305285868392665,,0.12829264673146845
2026-09-24 00:00:00+00:00,,0.09166969449981832,,,,,,0.03323412698412698,-0.05441065847705684,,,0.07928444541403068,,,0.04409915573917744,,,,0.34314930322072,0.23918839027763839,0.3661905589579477,,,,,,0.07354311367101474,,,,0.14159292035398252,,0.1378186385983151
2026-09-25 00:00:00+00:00,,0.0854317423784352,,,,,,0.03344581183009132,-0.053175429925690354,,,0.06992510596271773,,,0.04216675623494748,,,,0.3233223410203454,0.22259059621696986,0.3462243420319795,,,,,,0.06302644260989831,,,,0.1251360174102285,,0.12300508523363285
2026-09-28 00:00:00+00:00,,0.07473233612564423,,,,,,0.03283730158730158,-0.0693037300769862,,,0.04719046213054501,,,0.029254950151626158,,,,0.2919566855202347,0.19587081391568217,0.33097746635075875,,,,,,0.03956760111720281,,,,0.09528907922912211,,0.0939151077171938
2026-09-29 00:00:00+00:00,,0.07652673614493044,,,,,,0.03163740950114047,-0.06812198237986478,,,0.05769805988468635,,,0.03372363940498224,,,,0.311986676400803,0.2127860396202601,0.32785807482628515,,,,,,0.0502845404906882,,,,0.10869565217391308,,0.11064120637361685
2026-09-30 00:00:00+00:00,,,,,,,0.03500915937309168,0.03250743310208115,-0.07066452747715257,,,0.06985785953177248,,,,,,,,,,,,,,,,,,,,,
