mfId,name,rank,score,data_days,aum,cagr_3y,win_rate,max_dd,sortino,asym,appraisal,r2
M_WOCD,WOC Mid Cap Fund,1,92.34,1482,6792.14239999999,20.65%,100.0%,-19.33%,1.019,1.167,0.074,0.169
M_IDCCL,Bandhan Mid Cap Fund,2,91.53,1502,2403.2048,17.31%,76.0%,-22.71%,0.387,0.925,-1.015,0.179
M_MANC,Mahindra Manulife Mid Cap Fund,3,55.23,1826,5406.3662,16.26%,97.22%,-20.92%,0.454,0.965,-1.266,0.174
M_CAMR,Canara Rob Mid Cap Fund,4,46.86,1396,5231.0251,16.43%,90.48%,-21.24%,1.008,1.073,-1.389,0.203
M_UNIA,Union Midcap Fund,5,44.39,1826,2005.3096,15.97%,50.0%,-21.26%,-0.046,0.847,-0.608,0.169
M_JMDL,JM Mid Cap Fund,6,43.35,1407,1360.2918151309998,18.09%,72.73%,-22.54%,0.685,0.994,-2.093,0.181
M_ITMA,ITI Mid Cap Fund,7,40.46,1826,1539.2048000000002,18.83%,80.56%,-22.66%,-0.243,0.801,-1.507,0.146
M_ICPID,ICICI Pru Mid Cap Fund,8,39.85,1826,8403.298759516201,20.26%,63.89%,-21.27%,-0.272,0.796,-1.427,0.165
M_ADTMI,Aditya Birla SL Midcap Fund,9,34.32,1826,6966.285400000001,13.79%,36.11%,-21.87%,-0.281,0.798,-1.524,0.197
M_LTIU,HSBC Midcap Fund,10,33.03,1826,17188.237,22.25%,80.56%,-25.96%,0.135,0.892,-1.106,0.115
M_MIAI,Mirae Asset Midcap Fund,11,31.29,1826,20891.685,14.68%,38.89%,-22.54%,0.19,0.911,-1.004,0.205
M_TAMW,Tata Mid Cap Fund,12,29.32,1826,6240.2902418801,13.84%,44.44%,-21.22%,-0.246,0.808,-1.775,0.179
M_TACV,Taurus Mid Cap Fund,13,27.61,1826,139.8509,9.28%,5.56%,-23.93%,-1.329,0.587,-3.111,0.109
M_IDIC,LIC MF Midcap Fund,14,27.25,1826,392.1249,15.07%,47.22%,-24.94%,-0.689,0.707,-2.302,0.182
M_QUTD,Quant Mid Cap Fund,15,26.22,1826,8055.583100000001,9.93%,38.89%,-25.95%,-0.574,0.727,-3.329,0.092
M_MOLS,Motilal Oswal Midcap Fund,16,25.94,1826,42851.5937,17.75%,72.22%,-28.86%,0.04,0.876,-0.728,0.195
M_SUNIU,Sundaram Mid Cap Fund,17,25.68,1826,14863.429329,16.92%,72.22%,-20.69%,0.274,0.926,-1.575,0.191
M_INMI,Invesco India Midcap Fund,18,23.87,1826,15905.311000000002,22.8%,72.22%,-20.07%,0.017,0.861,-0.421,0.219
M_BNMP,Baroda BNP Paribas Mid Cap Fund,19,23.12,1826,2657.7792,15.55%,58.33%,-18.64%,-0.412,0.769,-1.27,0.171
M_DSPMU,DSP Midcap Fund,20,22.58,1826,21018.5385,13.17%,33.33%,-22.46%,0.179,0.908,-1.031,0.192
M_HDCMS,HDFC Mid Cap Fund,21,19.61,1826,108324.5467,15.8%,100.0%,-16.96%,0.165,0.901,-1.742,0.175
M_NIGW,Nippon India Growth Mid Cap Fund,22,19.1,1826,52270.551900000006,17.24%,97.22%,-19.87%,0.01,0.861,-1.814,0.208
M_AXMI,Axis Midcap Fund,23,16.77,1826,35425.0678,15.68%,50.0%,-20.34%,-0.301,0.798,-0.889,0.173
M_KORY,Kotak Mid Cap Fund,24,16.41,1826,69282.8292,16.29%,63.89%,-20.87%,-0.273,0.801,-1.78,0.21
M_EDME,Edelweiss Mid Cap Fund,25,16.1,1826,19890.9984,19.64%,75.0%,-20.06%,-0.342,0.78,-1.158,0.158
M_FRRN,Franklin India Mid Cap Fund,25,16.1,1826,13052.401982238,14.41%,50.0%,-23.88%,-0.334,0.788,-2.381,0.183
M_UTIMP,UTI Mid Cap Fund,27,12.28,1826,12795.441,10.88%,0.0%,-22.66%,-0.383,0.774,-1.453,0.198
M_HEIP,Helios Mid Cap Fund,28,6.9,560,2228.7088,0.0%,0.0%,-16.74%,1.837,1.639,-1.493,0.194
M_PGDO,PGIM India Midcap Fund,29,6.61,1826,11217.6728,11.08%,13.89%,-19.5%,-0.723,0.703,-1.36,0.183
M_SBIAU,SBI Midcap Fund,30,5.06,1826,24518.3185,9.78%,0.0%,-17.88%,-0.549,0.743,-1.496,0.215
M_BANOU,Bank of India Mid Cap Fund,31,0.9,399,766.5986,0.0%,0.0%,-12.49%,-1.663,0.577,-1.955,0.113
