mfId,name,rank,score,evidence_qualified,data_days,cagr_3y,cagr_5y,sip_xirr_median,sip_xirr_p25,latest_sip_xirr,sip_alpha_hit_rate,alpha_consistency,information_ratio,up_capture,down_capture,downside_beta,drawdown_control,recovery_strength,correction_defense,momentum_quality,omega_ratio,sortino_3y,ulcer_index,cdar_5,max_drawdown_3y,current_drawdown,style_purity,aum_score,confidence,aum,history_years,n_sip_windows
M_EDME,Edelweiss Mid Cap Fund,1,76.08,True,1827,19.66,17.99,25.03,16.74,10.77,0.7297,0.7161,0.6695,0.9769,0.8967,0.9274,79.94,-10.18,14.44,0.1072,1.2836,0.8823,5.5111,-17.03,-20.06,-6.1,0.8399,1.0,1.0,19891.0,5.0021,37
M_HDCMS,HDFC Mid Cap Fund,2,76.08,True,1827,15.81,18.13,24.18,14.47,10.67,1.0,0.6992,0.6456,0.9342,0.8363,0.8988,83.24,-14.6,19.0,0.0059,1.3013,0.7004,4.7875,-14.28,-16.76,-6.08,0.7207,0.8152,0.9908,108324.55,5.0021,37
M_WOCD,WOC Mid Cap Fund,3,74.98,True,1483,20.66,,21.24,14.66,16.15,1.0,0.738,1.0298,0.985,0.8423,0.9301,80.67,-16.43,19.04,0.429,1.4268,0.945,5.5504,-16.64,-19.33,-5.4,0.746,1.0,0.7944,6792.14,4.0602,25
M_INMI,Invesco India Midcap Fund,4,74.97,True,1827,22.82,19.26,27.72,17.79,15.04,0.7027,0.6102,0.7874,0.988,0.8802,0.9597,79.93,0.26,12.68,0.3523,1.3127,1.0782,6.0004,-17.31,-20.07,-4.82,0.696,1.0,1.0,15905.31,5.0021,37
M_NIGW,Nippon India Growth Mid Cap Fund,5,71.26,True,1827,17.26,17.39,24.1,12.89,10.14,0.9459,0.7458,0.6475,0.9632,0.8874,0.9774,80.13,-10.82,13.21,0.0982,1.273,0.7488,5.5564,-16.89,-19.87,-5.22,0.9006,0.9579,0.9979,52270.55,5.0021,37
M_SUNIU,Sundaram Mid Cap Fund,6,68.89,True,1827,16.93,16.35,24.14,14.46,9.93,0.7027,0.6525,0.3773,0.939,0.878,0.9268,79.31,-13.91,17.33,0.0164,1.2563,0.7445,5.9157,-17.56,-20.69,-6.76,0.8346,1.0,1.0,14863.43,5.0021,37
M_MOLS,Motilal Oswal Midcap Fund,7,65.48,True,1827,17.76,20.36,29.79,14.59,3.26,0.7027,0.5678,0.5471,0.9838,0.8533,0.8482,71.14,-14.63,23.27,0.2388,1.3113,0.7008,11.8205,-24.85,-28.86,-12.08,0.6365,0.9959,0.9998,42851.59,5.0021,37
M_LTIU,HSBC Midcap Fund,8,64.44,True,1827,22.27,17.95,22.18,15.64,19.01,0.7838,0.6271,0.5567,0.9755,0.8869,1.0815,74.04,-4.31,8.02,0.5823,1.2844,0.9223,7.9497,-23.14,-25.96,-6.65,0.8644,1.0,1.0,17188.24,5.0021,37
M_BNMP,Baroda BNP Paribas Mid Cap Fund,9,63.77,True,1827,15.56,14.93,20.31,11.38,10.62,0.5405,0.5466,0.0403,0.9018,0.8614,0.8979,81.36,-14.0,17.26,0.0806,1.2249,0.6774,5.6008,-16.07,-18.64,-6.06,0.8481,0.9938,0.9997,2657.78,5.0021,37
M_ICPID,ICICI Pru Mid Cap Fund,10,63.36,True,1827,20.28,16.48,20.93,14.14,16.4,0.6216,0.6398,0.4141,0.9881,0.9366,0.9857,78.73,-2.98,8.09,0.2187,1.243,0.8596,6.0247,-17.92,-21.27,-6.66,0.866,1.0,1.0,8403.3,5.0021,37
M_KORY,Kotak Mid Cap Fund,11,62.37,True,1827,16.31,16.12,21.14,13.76,10.88,0.6216,0.5847,0.2379,0.8812,0.8071,0.9103,79.13,-18.2,22.24,0.0291,1.2587,0.6933,5.6533,-17.47,-20.87,-6.16,0.7435,0.8977,0.9949,69282.83,5.0021,37
M_MANC,Mahindra Manulife Mid Cap Fund,12,61.91,True,1827,16.27,17.26,23.53,10.55,10.55,0.9459,0.6737,0.5256,0.9892,0.9294,1.0066,79.08,-6.84,5.73,0.0575,1.2574,0.6547,6.4212,-17.69,-20.92,-7.41,0.7796,1.0,1.0,5406.37,5.0021,37
M_AXMI,Axis Midcap Fund,13,58.25,True,1827,15.69,12.77,18.99,10.17,9.85,0.4865,0.3983,-0.2951,0.8457,0.8303,0.8415,80.48,-21.61,22.7,0.1786,1.1791,0.7029,5.7182,-16.91,-19.52,-4.89,0.836,1.0,1.0,35425.07,5.0021,37
M_ITMA,ITI Mid Cap Fund,14,55.89,True,1827,18.85,15.83,24.14,11.05,11.05,0.8108,0.5424,0.2297,0.9471,0.9001,0.9833,77.65,-9.1,7.42,0.2423,1.2336,0.822,6.7987,-18.84,-22.35,-5.85,0.6803,0.9134,0.9957,1539.2,5.0021,37
M_UNIA,Union Midcap Fund,15,53.64,True,1827,15.98,14.9,18.59,12.69,12.69,0.4595,0.5297,0.0512,0.934,0.9036,0.9541,78.74,-11.4,11.84,0.2267,1.2127,0.6703,6.1438,-18.27,-21.26,-5.98,0.8699,0.9554,0.9978,2005.31,5.0021,37
M_CAMR,Canara Rob Mid Cap Fund,16,51.31,True,1397,16.44,,15.47,9.47,10.92,0.8182,0.4571,0.2151,0.9304,0.8675,0.8982,78.76,-0.15,16.43,0.1691,1.3255,0.6887,6.3725,-18.66,-21.24,-5.14,0.6422,1.0,0.7413,5231.03,3.8248,22
M_IDCCL,Bandhan Mid Cap Fund,17,50.91,True,1503,17.32,18.24,17.62,8.77,11.82,0.7692,0.4684,0.216,0.9196,0.8481,0.9737,77.29,-12.08,13.52,0.4291,1.3306,0.7238,7.0827,-19.86,-22.71,-4.82,0.8985,0.9807,0.8077,2403.2,4.115,26
M_MIAI,Mirae Asset Midcap Fund,18,50.88,True,1827,14.69,14.91,18.35,13.07,13.5,0.3784,0.3856,0.0923,0.9102,0.8679,0.9849,77.46,-11.67,15.17,0.22,1.2235,0.5481,6.6851,-19.47,-22.54,-6.16,0.6563,1.0,1.0,20891.69,5.0021,37
M_TAMW,Tata Mid Cap Fund,19,50.39,True,1827,13.85,14.8,19.1,10.1,8.86,0.3784,0.4534,0.0069,0.9137,0.8814,0.9239,78.78,-16.77,14.94,-0.0011,1.2138,0.5718,6.5556,-18.18,-21.22,-6.12,0.8211,1.0,1.0,6240.29,5.0021,37
M_FRRN,Franklin India Mid Cap Fund,20,49.77,True,1827,14.42,12.75,23.35,12.6,5.23,0.4865,0.3517,-0.3428,0.9036,0.9048,0.9334,81.69,-16.98,11.42,-0.0676,1.1713,0.5829,5.6021,-15.63,-18.31,-6.77,0.6436,1.0,1.0,13052.4,5.0021,37
M_SBIAU,SBI Midcap Fund,21,49.61,True,1827,9.79,13.03,17.19,6.79,4.21,0.0,0.3898,-0.2357,0.836,0.8109,0.7929,82.12,-23.78,25.48,-0.0044,1.1872,0.3106,6.5298,-15.48,-17.88,-5.55,0.7704,1.0,1.0,24518.32,5.0021,37
M_PGDO,PGIM India Midcap Fund,22,46.34,True,1827,11.09,10.2,15.07,8.43,6.27,0.1622,0.3602,-0.7149,0.8371,0.8733,0.8115,80.87,-18.59,20.97,0.0359,1.1145,0.3806,6.1218,-16.38,-19.13,-5.0,0.699,1.0,1.0,11217.67,5.0021,37
M_JMDL,JM Mid Cap Fund,23,43.61,True,1408,18.1,,14.46,7.37,11.3,0.7391,0.6136,0.827,1.0407,0.9357,0.9742,77.46,-6.75,4.89,0.4036,1.4103,0.7624,7.9048,-19.42,-22.54,-5.1,0.5984,0.8915,0.7466,1360.29,3.8549,23
M_QUTD,Quant Mid Cap Fund,24,40.97,True,1827,9.94,15.28,18.24,1.44,1.9,0.4054,0.4958,0.1303,0.9571,0.9171,1.0076,74.05,2.05,6.48,0.0292,1.2121,0.3072,12.9281,-23.65,-25.95,-13.84,0.7171,1.0,1.0,8055.58,5.0021,37
M_ADTMI,Aditya Birla SL Midcap Fund,25,40.69,True,1827,13.8,13.37,18.94,10.02,9.62,0.2973,0.3178,-0.2266,0.8978,0.8865,0.9474,78.13,-17.81,11.86,0.1989,1.1844,0.5214,7.277,-19.1,-21.87,-6.18,0.5944,1.0,1.0,6966.29,5.0021,37
M_IDIC,LIC MF Midcap Fund,26,40.38,True,1827,15.08,12.45,20.27,9.73,8.08,0.4595,0.2585,-0.3793,0.9527,0.9782,0.9681,78.53,-12.1,1.68,0.1986,1.1532,0.5959,7.2582,-18.41,-21.47,-5.8,0.808,0.646,0.9823,392.12,5.0021,37
M_DSPMU,DSP Midcap Fund,27,39.15,True,1827,13.18,11.18,17.59,10.68,8.76,0.2432,0.2288,-0.6385,0.8701,0.898,0.9381,78.77,-21.13,12.8,-0.0151,1.1323,0.4994,6.1299,-18.32,-21.23,-6.12,0.8042,1.0,1.0,21018.54,5.0021,37
M_UTIMP,UTI Mid Cap Fund,28,37.52,True,1827,10.89,11.49,16.4,7.98,6.96,0.0,0.25,-0.6292,0.8652,0.8856,0.9194,77.34,-16.74,14.73,0.0324,1.1402,0.3525,7.6439,-19.83,-22.66,-6.38,0.8177,1.0,1.0,12795.44,5.0021,37
M_TACV,Taurus Mid Cap Fund,29,30.64,True,1827,9.28,11.99,13.53,5.06,6.71,0.0811,0.3559,-0.3124,0.9772,1.0192,1.081,76.07,-6.5,-7.76,0.3846,1.1342,0.2556,9.0523,-20.86,-23.93,-3.72,0.4185,0.5652,0.9783,139.85,5.0021,37
M_HEIP,Helios Mid Cap Fund,30,17.89,False,561,,,,,,,0.6909,1.8053,1.0536,0.7787,1.0739,83.26,0.41,13.69,0.4714,1.4319,1.1757,4.4958,-14.03,-16.74,-4.23,0.6596,0.9705,0.3695,2228.71,1.5359,0
M_BANOU,Bank of India Mid Cap Fund,31,15.06,False,400,,,,,,,0.625,-0.1956,0.8167,0.8191,0.7298,87.51,,41.23,0.1383,0.9738,-0.0774,4.0199,-10.44,-12.49,-4.25,0.6532,0.7739,0.3597,766.6,1.0951,0
