mfId,name,rank,score,data_days,cagr_3y,cagr_5y,n_windows,xirr_mean,xirr_p25,hold_ret,hold_dd,info_ratio,residual_alpha,downside_capture,rebound,ulcer,sortino,calmar,shrink_lambda,aum_factor,gold_part,metals_overfit,alloc_stability,eq_down_prot
M_NIPU,Nippon India Multi Asset Allocation Fund,1,81.1,2233,18.08,14.16,50.0,17.67,12.23,17.61,-5.75,0.1708,7.96,0.3689,-0.0021,0.0234,1.1475,1.9789,0.6024,1.0,0.5672,0.0564,0.0844,0.6311
M_TATI,Tata Multi Asset Allocation Fund,2,74.7,2408,12.02,11.17,55.0,15.52,11.8,13.95,-6.18,-0.2527,7.33,0.5193,-0.0613,0.0262,1.3742,0.9668,0.625,1.0,0.4696,0.0707,0.0505,0.4807
M_WOMT,WOC Multi Asset Allocation Fund,3,69.95,1239,16.41,,17.0,16.92,15.06,15.49,-2.66,0.3658,12.74,-0.1299,0.0772,0.0071,1.2572,4.4138,0.34,1.0,0.3767,0.037,0.0481,1.1299
M_QUNS,Quant Multi Asset Allocation Fund,4,68.8,5019,21.85,17.88,141.0,17.77,7.48,18.01,-6.76,0.1908,13.8,0.2997,-0.1193,0.0373,0.7352,0.8144,0.8103,1.0,0.4451,0.0482,0.356,0.7003
M_SBTO,SBI Multi Asset Allocation Fund,5,68.24,4956,14.13,12.42,139.0,12.6,9.41,12.33,-3.84,-0.1378,7.07,0.2306,-0.1653,0.0168,0.7968,1.0794,0.8081,1.0,0.3836,0.0187,0.1557,0.7694
M_DSPUI,DSP Multi Asset Allocation Fund,6,67.4,1106,17.51,,13.0,18.78,17.69,20.24,-4.6,0.6913,13.41,0.0664,-0.0759,0.0162,1.1907,2.8429,0.2826,1.0,0.443,0.0128,0.0726,0.9336
M_ADYUO,Aditya Birla SL Multi Asset Allocation Fund,7,62.7,1344,15.13,,21.0,15.73,14.53,14.2,-7.76,0.5151,8.54,0.3902,0.0358,0.0247,0.7757,1.7152,0.3889,1.0,0.4864,0.0495,0.0716,0.6098
M_ICPPP,ICICI Pru Multi Asset Allocation Fund,8,61.92,5026,13.08,13.83,142.0,16.94,8.02,16.06,-8.17,0.3494,7.4,0.716,-0.0518,0.0476,0.7145,0.4873,0.8114,1.0,0.4699,0.0436,0.1476,0.284
M_KOTUU,Kotak Multi Asset Allocation Fund,9,59.27,1113,17.23,,13.0,17.23,16.68,21.23,-8.09,0.8803,11.77,0.363,-0.0701,0.0331,0.7789,1.4461,0.2826,1.0,0.4504,0.0275,0.1036,0.637
M_EDMU,Edelweiss Multi Asset Allocation Fund,10,56.44,1204,7.59,,16.0,7.59,7.22,6.97,-0.54,-0.1909,7.3,-0.1497,-0.0806,0.001,0.7107,9.6309,0.3265,1.0,0.1923,0.0001,0.0312,1.1497
M_MAAO,Mahindra Manulife Multi Asset Allocation Fund,11,54.77,938,14.08,,7.0,14.88,13.88,15.54,-6.06,1.0513,11.98,0.3071,-0.0448,0.0185,0.7266,2.2478,0.175,1.0,0.3633,0.0077,0.0687,0.6929
M_BANHP,Bandhan Multi Asset Allocation Fund,12,53.86,980,14.45,,9.0,15.43,15.52,18.18,-6.13,1.096,11.76,0.2553,-0.0132,0.0258,0.7379,1.7949,0.2143,1.0,0.4084,0.0636,0.0836,0.7447
M_MIUD,Mirae Asset Multi Asset Allocation Fund,13,53.61,980,12.6,,9.0,13.81,13.31,14.91,-5.55,0.9276,10.72,0.3082,0.0405,0.0184,0.6543,1.9982,0.2143,1.0,0.3773,0.0444,0.0651,0.6918
M_BABL,Baroda BNP Paribas Multi Asset Fund,14,51.48,1386,13.29,,22.0,13.7,10.5,10.49,-8.77,0.5144,7.12,0.4094,-0.0467,0.0317,0.6838,1.1123,0.4,1.0,0.4412,0.0708,0.0984,0.5906
M_UNUN,Union Multi Asset Allocation Fund,15,51.16,756,,,1.0,11.44,11.44,4.05,-8.26,1.4105,11.96,0.4377,0.1073,0.027,0.2591,,0.0294,1.0,0.3524,-0.0148,0.0883,0.5623
M_BAJAO,Bajaj Finserv Multi Asset Allocation Fund,16,49.64,854,,,4.0,11.02,10.83,10.7,-8.61,0.9618,8.25,0.517,-0.119,0.0377,0.126,,0.1081,1.0,0.3833,0.0222,0.0881,0.483
M_HSAO,HSBC Multi Asset Allocation Fund,17,48.24,952,13.55,,8.0,13.47,12.9,18.97,-7.7,1.0571,8.17,0.4903,-0.0278,0.0516,0.3416,0.7747,0.1951,1.0,0.4179,0.0464,0.1898,0.5097
M_SUDUO,Sundaram Multi Asset Allocation Fund,18,48.02,987,10.8,,9.0,11.7,10.65,11.46,-7.7,0.7202,8.51,0.3702,-0.0688,0.0302,0.3752,1.1978,0.2143,1.0,0.3766,0.0664,0.106,0.6298
M_BANKD,Bank of India Multi Asset Allocation Fund,19,46.61,952,10.32,,8.0,10.5,10.24,13.1,-4.51,0.7151,7.8,0.2686,0.0908,0.0216,0.4097,1.1691,0.1951,0.9641,0.3323,0.0614,0.1196,0.7314
M_360P,360 ONE Multi Asset Allocation Fund,20,42.28,413,,,0.0,,,,,,21.42,,-0.6056,0.0177,,,0.0,0.9759,0.4967,0.0371,0.1058,
M_INVIP,Invesco India Multi Asset Allocation Fund,21,42.11,658,,,0.0,,,,,1.1593,13.79,0.1893,-0.4092,0.0178,0.515,,0.0,1.0,0.3679,0.0355,0.0851,0.8107
M_QUUC,Quantum Multi Asset Allocation Fund,22,41.97,945,6.85,,7.0,6.48,6.57,3.97,-7.46,0.2934,6.11,0.3423,-0.0019,0.0246,0.0564,0.9179,0.175,0.9148,0.2794,0.055,0.0588,0.6577
M_FRANS,Franklin India Multi Asset Allocation Fund,23,41.01,434,,,0.0,,,,,,8.11,,-0.3456,0.0271,,,0.0,1.0,0.3861,0.0639,0.0967,
M_CAUS,Canara Rob Multi Asset Allocation Fund,24,40.64,490,,,0.0,,,,,,10.84,,-0.3099,0.0222,,,0.0,1.0,0.3264,0.0581,0.0933,
M_LIEG,LIC MF Multi Asset Allocation Fund,25,40.2,595,,,0.0,,,,,0.8206,9.12,0.3869,-0.2301,0.0252,0.5679,,0.0,1.0,0.3683,0.0722,0.0994,0.6131
M_HDCUU,HDFC Multi Asset Allocation Fund,26,40.07,5026,11.05,9.95,142.0,12.25,8.08,11.81,-5.61,-0.1572,6.1,0.5346,-0.1262,0.0296,0.4338,0.4848,0.8114,1.0,0.3769,0.049,0.1857,0.4654
M_PGTS,PGIM India Multi Asset Allocation Fund,27,40.04,308,,,0.0,,,,,,7.27,,-0.3998,0.0285,,,0.0,0.9589,0.4309,0.0587,0.0887,
M_THWY,The Wealth Company Multi Asset Allocation Fund,28,39.9,301,,,0.0,,,,,,8.03,,-0.2391,0.019,,,0.0,0.9507,0.4096,0.0476,0.1012,
M_SACM,Samco Multi Asset Allocation Fund,29,39.32,644,,,0.0,,,,,0.7852,11.42,-0.0474,-0.3429,0.0252,0.4496,,0.0,0.9667,0.3603,0.0528,0.1608,1.0474
M_GRMO,Groww Multi Asset Allocation Fund,30,38.69,371,,,0.0,,,,,,2.64,,-0.394,0.0289,,,0.0,0.9658,0.2967,0.0671,0.0721,
M_SHRS,Shriram Multi Asset Allocation Fund,31,37.94,1127,10.32,,13.0,6.67,6.09,10.35,-8.21,0.2083,4.93,0.6629,-0.0277,0.0501,0.3314,0.6836,0.2826,0.9365,0.3682,0.0488,0.109,0.3371
M_AXPU,Axis Multi Asset Allocation Fund,32,30.68,5026,12.92,7.83,142.0,11.98,7.02,11.91,-8.47,-0.1939,4.83,0.6915,-0.0978,0.0449,0.3625,0.5492,0.8114,1.0,0.4611,0.0522,0.19,0.3085
M_UTIMA,UTI Multi Asset Allocation Fund,33,24.65,5026,14.01,12.28,142.0,11.49,5.36,11.16,-7.39,-0.3188,4.52,0.7353,-0.1126,0.0423,0.3021,0.6523,0.8114,1.0,0.418,0.0747,0.1137,0.2647
