mfId,name,rank,score,evidence_qualified,data_days,cagr_3y,cagr_5y,sip_p50,sip_p25,sip_latest,sip_hit_rate,sip_consistency,n_sip_windows,risk_on_alpha,metal_capture,mixed_alpha,stress_alpha,eq_up_capture,eq_down_capture,sortino_3y,calmar_3y,max_drawdown_3y,current_drawdown,ulcer_index,cvar_5pct,recovery_weeks,eq_weight,gold_weight,silver_weight,defensive_weight,timing_alignment,regime_fit,allocation_balance,exposure_stability,durability_score,confidence,aum,data_weeks,history_years
M_NIPU,Nippon India Multi Asset Allocation Fund,1,71.12,True,1827,18.54,15.13,20.04,18.27,15.91,0.6875,4.4253,32,6.94,0.2412,14.53,3.74,0.387,-0.038,1.0993,2.0945,-8.85,-4.38,2.2423,-2.96,3.5385,0.3126,0.0,0.1202,0.5672,0.3089,0.2702,0.7548,0.8996,0.9708,0.9653,17983.94,261,5.0021
M_SBTO,SBI Multi Asset Allocation Fund,2,64.18,True,1827,14.53,13.09,16.38,14.75,12.7,0.4688,4.0654,32,-4.15,0.2299,10.7,12.89,0.2568,-0.0931,0.975,1.9237,-7.56,-2.7,1.8652,-2.14,4.2727,0.2449,0.0,0.1069,0.6482,0.2769,0.2569,0.678,0.9274,0.97,0.9651,20240.34,261,5.0021
M_WOMT,WOC Multi Asset Allocation Fund,3,62.84,True,1229,16.71,,18.35,14.86,14.86,0.4118,8.1252,17,-5.36,0.2432,14.39,31.98,0.3172,-0.0628,1.634,2.7471,-6.08,-2.5,0.9519,-1.59,2.3929,0.187,0.0017,0.0542,0.7572,0.2971,0.3387,0.5184,0.9416,0.9902,0.6908,8777.56,176,3.3648
M_QUNS,Quant Multi Asset Allocation Fund,4,60.09,True,1827,21.62,19.12,22.42,16.87,15.87,0.6875,2.988,32,19.17,0.249,13.1,-0.62,0.4466,-0.0537,1.2477,1.7464,-12.38,-4.12,3.249,-3.33,4.8571,0.2739,0.0,0.091,0.6351,0.3293,0.241,0.6845,0.8753,0.9989,0.9752,6356.37,261,5.0021
M_ICPPP,ICICI Pru Multi Asset Allocation Fund,5,58.09,True,1827,13.56,15.1,19.72,15.08,9.21,0.5938,2.917,32,1.65,0.1657,6.56,15.37,0.3228,0.0115,0.923,1.5038,-9.02,-4.62,2.1636,-2.34,4.0417,0.3538,0.0,0.085,0.5612,0.2916,0.235,0.7369,0.9179,0.97,0.9651,87833.1,261,5.0021
M_DSPUI,DSP Multi Asset Allocation Fund,6,57.19,True,1098,17.79,,18.78,17.5,17.19,0.7692,10.7211,13,-0.74,0.2759,8.86,23.22,0.3446,-0.0582,1.1401,2.2382,-7.95,-4.37,1.6242,-2.59,4.05,0.2406,0.0088,0.1045,0.6461,0.2943,0.2633,0.6848,0.9328,0.9851,0.623,10592.4,157,3.0062
M_UTIMA,UTI Multi Asset Allocation Fund,7,51.08,True,1827,14.38,12.69,19.88,12.06,8.11,0.5938,2.1315,32,8.65,0.1337,11.62,-4.01,0.3668,0.0403,0.8041,1.4008,-10.27,-5.35,2.9084,-2.71,4.6364,0.3773,0.0,0.1137,0.509,0.3065,0.2637,0.7808,0.9017,0.9963,0.9743,6998.04,261,5.0021
M_HDCUU,HDFC Multi Asset Allocation Fund,8,50.87,True,1827,11.42,10.58,15.91,12.56,7.94,0.0625,3.2031,32,-3.1,0.1598,6.81,10.87,0.2756,0.0131,0.655,1.3348,-8.56,-4.79,2.2394,-2.21,4.0833,0.3128,0.0,0.0851,0.6021,0.2596,0.2351,0.7099,0.93,1.0,0.9756,6031.26,261,5.0021
M_EDMU,Edelweiss Multi Asset Allocation Fund,9,48.47,True,1194,7.46,,7.6,7.32,7.14,0.0,13.3475,16,-20.93,0.0981,11.89,54.58,0.0982,-0.0922,0.9029,7.2751,-1.03,0.0,0.117,-0.25,1.8667,0.0393,0.0158,0.0,0.9449,0.1819,0.1658,0.1405,0.9895,1.0,0.677,2953.76,171,3.269
M_TATI,Tata Multi Asset Allocation Fund,10,45.73,True,1827,12.39,11.93,15.44,12.79,9.92,0.375,3.095,32,1.06,0.1665,6.53,2.88,0.3068,0.0247,0.6202,1.2753,-9.72,-4.83,2.6134,-2.7,4.6522,0.3326,0.0,0.1004,0.567,0.2891,0.2504,0.7437,0.9121,1.0,0.9756,5241.6,261,5.0021
M_KOTUU,Kotak Multi Asset Allocation Fund,11,45.64,True,1103,17.56,,16.85,16.52,16.82,0.0,9.4944,13,2.56,0.2941,10.94,-9.94,0.2989,-0.1205,0.9392,1.5649,-11.22,-3.64,3.2436,-3.54,4.5909,0.2527,0.0,0.1961,0.5512,0.3209,0.3461,0.7918,0.9325,0.9752,0.6211,15282.85,157,3.0198
M_ADYUO,Aditya Birla SL Multi Asset Allocation Fund,12,45.61,True,1337,15.51,,16.6,14.43,14.83,0.381,7.4596,21,2.21,0.2415,7.75,-0.05,0.343,-0.0163,0.827,1.4122,-10.98,-4.46,2.7027,-3.13,4.2083,0.2965,0.0,0.1288,0.5747,0.3221,0.15,0.7536,0.9109,0.994,0.7509,7618.21,191,3.6605
M_AXPU,Axis Multi Asset Allocation Fund,13,43.12,True,1827,13.33,8.67,15.04,12.33,12.42,0.0,4.3509,32,1.85,0.2255,2.75,-6.21,0.3172,0.013,0.6492,1.2883,-10.35,-4.79,3.1241,-3.06,4.28,0.347,0.0,0.1406,0.5124,0.3058,0.2906,0.7964,0.8986,1.0,0.9756,2611.13,261,5.0021
M_BABL,Baroda BNP Paribas Multi Asset Fund,14,33.64,True,1380,13.8,,13.8,11.05,10.42,0.3182,3.2592,22,5.43,0.188,8.15,-8.05,0.361,0.0526,0.6674,1.2385,-11.14,-5.87,3.414,-3.26,4.5417,0.3361,0.0,0.103,0.5609,0.336,0.15,0.7491,0.9001,1.0,0.7727,1463.69,198,3.7782
M_SHRS,Shriram Multi Asset Allocation Fund,15,23.0,True,1117,10.62,,6.74,6.08,8.54,0.0,4.9036,13,0.54,0.1591,11.84,-19.68,0.3292,0.0889,0.4043,0.7074,-15.02,-4.79,5.3531,-3.5,7.5625,0.2856,0.0,0.1127,0.6017,0.3618,0.415,0.7249,0.9087,0.9737,0.625,145.88,160,3.0582
M_MAAO,Mahindra Manulife Multi Asset Allocation Fund,16,24.27,False,930,,,15.44,14.83,16.25,0.0,11.0412,7,2.7,0.2371,9.41,13.18,0.298,-0.0437,0.8754,,-8.09,-3.73,2.0138,-2.52,4.2632,0.2861,0.0,0.1047,0.6092,0.3039,0.2547,0.7147,0.9349,0.8815,0.5216,1234.81,133,2.5462
M_BANHP,Bandhan Multi Asset Allocation Fund,17,23.85,False,972,15.01,,15.64,15.45,15.78,0.0,9.5398,9,3.58,0.236,12.21,5.71,0.3273,-0.0278,0.8194,1.7565,-8.55,-3.82,2.5629,-2.84,3.6957,0.2584,0.0,0.114,0.6276,0.3043,0.15,0.7018,0.9288,0.9488,0.556,3744.87,139,2.6612
M_360P,360 ONE Multi Asset Allocation Fund,18,21.65,False,403,,,,,,,,0,21.12,0.3003,2.87,27.97,0.4134,-0.1426,1.0905,,-8.53,-4.22,2.278,-3.09,5.8333,0.1894,0.0095,0.194,0.6071,0.3501,0.1595,0.7438,0.9524,0.6151,0.3313,510.54,58,1.1034
M_MIUD,Mirae Asset Multi Asset Allocation Fund,19,21.04,False,972,13.02,,13.55,13.13,13.55,0.0,7.922,9,-1.39,0.2323,9.65,10.65,0.2973,-0.0131,0.7155,1.5315,-8.5,-3.44,1.9413,-2.51,4.1429,0.2575,0.0,0.0998,0.6427,0.2914,0.15,0.6809,0.9323,0.9488,0.556,3690.64,139,2.6612
M_SACM,Samco Multi Asset Allocation Fund,20,19.59,False,637,,,,,,,,0,3.54,0.1635,5.29,41.26,0.1194,-0.2245,0.6806,,-7.97,-3.92,2.0768,-2.5,3.8125,0.1003,0.0,0.1028,0.7968,0.252,0.15,0.4592,0.9435,0.7112,0.403,400.2,91,1.744
M_INVIP,Invesco India Multi Asset Allocation Fund,21,19.4,False,649,,,,,,,,0,3.65,0.2198,2.52,17.24,0.3397,-0.0176,0.7146,,-8.74,-4.62,1.8919,-2.98,3.6154,0.2851,0.0111,0.1405,0.5633,0.306,0.1611,0.7754,0.9115,0.7161,0.4075,1233.72,93,1.7769
M_THWY,The Wealth Company Multi Asset Allocation Fund,22,17.91,False,291,,,,,,,,0,22.12,0.1457,11.91,23.01,0.3148,0.0235,0.2699,,-8.08,-3.17,2.1986,-2.76,3.125,0.1861,0.0,0.1401,0.6738,0.4234,0.15,0.6557,0.9063,0.5522,0.3184,208.44,42,0.7967
M_BANKD,Bank of India Multi Asset Allocation Fund,23,17.56,False,944,10.4,,10.77,10.3,12.18,0.0,7.4985,8,-6.66,0.2072,12.51,8.76,0.1829,-0.0735,0.4241,1.1606,-8.96,-3.1,2.3617,-2.67,3.6522,0.1822,0.0,0.0929,0.7248,0.2535,0.15,0.577,0.9397,0.936,0.5389,379.31,135,2.5845
M_SUDUO,Sundaram Multi Asset Allocation Fund,24,16.31,False,978,11.25,,11.66,10.53,11.66,0.0,4.5619,9,1.11,0.2247,4.45,1.34,0.3233,0.0537,0.4574,0.9413,-11.95,-6.54,3.1661,-3.27,4.75,0.3585,0.0,0.1266,0.5149,0.3747,0.415,0.7871,0.9197,0.9512,0.5583,3406.52,140,2.6776
M_UNUN,Union Multi Asset Allocation Fund,25,15.75,False,749,,,14.62,14.62,14.62,0.0,,1,7.27,0.2279,5.81,-1.36,0.2607,0.0011,0.3123,,-10.9,-4.41,2.9522,-3.24,4.9375,0.2911,0.0022,0.1272,0.5795,0.329,0.1522,0.751,0.9181,0.8072,0.453,1020.13,107,2.0507
M_HSAO,HSBC Multi Asset Allocation Fund,26,15.33,False,944,13.72,,14.34,13.83,15.65,0.0,7.1961,8,5.77,0.2808,17.61,-28.93,0.2798,-0.0607,0.4703,0.7485,-18.32,-5.05,5.7443,-4.88,5.0,0.2181,0.0,0.1296,0.6522,0.3116,0.15,0.6803,0.9084,0.9373,0.5393,3259.66,135,2.5845
M_CAUS,Canara Rob Multi Asset Allocation Fund,27,14.96,False,483,,,,,,,,0,25.78,0.0995,9.36,-4.72,0.3297,0.0572,0.2469,,-9.55,-4.61,2.4382,-2.99,3.5,0.3667,0.0736,0.1258,0.4338,0.3379,0.2236,0.8747,0.8759,0.6479,0.3446,1411.53,69,1.3224
M_BAJAO,Bajaj Finserv Multi Asset Allocation Fund,28,14.66,False,848,,,11.03,10.42,12.06,0.0,15.2341,4,7.49,0.2061,1.43,-0.16,0.2385,-0.0086,0.2937,,-11.11,-5.03,3.8683,-3.15,6.3571,0.3394,0.0,0.149,0.5115,0.3563,0.15,0.8012,0.9145,0.8478,0.4905,1943.33,122,2.3217
M_LIEG,LIC MF Multi Asset Allocation Fund,29,13.69,False,588,,,,,,,,0,10.7,0.1742,10.42,-16.48,0.3399,-0.0023,0.5938,,-12.28,-3.76,2.822,-3.51,5.0833,0.421,0.0213,0.1549,0.4028,0.3378,0.1713,0.8481,0.8637,0.6911,0.3844,1004.98,84,1.6099
M_QUUC,Quantum Multi Asset Allocation Fund,30,12.37,False,936,7.17,,6.91,6.6,6.68,0.0,3.9229,7,-10.47,0.1594,1.23,15.52,0.2192,0.0518,0.1088,0.7834,-9.15,-6.57,2.5072,-2.37,5.0556,0.2832,0.0,0.0921,0.6247,0.2889,0.15,0.6947,0.938,0.889,0.5156,59.27,134,2.5626
M_FRANS,Franklin India Multi Asset Allocation Fund,31,11.73,False,425,,,,,,,,0,32.05,0.1288,3.34,-15.12,0.3208,0.0958,0.1103,,-10.74,-5.46,3.0393,-3.67,3.4167,0.3922,0.0158,0.1628,0.4292,0.3676,0.1658,0.847,0.8374,0.6241,0.3326,2912.44,61,1.1636
M_PGTS,PGIM India Multi Asset Allocation Fund,32,11.38,False,300,,,,,,,,0,18.39,0.1385,8.28,2.98,0.3272,0.1104,-0.0204,,-10.02,-4.76,3.0996,-3.45,7.25,0.2293,0.0,0.1637,0.607,0.4063,0.15,0.7362,0.8983,0.566,0.3225,306.51,43,0.8214
M_CAPS,Capitalmind Multi Asset Allocation Fund,33,11.0,False,190,,,,,,,,0,-31.59,,4.27,,0.0649,0.2105,-1.3405,,-5.26,-5.26,2.6323,-1.93,10.0,0.0674,0.031,0.0927,0.8088,,0.2737,0.4422,,0.4675,0.3001,39.33,28,0.5202
M_GRMO,Groww Multi Asset Allocation Fund,34,10.11,False,361,,,,,,,,0,19.56,0.0516,3.97,-5.88,0.234,0.1733,-0.4732,,-10.09,-4.76,3.1945,-3.32,5.125,0.3011,0.0,0.149,0.5499,0.3794,0.15,0.7797,0.9012,0.5973,0.3285,389.91,52,0.9884
M_JMTS,JM Multi Asset Allocation Fund,35,0.0,False,71,,,,,,,,0,,,,,,,,,-4.01,-4.01,1.5894,,5.0,,,,,,,,,0.2904,0.2778,159.25,11,0.1944
M_ALPR,AlphaGrep Multi Asset Allocation Fund,36,0.0,False,64,,,,,,,,0,,,,,,,,,-1.44,-1.44,0.726,,5.0,,,,,,,,,0.2826,0.2727,75.51,10,0.1752
M_ITUP,ITI Multi Asset Allocation Fund,37,0.0,False,19,,,,,,,,0,,,,,,,,,-1.01,-1.01,0.5821,,,,,,,,,,,0.27,0.2645,,3,0.052
