mfId,name,rank,score,data_days,cagr_3y,cagr_5y,mean_24m,sortino_24m,max_drawdown,appraisal_ratio,r_squared_1y,asymmetry_score,gold_up_beta,ir_3y,ir_6m,downside_cap_3y,downside_cap_6m,aum
M_TATI,Tata Multi Asset Allocation Fund,1,67.68,1234,12.80,,0.2607,360.2291,-0.1027,0.6545,0.1949,1.2514,0.0777,-0.7596,-2.4949,0.1232,0.2753,5241.6
M_DSPUI,DSP Multi Asset Allocation Fund,2,56.16,691,,,0.3113,10.5999,-0.0971,0.6934,0.0915,4.4262,0.2108,,,,,10592.4
M_UTIMA,UTI Multi Asset Allocation Fund,3,55.36,1233,15.09,,0.3237,7.7465,-0.1144,0.6176,0.1661,1.4866,0.1316,-0.4958,-2.5409,0.0958,0.2187,6998.04
M_MAAO,Mahindra Manulife Multi Asset Allocation Fund,4,50.76,627,,,0.2488,10.4240,-0.0953,1.3855,0.1042,0.6255,0.1939,,,,,1234.81
M_NIPU,Nippon India Multi Asset Allocation Fund,5,50.08,1233,18.72,,0.3318,3.6469,-0.1078,1.4206,0.1643,1.0100,0.1801,-0.3448,-2.1392,0.0950,0.2721,17983.94
M_WOMT,WOC Multi Asset Allocation Fund,6,49.31,816,16.84,,0.2791,8.0363,-0.0608,1.7471,0.0992,1.7296,0.1351,-0.4757,-1.7878,0.0336,0.3464,8777.56
M_SBTO,SBI Multi Asset Allocation Fund,7,49.2,1221,15.43,,0.2867,3.8564,-0.0859,0.6685,0.1071,0.4409,0.1452,-0.5079,-2.0838,0.0911,0.2307,20240.34
M_BANHP,Bandhan Multi Asset Allocation Fund,8,46.56,666,,,0.2535,10.3394,-0.1002,0.8910,0.1252,1.2277,0.1882,,,,,3744.87
M_UNUN,Union Multi Asset Allocation Fund,9,40.5,505,,,0.2351,235056.5548,-0.1242,0.8749,0.0879,0.7576,0.2595,,,,,1020.13
M_HDCUU,HDFC Multi Asset Allocation Fund,10,38.93,1233,11.76,,0.2408,3.1074,-0.0890,0.4345,0.1723,1.0060,0.1182,-0.7955,-2.3614,0.0908,0.3413,6031.26
M_MIUD,Mirae Asset Multi Asset Allocation Fund,11,38.5,657,,,0.2277,8.8212,-0.0909,0.8499,0.1255,0.8923,0.1844,,,,,3690.64
M_KOTUU,Kotak Multi Asset Allocation Fund,12,34.7,737,,,0.2720,10.3556,-0.1379,0.6798,0.0778,0.6281,0.2727,,,,,15282.85
M_BANKD,Bank of India Multi Asset Allocation Fund,13,32.8,624,,,0.1626,7.1173,-0.0936,0.3012,0.0868,0.5445,0.2124,,,,,379.31
M_BAJAO,Bajaj Finserv Multi Asset Allocation Fund,14,32.1,573,,,0.1820,11.9740,-0.1321,0.8765,0.0967,0.3407,0.2374,,,,,1943.33
M_QUNS,Quant Multi Asset Allocation Fund,15,27.67,1233,21.89,,0.3823,2.6847,-0.1589,-0.1691,0.1617,0.7581,0.1143,-0.5838,-3.2601,0.1217,0.1153,6356.37
M_ADYUO,Aditya Birla SL Multi Asset Allocation Fund,16,24.32,901,15.49,,0.2616,7.3516,-0.1283,0.5424,0.1355,0.9332,0.2236,-0.7407,-2.1492,0.1035,0.3043,7618.21
M_EDMU,Edelweiss Multi Asset Allocation Fund,17,24.02,791,7.89,,0.1225,13.7172,-0.0177,4.1828,0.0115,3.9057,-0.0167,-0.2282,-1.8121,0.0060,0.0527,2953.76
M_AXPU,Axis Multi Asset Allocation Fund,18,23.68,1241,12.88,,0.2187,3.3436,-0.1735,-0.1929,0.1813,1.2913,0.1870,-0.5191,-2.6260,0.1037,0.3592,2611.13
M_SUDUO,Sundaram Multi Asset Allocation Fund,19,23.2,658,,,0.1981,4.9578,-0.1310,0.7238,0.1135,0.8020,0.2732,,,,,3406.52
M_ICPPP,ICICI Pru Multi Asset Allocation Fund,20,21.89,1233,14.33,,0.3165,2.9596,-0.0951,1.2842,0.1927,1.4563,0.0895,-0.7540,-2.7279,0.0838,0.3511,87833.1
M_HSAO,HSBC Multi Asset Allocation Fund,21,20.9,636,,,0.2187,6.5530,-0.1869,0.4564,0.0836,0.8034,0.2783,,,,,3259.66
M_360P,360 ONE Multi Asset Allocation Fund,22,16.5,266,,,,,-0.0987,0.6810,0.0056,,0.3133,,,,,510.54
M_BABL,Baroda BNP Paribas Multi Asset Fund,23,16.48,927,14.21,,0.2321,3.1072,-0.1195,0.2765,0.1562,1.0099,0.1997,-0.9115,-2.5222,0.1152,0.3534,1463.69
M_CAUS,Canara Rob Multi Asset Allocation Fund,24,15.96,328,,,,,-0.1050,1.6504,0.0586,0.0817,0.1761,,,,,1411.53
M_SACM,Samco Multi Asset Allocation Fund,24,15.96,432,,,,,-0.1232,1.8816,0.0014,-8.7113,0.2780,,,,,400.2
M_INVIP,Invesco India Multi Asset Allocation Fund,26,14.0,437,,,,,-0.1098,0.8389,0.0504,0.3600,0.2413,,,,,1233.72
M_FRANS,Franklin India Multi Asset Allocation Fund,27,12.7,285,,,,,-0.1155,0.0493,0.0539,-0.1603,0.1955,,,,,2912.44
M_LIEG,LIC MF Multi Asset Allocation Fund,28,11.4,397,,,,,-0.1351,1.0184,0.0861,0.4260,0.2591,,,,,1004.98
M_QUUC,Quantum Multi Asset Allocation Fund,29,10.56,630,,,0.1206,3.0418,-0.1049,1.1288,0.1193,1.0263,0.1684,,,,,59.27
M_SHRS,Shriram Multi Asset Allocation Fund,30,4.05,747,,,0.1009,0.0351,-0.1533,0.5128,0.1406,0.9266,0.2250,,,,,145.88
