mfId,name,rank,score,data_days,cagr_3y,cagr_5y,sip_hold_median_ret,sip_hold_p20_ret,asymmetry_score,beta_up_3y,beta_down_3y,down_cap_1y,max_dd_1y,liquidity_score,info_ratio,aum
M_BOIL,Bank of India Small Cap Fund,1,82.02,1827,6.82,18.38,34.45,16.79,1.2900,0.3079,0.2387,0.3361,-10.54,1.0000,0.1817,3307.18
M_ITIM,ITI Small Cap Fund,2,79.45,1827,6.35,19.61,41.53,20.53,1.2403,0.2691,0.2169,0.3481,-11.06,1.0000,0.1388,3602.85
M_UNSL,Union Small Cap Fund,3,63.63,1827,6.35,16.01,28.00,15.19,1.2460,0.2612,0.2096,0.3269,-11.51,1.0000,0.0911,2667.47
M_IDIS,LIC MF Small Cap Fund,4,61.0,1827,2.39,15.24,30.33,10.88,1.4718,0.3118,0.2119,0.5111,-11.46,1.0000,0.1074,831.55
M_UTSSA,UTI Small Cap Fund,5,49.65,1827,1.44,13.16,30.04,10.23,1.1924,0.2402,0.2014,0.3790,-13.21,1.0000,0.0136,5263.02
M_PGSE,PGIM India Small Cap Fund,6,47.62,1827,5.13,13.41,24.14,15.69,1.1552,0.2298,0.1989,0.2371,-11.81,1.0000,-0.0420,1673.64
M_SUNSP,Sundaram Small Cap Fund,7,42.66,1827,4.00,15.11,29.45,16.44,1.1490,0.2188,0.1904,0.4819,-14.87,1.0000,0.0600,3922.31
M_EDEC,Edelweiss Small Cap Fund,8,41.76,1827,1.89,14.10,31.33,11.80,1.0834,0.2185,0.2017,0.3925,-12.98,0.8000,0.0688,7252.91
M_ADICM,Aditya Birla SL Small Cap Fund,9,35.97,1827,3.86,14.87,26.10,11.78,1.2048,0.2595,0.2154,0.4188,-12.26,0.8000,-0.0243,6226.47
M_ICCDS,ICICI Pru Small Cap Fund,10,30.06,1827,0.50,11.92,25.63,7.67,1.3222,0.2277,0.1722,0.4303,-13.32,0.8000,-0.0232,9820.61
M_TRMU,TRUSTMF Small Cap Fund,11,26.68,694,,,,,,,,0.3648,-10.45,1.0000,0.5280,3438.9
M_MIPA,Mirae Asset Small Cap Fund,12,22.81,603,,,,,,,,0.3464,-12.33,1.0000,0.2353,5717.05
M_TASC,Tata Small Cap Fund,13,22.22,1827,-1.49,11.79,33.10,0.86,1.3841,0.2538,0.1834,0.5321,-16.59,0.5000,0.0356,12695.77
M_FRSM,Franklin India Small Cap Fund,14,21.68,1827,-1.58,12.65,29.95,4.70,1.3496,0.2385,0.1767,0.4730,-12.68,0.5000,0.0289,14746.08
M_CANM,Canara Rob Small Cap Fund,15,20.92,1827,-0.04,11.56,27.06,7.73,1.3294,0.2466,0.1855,0.4249,-14.26,0.5000,-0.0026,14230.88
M_IDFM,Bandhan Small Cap Fund,16,14.96,1827,3.85,20.81,52.19,17.71,1.4165,0.2622,0.1851,0.5063,-13.05,0.2000,0.1670,34176.02
M_BAJFP,Bajaj Finserv Small Cap Fund,17,13.69,434,,,,,,,,0.4571,-13.81,1.0000,0.3248,2646.91
M_INEP,Invesco India Smallcap Fund,18,13.46,1827,5.80,18.28,40.03,20.69,1.1673,0.2699,0.2312,0.4102,-13.48,0.2000,0.1760,15744.4
M_NIMS,Nippon India Small Cap Fund,19,12.88,1827,0.82,14.67,32.44,9.43,1.3016,0.2463,0.1892,0.3955,-11.48,0.2000,0.1350,82580.31
M_AXMC,Axis Small Cap Fund,20,12.6,1827,3.57,13.47,30.75,13.27,1.1801,0.2005,0.1699,0.3182,-11.57,0.2000,0.0387,31448.32
M_QUNF,Quant Small Cap Fund,21,11.72,1827,1.18,15.46,30.78,11.42,1.1793,0.2405,0.2039,0.4240,-10.77,0.2000,0.1523,35557.21
M_DSPSM,DSP Small Cap Fund,22,10.69,1827,5.06,15.96,31.69,17.22,1.0411,0.2096,0.2014,0.4944,-12.31,0.2000,0.1072,20220.75
M_MAAI,Mahindra Manulife Small Cap Fund,23,10.57,1387,2.95,18.46,19.51,8.11,1.4070,0.2844,0.2021,0.4496,-10.58,1.0000,0.2237,5467.66
M_LTES,HSBC Small Cap Fund,24,8.87,1827,1.46,13.71,27.47,7.75,1.2952,0.2649,0.2045,0.4514,-13.00,0.2000,0.0930,19076.35
M_BARDN,Baroda BNP Paribas Small Cap Fund,25,7.66,1065,0.63,,5.74,-0.33,1.4815,0.2627,0.1773,0.3840,-11.88,1.0000,-0.0383,1309.22
M_MOON,Motilal Oswal Small Cap Fund,26,7.02,1008,8.49,,18.97,10.08,1.1262,0.2314,0.2055,0.3436,-12.34,0.8000,0.3708,8150.2
M_JMPT,JM Small Cap Fund,27,6.64,833,3.07,,17.59,16.13,1.7819,0.3185,0.1787,0.5832,-14.48,1.0000,0.1687,929.5
M_SBILM,SBI Small Cap Fund,28,6.01,1827,0.19,11.01,24.57,6.42,0.9489,0.1743,0.1837,0.3847,-10.88,0.2000,-0.0354,42630.89
M_HDFSU,HDFC Small Cap Fund,29,5.76,1827,-0.65,11.64,26.96,6.79,1.2431,0.2335,0.1879,0.5533,-14.28,0.2000,-0.0029,41890.86
M_KOSM,Kotak Small Cap Fund,30,5.65,1827,0.10,11.94,25.45,5.31,1.0793,0.2098,0.1944,0.3782,-12.50,0.2000,-0.0642,18932.78
M_QUUS,Quantum Small Cap Fund,31,2.23,1061,2.92,,12.93,8.00,1.3506,0.2181,0.1615,0.5109,-14.72,0.4000,-0.1023,265.27
