mfId,name,rank,score,evidence_qualified,data_days,cagr_3y,cagr_5y,sip_xirr_backtest_median,sip_xirr_backtest_p25,n_sip_windows,sip_hit_rate,alpha_consistency,momentum_quality,recovery_strength,swing_participation,drawdown_control,downside_resilience,up_capture,down_capture,vol_regime,max_drawdown_1y,current_drawdown,aum_liquidity_score,confidence,aum,history_years
M_BOIL,Bank of India Small Cap Fund,1,96.77,True,1827,21.61,19.92,20.63,12.68,37,0.7027,0.6522,1.3815,23.52,1.0201,-12.72,-53.84,1.0623,0.8446,0.4118,-12.92,0.0,1.0,1.0,3307.18,5.0021
M_ITIM,ITI Small Cap Fund,2,87.1,True,1827,22.94,17.85,24.79,14.2,37,1.0,0.8913,0.8333,10.54,0.9425,-13.02,-53.31,1.0107,0.8423,0.6774,-11.95,-4.3,1.0,1.0,3602.85,5.0021
M_DSPSM,DSP Small Cap Fund,3,83.7,True,1827,16.55,16.84,19.0,11.65,37,0.4865,0.75,0.6739,5.88,0.8729,-11.76,-49.59,0.9194,0.7878,0.592,-9.54,-3.36,0.9276,0.9964,21658.64,5.0021
M_IDFM,Bandhan Small Cap Fund,4,80.21,True,1827,22.69,18.79,30.78,11.67,37,1.0,0.7391,0.4601,1.98,0.8939,-12.24,-51.6,0.9293,0.8317,0.5845,-12.7,-2.62,0.8056,0.9903,34176.02,5.0021
M_UNSL,Union Small Cap Fund,5,77.42,True,1827,16.19,16.47,16.47,10.24,37,0.4595,0.7717,0.6978,6.57,0.946,-13.08,-54.6,1.0279,0.8665,0.5942,-10.4,-4.11,1.0,1.0,2667.47,5.0021
M_INEP,Invesco India Smallcap Fund,6,74.19,True,1827,21.32,18.9,23.96,13.76,37,0.7568,0.8043,0.4524,3.83,0.9114,-13.03,-54.67,1.0055,0.8744,0.6439,-12.21,-4.77,1.0,1.0,15744.4,5.0021
M_QUNF,Quant Small Cap Fund,7,60.94,True,1827,16.93,18.02,18.72,7.9,37,0.7297,0.6957,0.6681,7.78,0.8543,-13.45,-50.28,0.8801,0.8104,0.6003,-13.71,-2.56,0.795,0.9898,35557.21,5.0021
M_IDIS,LIC MF Small Cap Fund,8,54.73,True,1827,17.33,16.69,18.04,9.24,37,0.5946,0.5978,0.6872,11.49,0.9891,-14.39,-57.37,1.0035,0.9262,0.6352,-13.38,-3.51,0.9301,0.9965,831.55,5.0021
M_PGSE,PGIM India Small Cap Fund,9,51.59,True,1827,15.19,12.3,15.09,10.51,37,0.4054,0.7717,0.6624,4.64,0.7881,-12.56,-45.51,0.8421,0.7265,0.7761,-13.12,-3.88,0.9808,0.999,1793.79,5.0021
M_MAAI,Mahindra Manulife Small Cap Fund,10,49.97,True,1394,18.75,,11.96,5.87,23,1.0,0.7174,0.6425,4.88,0.8859,-14.2,-50.84,0.9029,0.8216,0.7382,-12.05,-4.87,1.0,0.7465,5467.66,3.8166
M_SUNSP,Sundaram Small Cap Fund,11,48.39,True,1827,15.26,15.48,17.8,11.18,37,0.4865,0.7935,0.4291,5.19,0.8559,-13.25,-50.48,0.9225,0.8155,0.729,-13.08,-4.14,1.0,1.0,4155.35,5.0021
M_ADICM,Aditya Birla SL Small Cap Fund,12,45.16,True,1827,14.52,12.72,15.86,9.01,37,0.3243,0.7609,0.6833,5.28,0.8593,-13.17,-50.25,0.8806,0.7886,0.6757,-10.82,-4.21,1.0,1.0,6226.47,5.0021
M_AXMC,Axis Small Cap Fund,13,41.74,True,1827,14.43,14.93,18.72,9.01,37,0.5135,0.6957,0.4225,-0.35,0.7387,-11.56,-45.06,0.8001,0.7234,0.674,-11.8,-3.98,0.8278,0.9914,31448.32,5.0021
M_EDEC,Edelweiss Small Cap Fund,14,35.48,True,1827,14.15,15.63,18.96,8.17,37,0.5946,0.663,0.2017,-2.71,0.7879,-12.99,-49.76,0.8392,0.8012,0.7231,-11.59,-5.98,1.0,1.0,7252.91,5.0021
M_NIMS,Nippon India Small Cap Fund,15,32.04,True,1827,14.18,17.65,19.56,6.34,37,0.8108,0.5543,0.3293,-0.46,0.8273,-13.03,-48.69,0.8148,0.7892,0.6502,-12.04,-3.68,0.75,0.9875,82580.31,5.0021
M_ICCDS,ICICI Pru Small Cap Fund,16,29.03,True,1827,11.12,13.24,15.55,5.37,37,0.3243,0.5217,0.3206,-1.41,0.7066,-12.42,-42.31,0.7094,0.688,0.6883,-13.27,-2.12,1.0,1.0,9820.61,5.0021
M_LTES,HSBC Small Cap Fund,17,25.78,True,1827,13.8,16.21,16.76,6.15,37,0.2432,0.5543,0.5926,7.51,0.9423,-14.65,-57.34,0.9639,0.9242,0.6596,-14.05,-3.58,0.9615,0.9981,19076.35,5.0021
M_UTSSA,UTI Small Cap Fund,18,22.58,True,1827,12.76,14.03,17.21,8.14,37,0.4865,0.5217,0.1331,-2.28,0.8152,-13.72,-51.24,0.8547,0.8273,0.6473,-14.56,-5.44,1.0,1.0,5447.65,5.0021
M_TASC,Tata Small Cap Fund,19,19.35,True,1827,11.51,14.91,19.97,0.71,37,0.3784,0.3587,0.4416,6.59,0.8098,-19.02,-53.26,0.8088,0.8677,0.6013,-20.43,-8.58,1.0,1.0,13093.88,5.0021
M_CANM,Canara Rob Small Cap Fund,20,16.13,True,1827,11.27,13.52,16.47,5.29,37,0.2703,0.5435,0.0646,-4.63,0.7975,-13.58,-51.87,0.8382,0.8451,0.6755,-12.53,-5.3,1.0,1.0,14661.14,5.0021
M_FRSM,Franklin India Small Cap Fund,21,12.9,True,1827,11.37,14.7,18.21,3.16,37,0.4865,0.4565,0.0754,-4.1,0.7842,-14.47,-49.82,0.7824,0.803,0.5971,-13.07,-6.79,1.0,1.0,14746.08,5.0021
M_KOSM,Kotak Small Cap Fund,22,9.66,True,1827,11.79,11.81,14.92,3.67,37,0.2162,0.4239,0.3092,0.4,0.7593,-14.47,-49.84,0.777,0.8003,0.722,-14.19,-5.21,0.9532,0.9977,19678.75,5.0021
M_SBILM,SBI Small Cap Fund,23,6.41,True,1827,10.7,12.76,15.08,4.33,37,0.2162,0.5326,0.2844,-1.14,0.6785,-13.49,-44.98,0.7072,0.7193,0.8249,-13.69,-5.02,0.75,0.9875,42630.89,5.0021
M_HDFSU,HDFC Small Cap Fund,24,3.2,True,1827,9.42,13.53,16.47,5.37,37,0.4324,0.5326,-0.1718,-8.72,0.8021,-14.33,-50.43,0.8231,0.8296,0.6849,-15.33,-6.46,0.7512,0.9876,41890.86,5.0021
M_BAJFP,Bajaj Finserv Small Cap Fund,25,39.88,False,441,,,,,0,,0.9608,0.651,8.15,1.0202,-9.93,-47.91,1.0202,0.8041,0.6023,-12.93,-3.94,1.0,0.371,2646.91,1.2074
M_TRMU,TRUSTMF Small Cap Fund,26,37.3,False,701,,,,,0,,0.8068,1.158,15.15,0.9492,-12.75,-47.52,1.0459,0.7383,0.6436,-11.61,-3.44,1.0,0.3954,3438.9,1.9192
M_MOON,Motilal Oswal Small Cap Fund,27,36.57,False,1015,21.58,,12.35,7.49,11,1.0,0.7174,0.8701,12.87,0.8561,-13.36,-47.59,0.9609,0.7604,0.5362,-14.24,-3.46,1.0,0.5204,8150.2,2.7789
M_JMPT,JM Small Cap Fund,28,28.3,False,840,,,10.54,9.94,5,1.0,0.5978,0.724,14.84,1.0301,-15.14,-57.6,1.0294,0.9359,0.4915,-17.88,-3.71,0.9374,0.447,929.5,2.2998
M_MIPA,Mirae Asset Small Cap Fund,29,27.01,False,610,,,,,0,,0.6533,0.3493,-1.52,0.7486,-9.32,-41.99,0.8495,0.6898,0.6708,-12.01,-3.95,1.0,0.371,5717.05,1.6701
M_QUUS,Quantum Small Cap Fund,30,26.52,False,1068,11.63,,8.41,4.93,12,1.0,0.6304,0.2736,-1.78,0.7243,-11.3,-42.58,0.7875,0.6858,0.5484,-12.19,-4.1,0.8549,0.5405,265.27,2.924
M_BARDN,Baroda BNP Paribas Small Cap Fund,31,16.06,False,1072,13.24,,4.12,1.62,13,0.8462,0.5978,0.3742,-2.33,0.7788,-12.67,-46.87,0.7732,0.7592,0.6463,-10.13,-3.62,0.96,0.5537,1309.22,2.935
