mfId,name,rank,score,data_days,cagr_3y,cagr_5y,n_windows,xirr_mean,xirr_p25,hold_ret,hold_dd,info_ratio,residual_alpha,downside_capture,rebound,ulcer,sortino,calmar,shrink_lambda,aum_factor,hold_vol,rel_dd,xirr_std,omega,batting
M_BOIL,Bank of India Small Cap Fund,1,81.06,2842,20.92,18.89,69.0,32.73,14.42,32.75,-13.8,0.8293,11.23,0.7873,0.0908,0.0803,0.8771,0.7382,0.7419,0.9935,32.44,0.3728,22.29,2.6665,0.7647
M_INEP,Invesco India Smallcap Fund,2,77.68,2891,22.22,19.12,71.0,29.98,16.51,31.19,-13.54,0.6811,7.21,0.8241,0.0505,0.0813,0.7038,0.6429,0.7474,0.9442,28.18,0.4546,16.95,2.4054,0.6782
M_EDEC,Edelweiss Small Cap Fund,3,76.99,2793,14.72,15.49,67.0,30.67,14.42,31.13,-11.76,0.5279,6.97,0.8404,0.0201,0.0758,0.7466,0.4393,0.7363,0.9737,30.93,0.4408,20.0,2.4784,0.7108
M_IDFM,Bandhan Small Cap Fund,4,73.5,2408,23.17,18.7,55.0,27.74,11.23,23.97,-13.81,0.4478,10.99,0.7599,0.0254,0.0723,1.2789,1.0299,0.6962,0.9064,27.14,0.2959,18.77,2.9715,0.7183
M_TASC,Tata Small Cap Fund,5,72.68,2877,11.61,14.89,70.0,29.2,17.12,29.81,-13.58,0.4129,6.36,0.7662,0.0014,0.0947,0.6672,0.3584,0.7447,0.9543,31.9,0.4262,20.21,2.3249,0.6047
M_AXMC,Axis Small Cap Fund,6,70.83,4690,14.91,14.77,130.0,20.55,10.92,19.78,-12.68,0.4804,7.58,0.7337,-0.0056,0.0649,0.7343,0.4427,0.8442,0.9109,21.42,0.4431,14.56,2.6441,0.6803
M_CANM,Canara Rob Small Cap Fund,7,65.34,2786,11.82,13.54,67.0,30.58,12.82,30.55,-11.92,0.2487,4.33,0.8569,-0.003,0.082,0.6633,0.3494,0.7363,0.9492,32.55,0.4452,22.95,2.3145,0.6145
M_UTSSA,UTI Small Cap Fund,8,65.32,2107,13.36,14.0,45.0,18.21,8.51,17.16,-13.13,-0.1137,2.75,0.7939,-0.0359,0.061,0.7716,0.6315,0.6522,0.9837,16.16,0.2783,11.48,2.3977,0.541
M_PGSE,PGIM India Small Cap Fund,9,62.4,1890,15.79,12.03,38.0,15.65,10.28,16.01,-12.59,-0.0377,2.54,0.7929,0.0019,0.0758,0.4912,0.7151,0.6129,1.0033,12.72,0.2904,8.53,1.9426,0.4074
M_MAAI,Mahindra Manulife Small Cap Fund,10,59.12,1386,19.43,,21.0,13.32,5.66,5.52,-18.41,1.0523,8.43,0.7517,0.0263,0.0805,1.1493,0.7565,0.4667,0.9827,9.52,0.3379,11.42,2.8446,0.7838
M_SBILM,SBI Small Cap Fund,11,56.9,5019,11.4,12.91,141.0,25.39,10.92,24.4,-13.75,0.3045,4.99,0.7675,-0.0191,0.104,0.7962,0.312,0.8545,0.8923,28.78,0.4808,20.95,2.4384,0.5984
M_QUUS,Quantum Small Cap Fund,12,56.15,1064,12.02,,11.0,7.49,4.88,8.19,-12.0,-0.2782,1.98,0.695,-0.0457,0.0531,0.4166,0.6829,0.3143,1.0173,4.16,0.2316,3.55,1.8556,0.7037
M_ITIM,ITI Small Cap Fund,13,55.04,2415,23.45,17.92,55.0,22.97,9.13,20.25,-14.57,0.0999,2.7,0.8769,0.0667,0.1055,0.6484,0.6404,0.6962,0.992,25.79,0.4816,17.48,2.3043,0.6901
M_MOON,Motilal Oswal Small Cap Fund,14,54.54,1008,21.61,,9.0,10.65,5.86,11.84,-14.37,1.458,12.48,0.666,0.158,0.0761,0.7367,0.9663,0.2727,0.9695,9.42,0.2942,5.87,2.2524,0.68
M_JMPT,JM Small Cap Fund,15,49.48,833,,,3.0,11.59,10.81,17.43,-17.88,0.8971,5.22,0.9304,0.1041,0.1027,0.1761,,0.1111,1.0107,3.17,0.3135,1.44,1.4079,0.5789
M_BARDN,Baroda BNP Paribas Small Cap Fund,16,48.1,1064,13.15,,11.0,2.58,0.3,4.44,-13.74,-0.1909,1.07,0.8027,-0.0177,0.0866,0.4213,0.5423,0.3143,1.0069,6.2,0.3191,4.1,1.8014,0.6667
M_NIMS,Nippon India Small Cap Fund,17,47.74,5019,14.57,17.49,141.0,27.37,9.64,25.83,-15.58,0.7194,5.38,0.8597,0.044,0.1152,0.7982,0.3221,0.8545,0.88,32.01,0.5952,24.17,2.3434,0.8852
M_MIPA,Mirae Asset Small Cap Fund,18,44.82,602,,,0.0,,,,,0.648,9.27,0.6471,-0.0696,0.0406,1.2266,,0.0,0.9814,,0.158,,2.8376,
M_SACP,Samco Small Cap Fund,19,44.06,294,,,0.0,,,,,,15.8,,0.0843,0.0355,,,0.0,1.018,,0.1161,,,
M_BAJFP,Bajaj Finserv Small Cap Fund,20,42.89,434,,,0.0,,,,,,8.62,,0.0615,0.0444,,,0.0,0.9968,,0.17,,,
M_HEOI,Helios Small Cap Fund,21,42.88,308,,,0.0,,,,,,6.55,,0.1479,0.057,,,0.0,1.0026,,0.1939,,,
M_HDFSU,HDFC Small Cap Fund,22,42.29,5019,9.94,13.47,141.0,21.58,9.41,21.46,-14.57,0.2352,1.43,0.8542,-0.0049,0.0973,0.603,0.2185,0.8545,0.8935,28.19,0.5983,19.2,2.2064,0.6639
M_TRMU,TRUSTMF Small Cap Fund,23,41.27,693,,,0.0,,,,,2.2423,15.79,0.7878,0.074,0.0818,0.4905,,0.0,0.9928,,0.3052,,1.7861,
M_DSPSM,DSP Small Cap Fund,24,38.37,5019,17.19,16.79,141.0,24.32,9.14,23.04,-15.34,0.5973,4.96,0.8615,0.0258,0.1321,0.6828,0.3665,0.8545,0.9296,29.68,0.6172,23.52,2.2236,0.6639
M_KOSM,Kotak Small Cap Fund,25,38.18,5019,12.44,11.88,141.0,22.95,7.66,22.55,-14.53,0.5059,5.09,0.8257,-0.0064,0.1055,0.5916,0.3205,0.8545,0.9336,31.46,0.5105,22.03,2.118,0.6967
M_ICCDS,ICICI Pru Small Cap Fund,26,30.25,5019,11.48,13.28,141.0,19.14,4.61,19.2,-14.35,0.4608,5.39,0.8076,-0.0119,0.1076,0.5539,0.2697,0.8545,0.9639,28.47,0.56,19.5,2.1832,0.6967
M_FRSM,Franklin India Small Cap Fund,27,27.81,5019,11.74,14.36,141.0,22.31,5.27,21.4,-14.62,0.2664,1.55,0.8536,0.0077,0.1183,0.6365,0.2438,0.8545,0.9475,30.46,0.6337,22.57,2.2277,0.6311
M_UNSL,Union Small Cap Fund,28,27.43,4494,16.58,16.38,123.0,17.69,5.19,18.63,-16.19,0.5235,5.34,0.8213,0.0294,0.1208,0.499,0.4069,0.8367,0.9967,26.15,0.536,19.14,1.9967,0.6803
M_QUNF,Quant Small Cap Fund,29,25.16,5012,16.82,18.25,140.0,22.14,4.73,23.3,-12.11,0.7745,8.98,0.8942,0.0421,0.0928,0.6454,0.3836,0.8537,0.9041,41.8,0.5769,30.72,2.4661,0.8525
M_LTES,HSBC Small Cap Fund,30,23.32,4522,14.13,16.01,124.0,21.55,5.89,22.32,-16.35,0.4331,2.04,0.8753,-0.0257,0.1297,0.5921,0.2885,0.8378,0.9331,31.43,0.6441,22.34,2.1736,0.6311
M_IDIS,LIC MF Small Cap Fund,31,21.1,3388,17.67,16.71,87.0,20.32,2.55,21.92,-16.24,0.3944,3.59,0.8658,-0.0369,0.1285,0.4562,0.4151,0.7838,1.0117,30.26,0.5601,21.91,1.9079,0.6311
M_SUNSP,Sundaram Small Cap Fund,32,18.27,5019,15.72,15.18,141.0,21.6,7.34,21.01,-17.35,0.4348,2.97,0.8747,-0.006,0.1661,0.507,0.2914,0.8545,0.9904,33.44,0.7097,24.47,1.9142,0.6148
M_ADICM,Aditya Birla SL Small Cap Fund,33,16.01,5019,14.99,12.59,141.0,19.22,5.31,19.19,-16.93,0.1533,-0.91,0.9079,-0.0023,0.1518,0.5147,0.2698,0.8545,0.9789,29.95,0.731,21.0,1.9438,0.4508
