mfId,name,rank,score,evidence_qualified,data_days,subsector,cagr_1y,cagr_3y,cagr_5y,hybrid_xirr_p50,hybrid_xirr_p25,hybrid_xirr_recent,hybrid_hit_bench,hybrid_hit_peer,hybrid_window_n,up_recovery_capture,bull_recovery_excess,momentum_3m_rel,momentum_6m_rel,overheat_penalty,max_drawdown_2y,ulcer_2y,down_capture,bear_excess,recovery_weeks,tail_loss_1y,volatility_1y,current_drawdown,factor_alpha,factor_ir,alpha_stability,market_beta,small_mid_tilt,hybrid_score,recovery_score,resilience_score,active_skill_score,confidence_score,history_confidence,capacity_multiplier,xirr_coverage,aum,data_weeks,history_years,latest_nav_date,market_regime
M_AXVV,Axis Value Fund,1,71.99,True,1826,Value Fund,7.39,17.16,15.91,23.15,12.94,10.34,100.0,100.0,36.0,1.15,10.48,5.44,6.7,0.0,-17.14,6.12,0.89,-0.32,33.0,-2.79,12.36,-4.95,7.15,1.95,1.5,0.41,0.3,89.47,77.86,53.74,91.14,91.56,0.9,1.0,1.0,1879.94,262,5.0,2026-09-28,correction
M_AXNM,Axis Multicap Fund,2,71.64,True,1746,Multi Cap Fund,9.73,18.86,15.35,24.29,11.2,11.2,100.0,100.0,33.0,1.15,10.46,7.91,12.87,0.0,-18.08,6.57,0.87,1.45,68.0,-2.86,13.13,-4.27,7.2,1.63,1.23,0.9,0.22,88.0,86.1,54.36,84.89,86.8,0.9,1.0,1.0,11984.67,251,4.78,2026-09-28,correction
M_MADN,Mahindra Manulife Multi Cap Fund,3,69.39,True,1826,Multi Cap Fund,12.85,16.52,15.44,19.25,10.84,12.77,100.0,88.89,36.0,1.21,15.13,5.57,11.64,0.0,-20.17,6.99,0.95,1.11,44.0,-2.29,13.22,-5.19,4.79,0.99,1.35,0.44,0.54,81.36,88.16,56.64,76.56,91.56,0.9,1.0,1.0,7662.34,262,5.0,2026-09-28,correction
M_ICCSF,ICICI Pru Focused Fund,4,68.57,True,1826,Focused Fund,-0.03,16.0,14.42,22.73,15.59,7.5,100.0,100.0,36.0,1.08,5.9,-0.34,1.58,0.0,-16.76,6.84,0.85,11.92,17.0,-3.07,13.85,-7.87,7.54,1.99,2.56,0.83,-0.04,87.5,52.98,61.52,89.16,91.56,0.9,1.0,1.0,17948.79,262,5.0,2026-09-28,correction
M_HDCAC,HDFC Value Fund,5,67.1,True,1826,Value Fund,5.85,15.11,13.25,19.1,11.46,8.7,100.0,97.22,36.0,1.06,4.59,2.89,6.32,0.0,-18.23,6.73,0.88,4.56,34.0,-2.59,12.82,-4.49,5.91,1.94,2.06,0.73,0.09,78.43,62.45,63.97,84.72,91.56,0.9,1.0,1.0,8265.95,262,5.0,2026-09-28,correction
M_INXO,Invesco India Flexi Cap Fund,6,65.44,True,1687,Flexi Cap Fund,0.9,16.71,15.0,23.28,9.17,7.88,100.0,87.1,31.0,1.13,9.07,1.49,10.79,0.0,-19.4,7.64,0.93,5.3,17.0,-3.07,15.72,-5.9,5.71,1.14,0.85,0.18,0.52,76.57,73.12,55.48,79.9,86.59,0.9,1.0,1.0,5467.9,242,4.62,2026-09-28,correction
M_HDFSO,HDFC Focused Fund,7,65.09,True,1826,Focused Fund,-1.94,14.68,17.32,24.58,15.16,6.1,100.0,100.0,36.0,0.98,-1.56,1.32,0.54,0.0,-13.98,5.18,0.7,16.13,27.0,-2.25,12.43,-6.84,7.05,1.94,1.79,0.78,-0.14,87.36,30.29,74.34,84.75,90.91,0.9,0.98,1.0,28200.67,262,5.0,2026-09-28,correction
M_KOTMU,Kotak Multi Cap Fund,8,64.61,True,1825,Multi Cap Fund,4.35,16.1,16.22,22.12,11.66,7.33,100.0,100.0,36.0,1.12,8.76,2.77,4.95,0.0,-21.0,7.36,0.87,-0.15,34.0,-3.04,12.87,-3.42,4.92,1.2,2.37,1.18,0.13,84.33,67.57,55.91,75.65,86.5,0.9,0.97,1.0,30529.1,262,5.0,2026-09-28,correction
M_INVC,Invesco India Focused Fund,9,64.07,True,1826,Focused Fund,4.6,20.21,14.75,26.6,8.68,7.27,77.78,69.44,36.0,1.2,14.59,4.67,15.67,0.0,-21.73,8.56,0.97,3.73,17.0,-3.4,16.34,-5.66,8.38,1.26,0.51,0.76,0.31,67.38,87.66,49.59,79.24,91.56,0.9,1.0,1.0,6453.55,262,5.0,2026-09-28,correction
M_BOIX,Bank of India Flexi Cap Fund,10,63.43,True,1826,Flexi Cap Fund,11.6,18.37,16.41,20.83,10.43,11.0,94.44,88.89,36.0,1.22,15.9,5.86,10.96,0.0,-23.73,8.56,1.01,-5.06,62.0,-2.71,12.42,-2.91,4.81,0.99,1.07,2.07,0.03,77.98,88.34,40.17,66.13,91.56,0.9,1.0,1.0,2953.0,262,5.0,2026-09-28,correction
M_ICIXD,ICICI Pru Flexi Cap Fund,11,62.8,True,1826,Flexi Cap Fund,4.0,15.2,14.34,17.74,12.81,11.14,100.0,80.56,36.0,0.98,-1.24,4.53,8.08,0.0,-19.71,7.73,0.83,6.82,29.0,-3.51,15.33,-6.15,5.91,1.16,1.94,1.44,-0.18,78.66,47.48,61.78,75.39,91.56,0.9,1.0,1.0,24099.78,262,5.0,2026-09-28,correction
M_HDCEQ,HDFC Flexi Cap Fund,12,62.21,True,1826,Flexi Cap Fund,-0.51,14.78,16.01,23.87,14.72,7.13,100.0,100.0,36.0,0.99,-0.41,2.04,1.24,0.0,-13.32,4.96,0.77,14.55,14.0,-2.34,11.48,-5.4,7.11,1.98,1.74,0.95,-0.2,87.4,38.91,75.78,83.91,89.15,0.9,0.91,1.0,113606.47,262,5.0,2026-09-28,correction
M_LTNA,HSBC Value Fund,13,61.98,True,1826,Value Fund,2.71,14.65,15.32,21.81,10.91,6.91,100.0,100.0,36.0,1.14,9.79,1.2,0.17,0.0,-19.61,6.3,0.93,-0.93,17.0,-3.03,12.44,-5.42,3.51,0.79,1.22,1.14,0.18,81.36,61.57,55.43,58.87,91.56,0.9,1.0,1.0,15372.81,262,5.0,2026-09-28,correction
M_MOI3,Motilal Oswal Flexi Cap Fund,14,61.17,True,1826,Flexi Cap Fund,3.81,17.67,12.36,23.96,11.57,5.63,86.11,66.67,36.0,1.12,8.77,9.85,12.49,0.0,-21.55,9.76,0.99,-1.65,21.0,-3.18,15.7,-5.13,6.92,0.84,0.38,1.23,0.03,74.71,82.02,39.1,65.96,91.56,0.9,1.0,1.0,14159.98,262,5.0,2026-09-28,correction
M_ITMU,ITI Multi Cap Fund,15,60.25,True,1826,Multi Cap Fund,13.24,16.41,13.69,18.28,9.14,11.89,97.22,66.67,36.0,1.13,9.09,5.25,12.13,0.0,-23.09,8.45,0.94,0.15,62.0,-2.73,13.38,-3.57,4.22,1.1,0.55,1.35,0.17,69.05,81.17,48.81,59.94,91.56,0.9,1.0,1.0,1542.8,262,5.0,2026-09-28,correction
M_ADTUE,Aditya Birla SL Flexi Cap Fund,16,59.86,True,1826,Flexi Cap Fund,7.43,14.08,11.0,16.7,11.48,10.67,86.11,50.0,36.0,1.0,-0.23,3.62,6.11,0.0,-17.02,6.16,0.9,5.08,33.0,-2.44,12.25,-5.13,5.64,2.0,2.35,0.36,0.17,65.52,48.34,64.16,87.31,90.91,0.9,0.98,1.0,28112.33,262,5.0,2026-09-28,correction
M_DSPVE,DSP Value Fund,17,59.79,True,1826,Value Fund,5.15,16.18,12.27,19.17,12.61,10.12,97.22,52.78,36.0,0.8,-14.69,0.83,-0.85,0.0,-13.69,3.85,0.56,9.44,12.0,-1.47,8.63,-4.21,6.18,0.87,1.09,0.04,0.36,73.41,13.22,77.83,81.35,91.56,0.9,1.0,1.0,2220.35,262,5.0,2026-09-24,correction
M_ICPIU,ICICI Pru Multi Cap Fund,18,59.29,True,1826,Multi Cap Fund,7.31,14.89,14.3,20.96,8.94,8.89,100.0,88.89,36.0,1.0,-0.09,1.61,7.31,0.0,-17.25,6.51,0.86,5.18,62.0,-2.82,14.4,-6.05,4.32,1.23,1.26,1.66,-0.15,75.19,45.19,58.84,66.18,91.56,0.9,1.0,1.0,19537.64,262,5.0,2026-09-28,correction
M_KOQN,Kotak Contra Fund,19,59.15,True,1826,Contra Fund,-0.4,14.02,13.49,21.11,10.52,5.46,100.0,88.89,36.0,1.06,4.61,0.35,0.55,0.0,-18.95,7.24,0.89,-0.25,39.0,-2.94,12.41,-6.48,4.5,1.3,1.01,0.76,0.14,76.26,49.67,49.45,70.31,91.56,0.9,1.0,1.0,5449.89,262,5.0,2026-09-28,correction
M_HSMY,HSBC Flexi Cap Fund,20,59.0,True,1826,Flexi Cap Fund,6.1,14.93,12.74,17.9,9.99,8.67,100.0,80.56,36.0,1.07,4.75,5.33,9.94,0.0,-20.48,7.12,0.97,-5.07,35.0,-2.61,13.91,-4.65,3.83,1.0,0.87,1.36,0.09,72.28,70.76,46.83,59.01,91.56,0.9,1.0,1.0,5999.67,262,5.0,2026-09-28,correction
M_WOCE,WOC Flexi Cap Fund,21,57.94,True,1518,Flexi Cap Fund,3.07,13.81,,16.32,7.57,8.18,100.0,96.0,25.0,1.06,3.94,2.29,5.44,0.0,-15.59,5.73,0.86,4.58,17.0,-2.54,12.23,-5.54,4.02,1.24,1.69,0.89,0.07,58.14,57.53,66.83,70.28,86.28,0.9,1.0,1.0,9136.29,218,4.16,2026-09-28,correction
M_EDWU,Edelweiss Flexi Cap Fund,22,57.76,True,1826,Flexi Cap Fund,0.71,13.51,12.04,19.13,11.22,5.82,100.0,75.0,36.0,1.07,4.76,1.1,0.7,0.0,-19.03,7.45,0.93,1.75,44.0,-2.55,12.54,-6.49,3.95,1.1,0.88,1.06,0.03,73.19,53.22,51.43,61.53,91.56,0.9,1.0,1.0,3721.74,262,5.0,2026-09-28,correction
M_QUVN,Quant Value Fund,23,56.85,True,1763,Value Fund,12.48,19.18,18.08,21.17,9.2,11.3,76.47,73.53,34.0,1.27,18.55,-3.08,10.99,0.0,-23.81,11.07,1.05,-6.75,62.0,-2.56,16.42,-8.12,5.3,0.72,0.33,3.94,-0.73,69.9,76.78,37.05,58.1,87.11,0.9,1.0,1.0,1977.54,253,4.83,2026-09-28,correction
M_INTT,Invesco India Contra Fund,24,56.19,True,1826,Contra Fund,-1.0,13.39,12.4,21.83,11.79,4.01,88.89,77.78,36.0,1.09,6.36,1.91,3.32,0.0,-18.64,7.68,0.95,1.17,44.0,-3.16,14.3,-7.32,3.9,1.06,0.69,0.47,0.28,71.43,59.71,38.29,64.75,91.56,0.9,1.0,1.0,20100.5,262,5.0,2026-09-28,correction
M_IDYS,Bandhan Focused Fund,25,56.17,True,1826,Focused Fund,5.97,15.96,12.42,20.07,9.49,4.25,94.44,61.11,36.0,0.97,-2.05,5.95,7.25,0.0,-17.81,6.6,0.91,1.38,33.0,-2.78,12.93,-2.92,5.78,1.01,0.83,0.36,0.32,63.5,44.12,54.05,75.88,91.56,0.9,1.0,1.0,2093.7,262,5.0,2026-09-28,correction
M_HSBD,HSBC Focused Fund,26,56.04,True,1826,Focused Fund,8.91,14.13,12.0,14.86,9.83,10.03,100.0,36.11,36.0,1.07,5.3,6.52,9.47,0.0,-20.7,7.04,0.95,-7.34,43.0,-2.65,14.16,-4.89,3.35,0.64,0.7,0.19,0.54,61.26,72.48,46.03,60.78,91.56,0.9,1.0,1.0,1843.06,262,5.0,2026-09-28,correction
M_SBFQ,SBI Focused Fund,27,54.77,True,1826,Focused Fund,9.6,14.54,11.06,15.37,13.33,13.57,55.56,41.67,36.0,0.84,-11.59,2.85,6.64,0.0,-12.86,4.13,0.68,11.24,13.0,-2.05,11.99,-5.96,5.3,0.96,4.31,0.74,0.01,60.76,28.4,76.83,77.31,90.26,0.9,0.95,1.0,51247.73,262,5.0,2026-09-28,correction
M_CAFF,Canara Rob Focused Fund,28,54.55,True,1826,Focused Fund,-3.37,11.92,11.38,19.4,11.5,4.63,97.22,44.44,36.0,1.0,0.32,1.25,0.81,0.0,-16.49,6.54,0.85,3.83,17.0,-2.79,13.24,-7.58,3.5,0.8,1.29,0.98,-0.09,65.57,38.98,61.55,57.99,91.56,0.9,1.0,1.0,2919.63,262,5.0,2026-09-28,correction
M_ADYUM,Aditya Birla SL Multi-Cap Fund,29,54.49,True,1826,Multi Cap Fund,8.26,13.76,12.52,16.65,9.82,9.85,100.0,25.0,36.0,1.02,1.53,5.66,10.69,0.0,-19.95,7.34,0.91,1.45,68.0,-3.09,13.73,-4.46,2.96,0.82,1.16,1.08,0.15,63.79,61.0,47.33,56.34,91.56,0.9,1.0,1.0,7531.29,262,5.0,2026-09-28,correction
M_MAHD,Mahindra Manulife Focused Fund,30,54.37,True,1826,Focused Fund,-1.83,11.84,12.57,21.12,8.99,3.37,100.0,77.78,36.0,1.03,2.33,-1.66,-4.45,0.0,-16.47,7.02,0.85,7.22,84.0,-2.5,10.9,-8.46,4.35,1.03,1.01,0.8,-0.08,67.05,35.62,56.93,63.1,91.56,0.9,1.0,1.0,2108.86,262,5.0,2026-09-28,correction
M_KOTY,Kotak Focused Fund,31,54.15,True,1826,Focused Fund,4.92,14.09,11.56,15.71,10.81,10.63,75.0,41.67,36.0,1.0,0.03,0.85,3.2,0.0,-17.94,7.14,0.89,2.02,29.0,-2.75,13.66,-6.3,5.18,1.44,2.01,1.0,-0.03,58.45,38.78,55.07,77.11,91.56,0.9,1.0,1.0,4548.87,262,5.0,2026-09-28,correction
M_ADTFU,Aditya Birla SL Focused Fund,32,52.84,True,1826,Focused Fund,2.73,11.87,9.69,16.76,10.08,6.04,72.22,44.44,36.0,0.98,-1.31,0.98,0.6,0.0,-16.48,6.71,0.89,6.66,35.0,-2.57,12.7,-6.92,5.05,1.51,1.17,-0.19,0.23,54.71,30.91,58.57,79.62,91.56,0.9,1.0,1.0,7971.4,262,5.0,2026-09-28,correction
M_ICCYV,ICICI Pru Value Fund,33,52.83,True,1826,Value Fund,-5.68,10.63,13.22,21.42,13.42,2.0,91.67,86.11,36.0,0.94,-4.51,-1.32,-6.5,0.0,-14.01,6.52,0.69,10.15,17.0,-2.4,10.28,-12.22,4.1,1.34,1.01,0.2,0.04,70.5,13.93,71.84,70.17,90.02,0.9,0.94,1.0,60074.56,262,5.0,2026-09-28,correction
M_PRPW,Sundaram Multi Cap Fund,34,52.75,True,1826,Multi Cap Fund,1.25,11.94,11.65,17.35,9.93,6.51,100.0,27.78,36.0,1.02,1.24,3.42,5.64,0.0,-18.54,7.21,0.91,-0.43,33.0,-3.13,13.77,-5.82,2.35,0.66,1.63,0.52,0.28,63.98,51.66,44.84,57.6,91.56,0.9,1.0,1.0,2980.72,262,5.0,2026-09-28,correction
M_NIML,Nippon India Multi Cap Fund,35,52.54,True,1826,Multi Cap Fund,-1.44,12.29,15.89,22.27,9.84,4.72,100.0,91.67,36.0,1.11,7.74,0.6,1.04,0.0,-18.58,6.65,0.9,4.16,29.0,-2.94,12.75,-5.71,0.99,0.27,0.54,1.42,0.09,75.36,57.03,58.79,30.53,90.12,0.9,0.95,1.0,56297.62,262,5.0,2026-09-28,correction
M_PARO,Parag Parikh Flexi Cap Fund,36,52.3,True,1826,Flexi Cap Fund,-3.67,12.29,11.02,21.5,12.83,2.28,97.22,77.78,36.0,0.83,-12.21,2.03,-3.35,0.0,-10.98,3.94,0.64,15.77,28.0,-1.68,8.75,-7.1,5.14,1.15,0.91,0.25,0.02,71.16,14.83,74.47,74.52,89.07,0.9,0.91,1.0,148429.0,262,5.0,2026-09-28,correction
M_LITI,LIC MF Multi Cap Fund,37,52.09,True,1428,Multi Cap Fund,8.54,17.24,,15.93,8.76,10.67,100.0,100.0,23.0,1.09,5.91,3.35,11.45,0.0,-19.32,6.51,0.88,-5.91,29.0,-2.93,14.04,-5.11,4.66,1.04,1.09,0.11,0.72,65.66,71.71,54.71,77.47,80.18,0.78,1.0,0.96,2253.92,205,3.91,2026-09-28,correction
M_UTILO,UTI Value Fund,38,50.92,True,1826,Value Fund,-4.02,11.15,10.29,20.19,11.0,1.78,86.11,55.56,36.0,1.02,1.26,0.21,-1.87,0.0,-17.23,7.48,0.88,2.92,44.0,-2.77,11.78,-9.92,3.39,1.09,0.67,0.08,0.24,61.21,35.67,48.62,62.93,91.56,0.9,1.0,1.0,9572.6,262,5.0,2026-09-28,correction
M_ADTPV,Aditya Birla SL Value Fund,39,50.85,True,1826,Value Fund,11.99,13.43,13.85,17.28,7.07,9.2,80.56,61.11,36.0,1.24,17.5,4.23,9.39,0.0,-22.32,9.02,1.05,-10.38,70.0,-2.81,13.11,-3.97,2.36,0.56,0.4,0.66,0.4,53.4,85.5,31.78,48.01,91.56,0.9,1.0,1.0,6924.62,262,5.0,2026-09-28,correction
M_DSOF,DSP Focused Fund,40,50.82,True,1826,Focused Fund,0.59,12.14,10.11,19.63,10.53,4.75,94.44,58.33,36.0,0.99,-0.51,1.07,3.34,0.0,-15.81,6.54,0.91,2.53,39.0,-3.02,13.31,-5.9,2.75,0.6,0.85,-0.06,0.49,65.29,37.59,44.86,57.28,91.56,0.9,1.0,1.0,2671.23,262,5.0,2026-09-28,correction
M_INMC,Invesco India Multicap Fund,41,50.16,True,1826,Multi Cap Fund,1.83,12.46,11.43,19.94,7.64,3.67,77.78,69.44,36.0,1.07,4.72,2.85,10.72,0.0,-22.59,10.12,0.97,-1.99,27.0,-2.64,15.86,-7.41,1.59,0.33,0.23,-0.03,0.66,52.48,67.91,47.48,43.85,91.56,0.9,1.0,1.0,4529.0,262,5.0,2026-09-28,correction
M_NIEV,Nippon India Value Fund,42,49.96,True,1826,Value Fund,-3.53,12.71,12.76,22.63,9.52,2.19,88.89,83.33,36.0,1.11,7.94,-0.9,-1.43,0.0,-17.57,7.29,0.99,-2.75,44.0,-3.24,13.12,-9.25,3.05,0.85,0.68,0.71,0.21,65.84,51.76,28.45,56.78,91.56,0.9,1.0,1.0,9042.97,262,5.0,2026-09-28,correction
M_IDFUM,Bandhan Multi Cap Fund,43,49.62,True,1761,Multi Cap Fund,1.81,11.86,12.73,18.4,7.97,5.45,100.0,60.61,33.0,1.01,0.49,1.13,4.55,0.0,-18.3,7.13,0.85,3.05,70.0,-2.99,12.03,-5.33,1.74,0.57,1.14,0.72,0.22,57.97,42.71,53.17,50.43,87.01,0.9,1.0,1.0,3074.12,253,4.82,2026-09-28,correction
M_INUI,Groww Value Fund,44,49.29,True,1826,Value Fund,0.32,11.94,10.96,17.11,8.59,5.68,100.0,33.33,36.0,0.98,-1.43,1.89,4.0,0.0,-16.52,6.23,0.83,6.17,17.0,-2.7,12.1,-4.53,3.52,0.94,1.14,1.03,-0.12,56.91,35.66,69.34,59.41,89.6,0.9,0.93,1.0,74.47,262,5.0,2026-09-28,correction
M_JMUU,JM Flexi Cap Fund,45,49.25,True,1826,Flexi Cap Fund,1.52,13.91,14.75,22.27,4.88,2.32,69.44,61.11,36.0,1.2,14.2,3.92,9.15,0.0,-22.58,11.33,0.95,-3.05,27.0,-2.87,13.22,-9.1,3.07,0.66,0.05,1.42,-0.0,44.78,82.21,43.57,43.29,91.56,0.9,1.0,1.0,5290.61,262,5.0,2026-09-28,correction
M_BAMU,Baroda BNP Paribas Multi Cap Fund,46,49.09,True,1826,Multi Cap Fund,2.7,13.78,12.1,19.37,8.88,5.39,94.44,66.67,36.0,1.04,3.04,2.01,5.23,0.0,-19.4,7.65,0.97,-4.84,74.0,-2.64,13.49,-5.96,2.27,0.58,0.43,0.7,0.4,61.53,52.53,37.34,47.93,91.56,0.9,1.0,1.0,3492.89,262,5.0,2026-09-28,correction
M_ITFF,ITI Flexi Cap Fund,47,48.99,True,1319,Flexi Cap Fund,13.07,18.05,,12.09,6.77,12.3,100.0,94.74,19.0,1.17,11.16,5.41,13.95,0.0,-21.44,7.35,0.87,-3.16,44.0,-2.79,13.26,-3.23,6.96,1.8,1.47,0.94,0.21,53.28,85.88,54.95,84.42,76.77,0.78,1.0,0.79,1588.13,190,3.61,2026-09-28,correction
M_FREE,Franklin India Flexi Cap Fund,48,48.14,True,1826,Flexi Cap Fund,-3.97,9.93,10.84,19.63,9.31,1.36,86.11,72.22,36.0,1.03,2.49,-0.26,-2.27,0.0,-16.38,6.84,0.9,3.73,39.0,-2.65,12.07,-9.57,1.91,0.57,0.4,0.43,0.12,57.74,39.09,52.24,44.48,91.56,0.9,1.0,1.0,19384.82,262,5.0,2026-09-28,correction
M_UNOY,Union Value Fund,49,48.12,True,1826,Value Fund,0.17,11.31,11.7,17.12,9.15,5.4,100.0,58.33,36.0,1.04,3.04,-0.21,-0.31,0.0,-17.87,6.33,0.88,1.15,18.0,-2.76,12.54,-6.19,1.82,0.44,1.82,1.02,0.03,61.26,42.03,60.69,47.66,89.6,0.9,0.93,1.0,398.93,262,5.0,2026-09-28,correction
M_SBIUC,SBI Multicap Fund,50,47.97,True,1665,Multi Cap Fund,0.4,12.34,11.82,19.68,6.54,4.86,86.67,60.0,30.0,0.84,-10.97,2.82,4.92,0.0,-15.11,5.7,0.71,7.71,17.0,-2.95,11.55,-4.56,2.79,0.62,0.6,0.31,0.32,49.76,26.21,67.21,55.31,86.49,0.9,1.0,1.0,24524.75,239,4.56,2026-09-28,correction
M_BANK,Bank of India Multi Cap Fund,51,47.4,True,1305,Multi Cap Fund,12.9,16.86,,11.24,8.04,12.33,100.0,88.89,18.0,1.12,7.97,3.45,8.82,0.0,-20.31,6.64,0.84,-2.02,35.0,-2.83,11.74,-3.29,4.74,1.19,1.98,0.66,0.45,54.93,73.55,61.19,79.22,75.81,0.78,1.0,0.75,1335.04,188,3.57,2026-09-28,correction
M_HSUA,HSBC Multi Cap Fund,52,47.11,True,1337,Multi Cap Fund,8.65,17.35,,11.58,7.01,10.49,100.0,85.0,20.0,1.21,14.0,5.22,10.61,0.0,-20.07,6.87,0.91,-2.1,35.0,-2.68,13.44,-4.23,4.77,1.11,1.1,1.15,0.31,50.72,84.71,55.33,70.49,77.73,0.78,1.0,0.83,6067.77,192,3.66,2026-09-28,correction
M_QUTO,Quant Flexi Cap Fund,53,46.77,True,1826,Flexi Cap Fund,10.54,14.69,14.07,16.96,5.99,8.52,72.22,58.33,36.0,1.14,9.87,0.9,11.75,0.0,-24.71,12.34,0.99,-0.66,69.0,-2.67,14.9,-4.55,2.76,0.45,-0.03,3.83,-0.84,44.78,73.86,41.95,38.31,91.56,0.9,1.0,1.0,7261.61,262,5.0,2026-09-28,correction
M_IDBO,LIC MF Value Fund,54,46.36,True,1826,Value Fund,22.1,17.04,13.65,13.99,9.17,13.34,72.22,25.0,36.0,1.06,3.97,7.09,17.32,0.0,-25.2,10.45,0.96,-13.86,62.0,-3.09,15.35,-2.64,4.63,0.81,0.65,1.54,0.15,51.0,72.36,33.14,58.67,89.6,0.9,0.93,1.0,301.53,262,5.0,2026-09-28,correction
M_MAHX,Mahindra Manulife Flexi Cap Fund,55,45.98,True,1826,Flexi Cap Fund,-1.87,9.5,10.46,17.1,9.2,3.43,91.67,19.44,36.0,0.96,-2.79,2.22,0.85,0.0,-16.93,6.98,0.9,5.52,37.0,-2.68,11.81,-7.25,1.56,0.56,1.31,0.13,0.23,50.69,29.22,55.47,50.37,91.56,0.9,1.0,1.0,1577.58,262,5.0,2026-09-28,correction
M_SBICO,SBI Contra Fund,56,45.07,True,1826,Contra Fund,-2.66,9.97,14.21,19.7,8.24,1.05,86.11,61.11,36.0,1.04,3.17,1.14,-2.95,0.0,-15.84,7.06,0.78,7.04,44.0,-2.44,10.34,-9.31,1.5,0.45,0.15,0.71,0.05,52.19,42.98,61.09,34.22,90.37,0.9,0.96,1.0,47589.39,262,5.0,2026-09-28,correction
M_CAOQ,Canara Rob Flexi Cap Fund,57,44.79,True,1826,Flexi Cap Fund,-2.2,10.81,8.95,15.49,8.94,5.05,63.89,27.78,36.0,0.96,-2.54,0.92,1.18,0.0,-17.47,6.62,0.91,3.54,29.0,-2.55,12.5,-6.2,2.33,0.8,1.87,0.64,0.09,43.09,26.76,57.66,57.18,91.56,0.9,1.0,1.0,13678.82,262,5.0,2026-09-28,correction
M_TAQY,Tata Value Fund,58,44.71,True,1826,Value Fund,0.67,12.07,12.65,18.66,7.69,3.3,83.33,55.56,36.0,1.06,4.45,2.43,-0.2,0.0,-20.92,9.45,0.88,0.23,84.0,-2.74,11.71,-9.13,1.65,0.36,0.15,1.72,-0.13,48.52,52.9,48.69,31.28,91.56,0.9,1.0,1.0,8655.69,262,5.0,2026-09-28,correction
M_UNMN,Union Flexi Cap Fund,59,44.67,True,1826,Flexi Cap Fund,1.76,10.53,9.82,14.81,8.04,5.92,91.67,5.56,36.0,1.01,1.06,2.66,5.23,0.0,-17.32,6.23,0.91,1.53,29.0,-2.82,12.96,-4.8,1.37,0.39,0.85,0.86,0.07,43.21,48.93,54.78,37.54,91.56,0.9,1.0,1.0,2452.32,262,5.0,2026-09-28,correction
M_AXMM,Axis Flexi Cap Fund,60,44.65,True,1826,Flexi Cap Fund,4.69,13.33,8.32,14.07,7.31,8.22,63.89,27.78,36.0,0.98,-1.35,4.22,9.14,0.0,-18.81,6.76,0.94,1.42,29.0,-2.87,13.69,-4.97,3.28,0.71,0.88,1.24,-0.04,38.84,47.16,51.47,51.48,91.56,0.9,1.0,1.0,13942.88,262,5.0,2026-09-28,correction
M_WOMI,WOC Multi Cap Fund,61,44.45,True,1102,Multi Cap Fund,6.5,17.64,,10.16,7.91,11.57,100.0,100.0,12.0,1.11,7.23,3.28,8.38,0.0,-16.93,5.95,0.86,1.64,17.0,-2.54,12.61,-5.15,6.02,1.83,2.35,0.74,0.31,53.74,70.09,67.09,87.55,70.48,0.78,1.0,0.5,4134.24,159,3.02,2026-09-28,correction
M_CAVO,Canara Rob Value Fund,62,43.68,True,1826,Value Fund,-2.57,10.18,12.91,18.54,8.08,2.47,86.11,41.67,36.0,1.03,2.45,0.39,-1.09,0.0,-18.97,7.96,0.86,5.47,84.0,-2.83,12.08,-9.56,1.22,0.39,0.56,1.05,-0.03,48.21,40.91,53.0,32.2,91.56,0.9,1.0,1.0,1298.65,262,5.0,2026-09-28,correction
M_ITFC,ITI Focused Fund,63,43.68,True,1197,Focused Fund,6.81,16.73,,11.19,9.03,11.19,100.0,100.0,15.0,0.98,-1.52,1.95,5.38,0.0,-18.44,5.87,0.84,0.78,17.0,-2.48,12.79,-5.4,5.92,1.1,2.91,1.0,0.12,59.0,36.88,72.9,80.54,73.35,0.78,1.0,0.62,628.6,172,3.28,2026-09-28,correction
M_QUTT,Quant Focused Fund,64,43.43,True,1826,Focused Fund,7.92,12.69,12.8,14.66,5.69,7.11,63.89,50.0,36.0,1.17,12.49,1.75,16.47,0.0,-24.02,11.87,1.0,-3.18,19.0,-2.93,17.38,-5.78,2.16,0.31,-0.39,3.29,-0.73,35.38,80.67,41.12,29.61,91.56,0.9,1.0,1.0,850.2,262,5.0,2026-09-28,correction
M_JMVA,JM Value Fund,65,43.33,True,1826,Value Fund,0.34,11.79,14.42,20.48,2.96,1.13,66.67,61.11,36.0,1.21,15.13,4.48,9.38,0.0,-25.9,13.41,0.98,-7.09,28.0,-3.49,14.73,-12.2,0.56,0.12,-0.46,0.66,0.42,39.36,84.17,35.28,25.16,91.56,0.9,1.0,1.0,817.27,262,5.0,2026-09-28,correction
M_EDFC,Edelweiss Focused Fund,66,42.79,True,1519,Focused Fund,-0.28,11.73,,14.05,6.25,4.68,100.0,76.0,25.0,1.06,3.97,-0.03,-0.44,0.0,-17.15,6.58,0.95,0.47,44.0,-2.55,13.58,-7.6,2.53,0.62,0.57,1.21,-0.06,42.28,45.83,46.33,43.43,86.39,0.9,1.0,1.0,1050.81,218,4.16,2026-09-28,correction
M_UNMI,Union Multicap Fund,67,42.74,True,1379,Multi Cap Fund,9.57,14.27,,11.77,8.46,11.77,100.0,61.9,21.0,1.0,-0.31,4.97,10.84,0.0,-19.8,7.18,0.91,-4.4,35.0,-2.85,13.76,-5.0,3.4,0.83,1.12,0.46,0.43,55.21,54.26,47.09,65.27,78.58,0.78,1.0,0.88,1561.67,198,3.78,2026-09-28,correction
M_KOSN,Kotak Flexi Cap Fund,68,42.46,True,1826,Flexi Cap Fund,-1.74,10.58,9.94,16.05,10.41,5.09,86.11,41.67,36.0,0.95,-3.55,-0.41,-1.47,0.0,-16.3,6.21,0.91,5.09,14.0,-2.51,12.7,-8.25,1.65,0.45,0.91,1.6,-0.26,53.9,19.28,62.81,38.43,90.12,0.9,0.95,1.0,56392.25,262,5.0,2026-09-28,correction
M_IDFMM,Bandhan Flexi Cap Fund,69,42.06,True,1826,Flexi Cap Fund,-1.2,9.89,9.19,15.05,8.82,4.31,61.11,13.89,36.0,0.98,-1.28,0.26,0.17,0.0,-16.9,7.08,0.91,5.85,37.0,-2.41,11.23,-6.74,1.55,0.53,1.9,0.52,0.09,38.16,29.53,55.91,48.98,91.56,0.9,1.0,1.0,7508.0,262,5.0,2026-09-28,correction
M_QUTR,Quantum Value Fund,70,41.94,True,1826,Value Fund,-7.18,8.58,8.74,19.53,8.75,-1.18,80.56,25.0,36.0,0.91,-6.76,-0.58,-4.09,0.0,-15.93,6.77,0.82,7.58,27.0,-2.74,11.42,-12.3,1.63,0.43,0.05,-0.26,0.3,46.97,12.36,63.69,39.28,91.56,0.9,1.0,1.0,1121.91,262,5.0,2026-09-28,correction
M_MOI2,Motilal Oswal Focused Fund,71,41.85,True,1826,Focused Fund,27.57,14.58,10.29,10.07,3.35,16.69,22.22,11.11,36.0,1.05,3.62,12.66,26.5,0.0,-31.04,15.39,0.93,-5.93,74.0,-2.08,14.66,-2.77,1.59,0.19,0.0,0.55,0.64,26.93,72.34,45.74,38.54,91.56,0.9,1.0,1.0,1827.16,262,5.0,2026-09-28,correction
M_TAMC,Tata Flexi Cap Fund,72,41.52,True,1826,Flexi Cap Fund,-5.11,8.96,8.17,16.09,10.09,2.32,69.44,33.33,36.0,0.91,-6.7,-0.38,-2.46,0.0,-14.58,6.18,0.88,6.75,17.0,-2.54,11.41,-9.58,0.74,0.22,0.59,0.46,0.12,46.02,14.0,66.19,33.76,91.56,0.9,1.0,1.0,3663.05,262,5.0,2026-09-28,correction
M_PGAV,PGIM India Flexi Cap Fund,73,41.33,True,1826,Flexi Cap Fund,1.05,10.17,7.77,13.46,7.38,6.14,47.22,22.22,36.0,0.94,-4.43,3.27,4.68,0.0,-17.29,6.63,0.93,6.7,29.0,-2.24,12.63,-4.79,1.56,0.42,0.86,0.61,0.13,34.48,32.34,61.16,42.18,91.56,0.9,1.0,1.0,5963.36,262,5.0,2026-09-28,correction
M_BAFN,Bajaj Finserv Flexi Cap Fund,74,41.07,True,1141,Flexi Cap Fund,6.19,16.18,,9.52,7.63,10.37,100.0,100.0,13.0,0.92,-5.26,2.97,7.85,0.0,-17.53,6.17,0.78,3.87,17.0,-2.68,13.19,-4.71,6.02,1.47,2.51,0.26,0.35,50.64,34.33,71.4,90.15,71.54,0.78,1.0,0.54,8655.4,164,3.12,2026-09-28,correction
M_HDCUI,HDFC Multi Cap Fund,75,40.56,True,1753,Multi Cap Fund,-2.17,10.78,13.74,18.19,6.36,3.1,78.79,54.55,33.0,1.1,7.17,0.33,1.4,0.0,-20.2,8.41,0.94,0.33,84.0,-2.94,12.94,-8.63,0.52,0.19,0.26,0.36,0.43,39.79,55.47,40.05,32.14,86.9,0.9,1.0,1.0,20649.14,252,4.8,2026-09-28,correction
M_DSYE,DSP Flexi Cap Fund,76,39.88,True,1826,Flexi Cap Fund,-0.92,10.09,9.17,17.99,9.32,3.94,91.67,22.22,36.0,0.95,-3.79,1.02,2.23,0.0,-17.6,6.99,0.95,-0.8,84.0,-2.76,13.15,-6.47,0.54,0.13,0.68,0.51,0.28,53.66,26.19,37.52,32.07,91.56,0.9,1.0,1.0,12500.27,262,5.0,2026-09-28,correction
M_IDLV,Bandhan Value Fund,77,39.72,True,1826,Value Fund,-0.95,9.4,12.41,16.56,7.36,2.49,75.0,38.89,36.0,1.02,1.75,1.0,-0.12,0.0,-17.88,8.49,0.86,2.74,84.0,-2.53,10.95,-9.16,0.84,0.26,0.06,0.58,0.14,38.67,41.62,49.6,29.21,91.56,0.9,1.0,1.0,9981.11,262,5.0,2026-09-28,correction
M_MIFE,Mirae Asset Flexi Cap Fund,78,39.21,True,1312,Flexi Cap Fund,2.32,11.6,,12.21,6.9,7.1,100.0,68.42,19.0,1.01,0.92,2.07,2.71,0.0,-16.11,5.82,0.91,1.57,17.0,-2.52,12.24,-4.52,2.58,0.79,1.49,0.59,0.17,46.28,44.26,60.81,57.84,76.67,0.78,1.0,0.79,4392.98,189,3.59,2026-09-28,correction
M_ESEL,Navi Flexi Cap Fund,79,39.06,True,1826,Flexi Cap Fund,10.06,11.11,11.02,12.25,8.36,10.37,36.11,25.0,36.0,0.99,-0.45,3.46,9.0,0.0,-19.28,7.3,0.89,-0.93,44.0,-3.1,13.59,-3.86,1.53,0.4,0.55,0.92,0.11,40.9,50.1,45.57,36.38,89.6,0.9,0.93,1.0,297.31,262,5.0,2026-09-28,correction
M_JMCR,JM Focused Fund,80,38.91,True,1826,Focused Fund,0.77,11.39,11.99,17.15,6.9,4.47,80.56,52.78,36.0,1.12,8.83,2.39,6.89,0.0,-19.5,8.72,0.98,-1.66,76.0,-3.55,16.4,-6.44,1.01,0.18,0.0,0.62,0.35,44.52,70.24,27.48,30.54,89.6,0.9,0.93,1.0,292.8,262,5.0,2026-09-28,correction
M_PRLF,Sundaram Focused Fund,81,37.78,True,1826,Focused Fund,2.69,9.81,9.2,14.11,6.68,5.67,33.33,2.78,36.0,1.05,3.54,3.84,5.01,0.0,-17.17,7.86,0.93,0.44,73.0,-2.65,11.86,-5.37,1.52,0.38,0.15,0.99,-0.09,30.1,58.38,38.81,29.82,91.56,0.9,1.0,1.0,1096.8,262,5.0,2026-09-28,correction
M_ITVA,ITI Value Fund,82,37.47,True,1826,Value Fund,2.74,11.78,11.63,16.97,6.54,5.62,80.56,47.22,36.0,1.1,7.23,0.98,3.41,0.0,-21.41,8.23,0.98,-2.75,44.0,-3.14,13.68,-5.48,0.67,0.16,0.24,1.9,-0.12,44.02,58.84,36.5,22.32,89.6,0.9,0.93,1.0,363.96,262,5.0,2026-09-28,correction
M_UNOF,Union Focused Fund,83,37.36,True,1826,Focused Fund,5.37,10.54,9.01,11.56,8.64,9.8,30.56,16.67,36.0,0.95,-3.55,2.68,7.21,0.0,-17.0,6.03,0.88,1.0,28.0,-2.06,13.2,-6.23,0.9,0.17,-0.02,1.11,0.04,37.6,35.76,63.86,23.3,89.6,0.9,0.93,1.0,462.18,262,5.0,2026-09-28,correction
M_IIFS,360 ONE Focused Fund,84,37.21,True,1826,Focused Fund,3.16,10.47,10.72,15.87,6.38,5.21,72.22,13.89,36.0,1.05,3.42,2.82,5.91,0.0,-16.91,7.9,0.93,1.34,75.0,-3.0,13.87,-5.0,0.79,0.19,0.09,1.04,0.08,34.67,58.02,33.19,24.92,91.56,0.9,1.0,1.0,6800.15,262,5.0,2026-09-28,correction
M_NICY,Nippon India Focused Fund,85,37.11,True,1826,Focused Fund,-0.91,8.34,9.51,14.78,9.18,4.86,66.67,19.44,36.0,0.97,-2.45,-0.07,1.7,0.0,-17.58,7.16,0.92,2.8,36.0,-3.1,13.97,-6.52,0.21,0.05,0.58,0.35,0.21,41.69,26.52,44.41,28.85,91.56,0.9,1.0,1.0,8650.81,262,5.0,2026-09-28,correction
M_UTFFO,UTI Focused Fund,86,37.11,True,1826,Focused Fund,-2.55,9.15,9.19,15.87,8.0,3.29,75.0,0.0,36.0,0.97,-2.11,1.62,1.02,0.0,-19.32,9.91,0.91,7.61,84.0,-2.98,13.13,-10.7,1.67,0.44,0.5,1.03,-0.17,35.57,29.74,45.84,35.42,91.56,0.9,1.0,1.0,2487.33,262,5.0,2026-09-28,correction
M_LILU,LIC MF Flexi Cap Fund,87,36.71,True,1826,Flexi Cap Fund,3.79,10.42,9.57,11.3,8.76,9.6,58.33,8.33,36.0,0.98,-1.1,2.65,8.78,0.0,-23.22,9.74,0.94,-10.73,69.0,-2.77,14.14,-7.4,-0.76,-0.14,0.33,0.85,0.34,38.47,45.97,37.88,21.0,91.56,0.9,1.0,1.0,1125.39,262,5.0,2026-09-28,correction
M_MIMC,Mirae Asset Multicap Fund,88,36.62,True,1134,Multi Cap Fund,2.44,12.93,,7.55,6.63,8.5,100.0,100.0,13.0,1.06,4.26,2.42,5.03,0.0,-18.16,6.32,0.93,-1.21,17.0,-3.06,13.04,-4.89,2.7,0.83,2.08,0.21,0.47,44.88,58.34,50.28,66.08,71.44,0.78,1.0,0.54,5619.19,163,3.1,2026-09-28,correction
M_TEMO,Templeton India Value Fund,89,36.34,True,1826,Value Fund,-5.1,8.3,12.2,18.04,6.74,-0.2,75.0,44.44,36.0,1.02,1.73,-1.71,-5.9,0.0,-17.98,8.57,0.85,6.53,84.0,-2.96,11.48,-12.72,0.47,0.12,-0.09,0.98,-0.09,38.84,33.5,48.59,17.4,91.56,0.9,1.0,1.0,1922.07,262,5.0,2026-09-28,correction
M_360E,360 ONE Flexicap Fund,90,36.04,True,1186,Flexi Cap Fund,9.57,16.61,,7.9,3.61,8.08,86.67,60.0,15.0,1.11,7.43,6.72,14.06,0.0,-18.12,7.33,0.88,-2.01,68.0,-3.18,14.17,-3.03,5.48,1.21,0.74,1.33,0.05,30.38,80.29,40.22,69.86,73.25,0.78,1.0,0.62,2196.51,171,3.25,2026-09-28,correction
M_CAML,Canara Rob Multi Cap Fund,91,34.61,True,1158,Multi Cap Fund,1.49,13.36,,6.71,5.32,7.02,100.0,100.0,14.0,0.98,-1.65,2.11,4.17,0.0,-18.32,6.47,0.88,-1.08,29.0,-2.76,12.25,-6.01,2.79,0.85,1.83,0.13,0.54,39.59,35.05,59.16,67.38,72.4,0.78,1.0,0.58,5951.14,167,3.17,2026-09-28,correction
M_BARX,Baroda BNP Paribas Flexi Cap Fund,92,34.09,True,1503,Flexi Cap Fund,2.6,11.46,,11.66,5.19,5.4,96.0,8.0,25.0,1.02,1.69,2.22,3.31,0.0,-20.4,7.91,0.96,-6.28,75.0,-2.67,12.6,-6.54,0.66,0.18,-0.05,1.23,0.14,29.76,48.33,37.59,21.68,86.18,0.9,1.0,1.0,1271.69,216,4.11,2026-09-28,correction
M_QUNC,Quant Multi Cap Fund,93,33.71,True,1826,Multi Cap Fund,7.6,9.53,11.32,11.31,1.79,4.43,50.0,33.33,36.0,1.13,9.4,2.27,11.83,0.0,-24.36,13.64,1.04,-4.84,84.0,-2.36,13.2,-9.1,-2.32,-0.46,-1.47,2.91,-0.4,21.05,76.71,37.47,5.15,91.56,0.9,1.0,1.0,7724.57,262,5.0,2026-09-28,correction
M_TAHU,Taurus Flexi Cap Fund,94,33.62,True,1826,Flexi Cap Fund,8.13,10.94,9.87,13.86,4.88,5.23,50.0,0.0,36.0,1.03,2.1,9.59,12.52,0.0,-20.89,9.89,0.97,-3.5,84.0,-2.72,12.36,-3.03,1.68,0.37,-0.53,1.28,-0.07,24.53,66.24,34.28,28.82,89.6,0.9,0.93,1.0,382.21,262,5.0,2026-09-28,correction
M_FRON,Franklin India Focused Equity Fund,95,33.5,True,1826,Focused Fund,-10.51,6.57,8.78,16.41,8.88,-0.88,80.56,5.56,36.0,0.99,-0.58,-2.06,-5.81,0.0,-17.85,9.41,0.9,4.18,82.0,-2.95,12.26,-16.06,-0.97,-0.26,-0.13,0.41,0.12,39.52,24.97,40.38,17.14,91.56,0.9,1.0,1.0,11506.08,262,5.0,2026-09-28,correction
M_SBUC,SBI Flexicap Fund,96,32.65,True,1826,Flexi Cap Fund,-1.75,8.03,7.61,12.28,7.84,2.59,19.44,0.0,36.0,0.87,-9.05,2.78,0.95,0.0,-16.03,7.02,0.83,1.91,44.0,-2.39,11.83,-6.99,0.17,0.05,-0.3,0.5,0.07,25.26,23.4,56.69,20.46,91.56,0.9,1.0,1.0,22896.62,262,5.0,2026-09-28,correction
M_UTIEY,UTI Flexi Cap Fund,97,32.29,True,1826,Flexi Cap Fund,-1.06,7.76,4.26,10.73,3.78,3.87,25.0,0.0,36.0,0.88,-8.88,5.21,8.39,0.0,-20.08,7.86,0.94,4.24,20.0,-2.71,13.4,-5.92,-0.17,-0.03,0.05,-0.29,0.43,15.12,34.81,57.79,24.61,91.56,0.9,1.0,1.0,24163.23,262,5.0,2026-09-28,correction
M_NIPIX,Nippon India Flexi Cap Fund,98,32.03,True,1826,Flexi Cap Fund,-1.15,9.39,10.19,15.4,6.96,4.02,77.78,13.89,36.0,0.98,-1.61,0.94,3.18,0.0,-19.8,8.72,0.96,-2.7,84.0,-3.03,13.51,-8.02,0.04,0.01,0.15,0.74,0.17,35.5,31.31,30.6,21.27,91.56,0.9,1.0,1.0,9822.45,262,5.0,2026-09-28,correction
M_MIAU,Mirae Asset Focused Fund,99,31.54,True,1826,Focused Fund,-2.29,7.22,5.89,12.19,5.87,2.82,22.22,0.0,36.0,0.92,-6.09,5.55,8.6,0.0,-21.0,8.11,0.93,-0.57,28.0,-3.44,13.8,-6.71,-0.81,-0.16,0.2,-0.7,0.64,19.09,37.74,46.07,23.88,91.56,0.9,1.0,1.0,6751.88,262,5.0,2026-09-28,correction
M_SUNRX,Sundaram Flexi Cap Fund,100,31.45,True,1483,Flexi Cap Fund,-4.82,8.03,,12.18,5.34,2.19,75.0,37.5,24.0,0.93,-5.04,0.07,-2.8,0.0,-15.66,6.57,0.88,3.97,29.0,-3.03,12.58,-10.03,0.51,0.17,1.02,0.69,-0.03,23.72,15.95,52.22,31.29,86.08,0.9,1.0,1.0,1962.63,213,4.06,2026-09-28,correction
M_TATY,Tata Focused Fund,101,28.17,True,1826,Focused Fund,-4.48,8.56,9.16,15.32,7.1,1.37,72.22,11.11,36.0,0.95,-3.92,-1.55,-1.72,0.0,-19.6,9.45,0.94,0.52,82.0,-2.81,13.0,-12.58,-0.78,-0.19,-0.04,1.38,-0.08,30.97,16.81,38.74,10.53,91.56,0.9,1.0,1.0,1755.1,262,5.0,2026-09-28,correction
M_BNP5,Baroda BNP Paribas Focused Fund,102,27.82,True,1826,Focused Fund,-3.38,7.49,8.22,15.01,6.46,1.76,58.33,2.78,36.0,1.05,3.37,1.0,-0.09,0.0,-22.46,10.25,1.06,-4.98,84.0,-3.01,13.19,-13.11,-2.51,-0.44,-2.06,1.9,-0.15,25.38,45.66,27.91,3.32,91.56,0.9,1.0,1.0,650.46,262,5.0,2026-09-28,correction
M_AXFO,Axis Focused Fund,103,27.33,True,1826,Focused Fund,0.06,9.5,3.44,10.75,4.2,5.18,30.56,0.0,36.0,0.93,-4.92,4.43,7.6,0.0,-18.15,8.29,1.03,-0.06,75.0,-2.95,13.36,-6.24,0.73,0.13,0.18,1.26,-0.16,18.19,36.66,29.4,21.1,91.56,0.9,1.0,1.0,11424.21,262,5.0,2026-09-28,correction
M_SUVY,Sundaram Value Fund,104,26.33,True,1826,Value Fund,-6.33,5.9,7.14,12.91,8.14,0.1,33.33,5.56,36.0,0.9,-6.96,-0.38,-4.23,0.0,-15.93,7.28,0.92,4.19,39.0,-3.24,12.63,-11.69,-1.33,-0.41,-0.28,0.84,-0.12,26.76,12.09,39.24,11.27,91.56,0.9,1.0,1.0,1302.62,262,5.0,2026-09-28,correction
M_IDB0,LIC MF Focused Fund,105,26.14,True,1826,Focused Fund,4.44,9.35,8.14,11.37,6.37,4.38,25.0,0.0,36.0,0.97,-2.4,4.05,8.53,0.0,-21.12,9.97,0.95,-5.32,74.0,-3.12,12.74,-5.3,-0.71,-0.11,0.43,1.55,-0.08,20.29,42.28,30.43,15.86,89.6,0.9,0.93,1.0,175.27,262,5.0,2026-09-28,correction
M_TATUM,Tata Multicap Fund,106,23.19,True,1334,Multi Cap Fund,6.29,9.55,,6.89,5.26,8.49,42.11,26.32,19.0,1.0,0.23,0.42,5.48,0.0,-22.39,8.9,0.96,-6.85,68.0,-2.81,13.56,-6.19,-1.34,-0.36,0.07,1.2,0.15,22.66,41.81,36.93,12.28,76.87,0.78,1.0,0.79,3542.75,192,3.65,2026-09-28,correction
M_NJFL,NJ Flexi Cap Fund,107,22.03,True,1119,Flexi Cap Fund,-3.43,9.4,,-2.12,-4.31,-0.4,0.0,0.0,12.0,1.15,10.0,2.51,1.53,0.0,-25.56,16.17,0.83,-4.27,84.0,-2.46,10.36,-19.31,-0.2,-0.03,-0.86,0.89,0.14,2.74,68.31,52.47,15.59,70.59,0.78,1.0,0.5,2696.5,161,3.06,2026-09-28,correction
M_SHRP,Shriram Flexi Cap Fund,108,21.14,True,1826,Flexi Cap Fund,-2.87,6.28,6.82,10.1,0.3,-0.5,44.44,5.56,36.0,1.01,0.67,-0.49,-1.26,0.0,-23.6,13.79,1.0,-7.87,84.0,-2.72,12.17,-17.35,-3.61,-0.64,-0.96,0.94,0.21,11.48,33.47,30.78,7.74,89.6,0.9,0.93,1.0,130.73,262,5.0,2026-09-28,correction
M_BANV,Baroda BNP Paribas Value Fund,109,16.23,True,1209,Value Fund,-1.09,8.38,,0.79,-0.37,0.79,0.0,0.0,15.0,1.02,1.36,1.89,-1.63,0.0,-19.78,10.48,0.94,-4.33,84.0,-2.43,11.6,-12.45,-1.22,-0.28,-1.4,1.82,-0.24,3.79,40.1,36.05,6.25,73.46,0.78,1.0,0.62,992.98,174,3.31,2026-09-28,correction
M_SAMC,Samco Flexi Cap Fund,110,14.31,True,1697,Flexi Cap Fund,-5.5,-3.46,-0.08,-5.08,-8.07,-4.69,0.0,0.0,31.0,0.87,-9.1,-0.84,-0.91,0.0,-30.16,19.46,1.08,-26.49,84.0,-2.97,13.04,-24.72,-16.16,-2.14,-2.42,0.8,0.59,2.43,12.62,26.47,7.75,84.74,0.9,0.93,1.0,261.62,244,4.65,2026-09-28,correction
M_MOSN,Motilal Oswal Multi Cap Fund,111,16.48,False,832,Multi Cap Fund,12.23,,,9.57,8.28,12.5,100.0,100.0,3.0,1.38,28.27,14.41,27.23,0.0,-24.13,9.37,0.85,4.37,17.0,-3.0,16.1,-4.13,16.03,1.64,0.49,1.11,0.17,55.28,94.05,66.97,71.29,55.55,0.6,1.0,0.12,4676.55,120,2.28,2026-09-28,correction
M_EDEWA,Edelweiss Multi Cap Fund,112,15.08,False,1069,Multi Cap Fund,5.85,16.77,,6.18,4.77,8.24,100.0,100.0,11.0,1.19,13.28,2.29,5.89,0.0,-20.19,7.39,0.97,-6.13,68.0,-2.44,12.78,-6.21,4.62,1.18,0.93,0.57,0.39,39.66,74.67,42.6,73.92,62.07,0.6,1.0,0.46,3550.33,154,2.93,2026-09-28,correction
M_HELF,Helios Flexi Cap Fund,113,14.93,False,1050,Flexi Cap Fund,3.71,16.08,,8.16,6.43,10.21,100.0,100.0,10.0,1.11,7.15,1.72,8.72,0.0,-18.23,6.56,0.91,-3.62,25.0,-3.39,15.14,-4.98,4.37,0.91,3.75,1.79,-0.03,45.9,66.12,47.19,67.03,61.22,0.6,1.0,0.42,8747.55,151,2.87,2026-09-28,correction
M_OLDD,Old Bridge Focused Fund,114,14.52,False,978,Focused Fund,16.82,,,7.4,6.7,11.98,100.0,100.0,8.0,0.96,-2.89,5.01,12.04,0.0,-18.94,7.85,0.89,6.56,44.0,-2.41,13.53,-4.45,5.12,0.74,0.65,0.15,0.58,48.57,45.52,61.52,66.57,59.61,0.6,1.0,0.33,4354.21,141,2.68,2026-09-28,correction
M_TRMM,TRUSTMF Flexi Cap Fund,115,13.03,False,885,Flexi Cap Fund,9.15,,,4.83,2.11,8.39,100.0,60.0,5.0,1.17,12.14,6.78,11.7,0.0,-18.88,7.65,0.89,-6.32,74.0,-2.7,13.09,-4.43,4.77,0.87,0.28,0.46,0.41,33.52,85.53,42.19,61.88,57.16,0.6,1.0,0.21,1041.58,128,2.42,2026-09-28,correction
M_DSPUP,DSP Multi Cap Fund,116,8.65,False,972,Multi Cap Fund,1.04,,,2.18,1.65,5.32,62.5,0.0,8.0,0.99,-0.89,1.9,7.58,0.0,-21.27,8.65,0.92,-11.74,71.0,-2.75,13.56,-5.3,1.4,0.33,0.24,0.24,0.67,12.95,42.83,39.78,39.76,59.51,0.6,1.0,0.33,3024.92,140,2.66,2026-09-28,correction
