mfId,name,rank,score,data_days,subsector,cagr_1y,cagr_3y,cagr_5y,hybrid_xirr_p50,hybrid_xirr_p25,hybrid_xirr_recent,hybrid_hit_bench,hybrid_hit_peer,hybrid_window_n,up_recovery_capture,bull_recovery_excess,momentum_3m_rel,momentum_6m_rel,overheat_penalty,max_drawdown_2y,ulcer_2y,down_capture,bear_excess,recovery_weeks,tail_loss_1y,volatility_1y,current_drawdown,factor_alpha,factor_ir,alpha_stability,market_beta,small_mid_tilt,hybrid_score,recovery_score,resilience_score,active_skill_score,confidence_score,history_confidence,capacity_multiplier,xirr_coverage,aum,data_weeks,history_years,latest_nav_date,market_regime
M_AXVV,Axis Value Fund,1,74.81,1736,Value Fund,4.99,19.74,15.55,22.73,15.42,5.22,100.0,100.0,33.0,1.14,10.08,0.26,3.64,0.59,-17.06,6.2,0.89,-0.39,33.0,-2.87,12.84,-0.91,5.78,1.52,1.62,0.53,0.27,86.82,71.19,58.39,86.5,89.69,0.96,1.0,1.0,1586.71,249,4.75,2026-06-22,recovery
M_LTNA,HSBC Value Fund,2,74.7,4921,Value Fund,2.67,20.58,18.54,21.35,13.36,4.89,100.0,100.0,36.0,1.12,9.69,-0.05,3.41,0.32,-19.54,6.38,0.96,-0.83,17.0,-3.2,13.4,-1.18,5.01,1.13,1.38,0.86,0.3,84.81,68.86,52.89,77.87,97.68,1.0,1.0,1.0,14488.22,704,13.47,2026-06-22,recovery
M_AXNM,Axis Multicap Fund,3,73.81,1652,Multi Cap Fund,4.08,20.39,14.44,24.78,15.82,5.1,100.0,100.0,30.0,1.14,9.66,3.84,6.06,1.45,-18.04,6.68,0.89,1.59,68.0,-3.14,13.47,-0.05,5.52,1.28,1.31,0.82,0.24,88.02,76.61,52.3,80.74,89.16,0.96,1.0,1.0,9937.58,237,4.52,2026-06-22,recovery
M_HDFSO,HDFC Focused Fund,4,73.67,4921,Focused Fund,0.1,17.8,20.12,23.68,19.15,3.05,100.0,100.0,36.0,1.06,5.08,-2.04,0.18,0.0,-12.04,4.79,0.93,0.61,13.0,-2.47,12.4,-4.17,7.27,1.95,2.12,0.77,-0.12,86.53,53.79,56.65,88.48,97.09,1.0,0.98,1.0,26082.42,704,13.47,2026-06-22,recovery
M_ICCSF,ICICI Pru Focused Equity Fund,5,73.43,4914,Focused Fund,1.49,19.28,17.86,22.16,16.29,4.87,100.0,100.0,36.0,0.99,-0.89,0.2,-1.25,0.0,-16.76,6.74,0.84,8.62,17.0,-3.3,14.05,-5.29,7.15,1.85,2.6,1.11,-0.12,87.3,37.58,63.56,85.47,95.21,1.0,1.0,1.0,16147.16,703,13.45,2026-06-22,recovery
M_ICPIU,ICICI Pru Multicap Fund,6,73.04,4921,Multi Cap Fund,7.31,19.08,17.27,19.95,12.87,6.56,100.0,88.89,36.0,1.01,1.19,6.93,9.9,1.21,-17.25,6.55,0.87,2.86,62.0,-3.2,14.79,-0.29,5.06,1.48,1.27,1.52,-0.08,82.18,64.67,55.75,74.32,97.68,1.0,1.0,1.0,17675.8,704,13.47,2026-06-22,recovery
M_INXO,Invesco India Flexi Cap Fund,7,72.02,1589,Flexi Cap Fund,-0.05,19.64,,24.96,15.63,2.71,100.0,82.14,28.0,1.12,8.29,7.98,4.45,0.0,-18.97,7.58,0.93,5.11,17.0,-3.57,16.45,-2.03,4.61,0.92,0.96,0.35,0.45,81.68,83.23,53.02,74.93,88.95,0.96,1.0,1.0,4956.07,228,4.35,2026-06-22,recovery
M_MAHD,Mahindra Manulife Focused Fund,8,71.98,2044,Focused Fund,1.61,18.09,16.9,20.61,12.15,3.24,100.0,86.11,36.0,1.05,3.93,-1.64,2.81,0.0,-16.47,6.98,0.83,7.38,70.0,-2.5,11.2,-2.29,6.66,1.54,1.08,0.63,0.01,76.49,57.6,60.74,82.51,92.42,1.0,1.0,1.0,2176.76,293,5.6,2026-06-22,recovery
M_MADN,Mahindra Manulife Multi Cap Fund,9,71.88,3332,Multi Cap Fund,6.77,19.76,17.73,18.17,11.79,7.14,100.0,94.44,36.0,1.07,5.9,5.25,8.75,1.5,-19.76,7.06,0.89,3.54,44.0,-3.44,14.37,0.0,3.38,0.71,1.48,0.29,0.61,75.81,72.05,57.23,72.26,94.21,1.0,1.0,1.0,6643.08,477,9.12,2026-06-22,recovery
M_KOTMU,Kotak Multicap Fund,10,71.86,1729,Multi Cap Fund,6.57,21.06,16.46,22.67,14.69,5.13,100.0,100.0,33.0,1.11,8.39,1.95,3.44,0.46,-20.77,7.51,0.87,-0.09,34.0,-3.04,13.65,-1.04,5.44,1.32,1.81,1.04,0.23,85.32,69.96,60.39,80.42,88.99,0.96,0.98,1.0,26249.39,248,4.73,2026-06-22,recovery
M_HDCAC,HDFC Value Fund,11,70.84,4921,Value Fund,3.09,17.63,15.88,18.37,12.97,4.38,100.0,94.44,36.0,1.04,3.48,2.2,3.42,0.8,-18.14,6.77,0.92,1.92,34.0,-2.99,13.28,-0.7,5.05,1.65,1.98,0.71,0.1,75.63,58.37,54.33,82.48,97.68,1.0,1.0,1.0,7313.73,704,13.47,2026-06-22,recovery
M_HDCEQ,HDFC Flexi Cap Fund,12,69.76,4921,Flexi Cap Fund,0.8,17.79,18.48,22.9,18.27,3.7,100.0,100.0,36.0,1.12,10.09,-1.71,0.66,0.0,-11.92,4.74,0.98,1.03,14.0,-2.34,11.41,-3.58,7.21,1.97,2.19,0.9,-0.16,87.05,66.32,51.98,86.84,95.31,1.0,0.92,1.0,101821.82,704,13.47,2026-06-22,recovery
M_DSPVE,DSP Value Fund,13,68.69,2023,Value Fund,10.09,18.34,14.08,18.44,12.3,9.93,100.0,44.44,36.0,0.74,-21.1,-2.35,5.18,0.81,-11.84,3.84,0.53,9.44,12.0,-1.59,9.05,-0.69,6.11,0.86,1.64,0.32,0.25,74.98,19.77,78.11,83.72,92.32,1.0,1.0,1.0,1702.98,290,5.54,2026-06-22,recovery
M_KOQN,Kotak Contra Fund,14,68.45,4921,Contra Fund,1.24,17.8,16.44,20.04,13.55,2.84,100.0,100.0,36.0,0.99,-0.5,-0.82,0.74,0.0,-18.93,7.3,0.87,2.98,39.0,-3.16,12.92,-3.58,4.3,1.24,1.16,0.9,0.12,79.93,41.67,59.02,72.1,97.68,1.0,1.0,1.0,5161.5,704,13.47,2026-06-22,recovery
M_ICCYV,ICICI Pru Value Fund,15,68.06,4921,Value Fund,-2.29,15.88,17.17,20.65,15.11,1.96,100.0,94.44,36.0,1.0,0.4,-6.13,-3.99,0.0,-13.67,5.93,0.75,6.16,17.0,-2.38,10.22,-7.58,5.82,1.82,1.45,0.17,0.09,78.19,35.23,71.79,86.27,96.17,1.0,0.95,1.0,58954.43,704,13.47,2026-06-22,recovery
M_BOIX,Bank of India Flexi Cap Fund,16,66.41,2184,Flexi Cap Fund,7.9,22.13,17.76,19.48,12.28,5.18,91.67,86.11,36.0,1.11,9.31,4.2,8.93,1.33,-23.25,8.32,1.0,-5.64,62.0,-3.17,13.89,-0.17,4.55,0.91,1.23,1.98,0.06,73.44,76.84,36.63,67.4,92.74,1.0,1.0,1.0,2459.86,313,5.98,2026-06-22,recovery
M_NIML,Nippon India Multi Cap Fund,17,65.13,4921,Multi Cap Fund,0.98,17.79,20.19,24.33,15.39,3.31,100.0,94.44,36.0,1.09,7.47,1.77,4.32,0.93,-18.52,6.65,0.97,-4.67,29.0,-3.06,12.99,-0.57,2.31,0.63,1.61,1.36,0.15,85.0,68.7,43.95,54.44,96.33,1.0,0.95,1.0,53410.99,704,13.47,2026-06-22,recovery
M_ADTUE,Aditya Birla SL Flexi Cap Fund,18,65.01,4921,Flexi Cap Fund,4.62,16.51,13.34,15.78,11.34,6.47,88.89,41.67,36.0,1.03,2.62,1.76,3.55,1.09,-17.0,6.26,0.91,2.55,33.0,-2.62,12.79,-0.41,4.77,1.68,2.8,0.25,0.2,58.56,55.3,59.77,86.79,97.1,1.0,0.98,1.0,26032.2,704,13.47,2026-06-22,recovery
M_INVC,Invesco India Focused Fund,19,64.78,2093,Focused Fund,-1.62,22.17,16.98,26.87,9.53,0.32,72.22,66.67,36.0,1.08,6.86,9.32,7.74,0.0,-19.24,8.35,0.97,3.61,16.0,-3.67,16.3,-3.56,6.72,1.02,0.55,0.91,0.25,56.75,82.04,45.79,73.54,92.53,1.0,1.0,1.0,5272.68,300,5.73,2026-06-22,recovery
M_WOCE,WOC Flexi Cap Fund,20,64.76,1421,Flexi Cap Fund,1.36,16.84,,17.63,12.27,4.35,100.0,95.45,22.0,1.03,2.3,2.43,2.31,0.0,-15.26,5.64,0.87,4.51,17.0,-2.88,12.59,-2.23,3.95,1.24,1.62,0.94,0.06,70.46,59.49,67.51,70.55,87.19,0.96,1.0,0.92,8136.5,204,3.89,2026-06-22,recovery
M_INTT,Invesco India Contra Fund,21,64.26,4921,Contra Fund,-2.05,17.08,14.99,20.91,13.29,0.25,94.44,86.11,36.0,1.05,3.99,1.65,-0.07,0.0,-18.27,7.39,0.91,3.19,44.0,-3.66,14.7,-4.77,3.71,1.02,0.82,0.44,0.28,70.49,56.33,47.12,66.52,97.68,1.0,1.0,1.0,19517.34,704,13.47,2026-06-22,recovery
M_NIEV,Nippon India Value Fund,22,63.72,4921,Value Fund,-1.02,17.94,16.41,21.68,12.62,1.07,100.0,91.67,36.0,1.09,7.44,-0.67,0.6,0.0,-17.33,7.06,0.98,-5.23,44.0,-3.24,13.5,-4.39,3.89,1.09,1.2,0.79,0.21,75.61,62.51,29.23,69.54,97.68,1.0,1.0,1.0,8821.21,704,13.47,2026-06-22,recovery
M_HSMY,HSBC Flexi Cap Fund,23,63.34,4921,Flexi Cap Fund,2.55,17.52,14.73,17.24,11.8,4.44,100.0,69.44,36.0,1.06,4.87,4.93,5.58,1.36,-19.88,6.78,0.99,-0.78,35.0,-3.16,14.55,-0.14,2.64,0.72,1.05,1.35,0.09,68.11,66.32,47.98,54.86,97.68,1.0,1.0,1.0,5538.48,704,13.47,2026-06-22,recovery
M_QUVN,Quant Value Fund,24,61.99,1666,Value Fund,17.94,25.71,19.69,20.2,7.97,10.68,74.19,67.74,31.0,1.29,20.16,16.33,20.13,1.49,-23.44,11.17,1.04,-6.4,62.0,-2.61,16.87,-0.01,8.26,1.15,0.54,3.88,-0.7,58.68,89.05,38.91,71.56,89.43,0.96,1.0,1.0,1859.34,239,4.56,2026-06-22,recovery
M_ICIXD,ICICI Pru Flexicap Fund,25,61.87,1799,Flexi Cap Fund,5.83,16.42,15.64,17.82,15.37,4.61,100.0,80.0,35.0,0.95,-3.78,2.85,2.27,0.0,-19.71,7.79,0.83,6.78,29.0,-3.51,15.57,-1.85,4.02,0.81,1.64,1.29,-0.11,74.04,36.3,64.3,63.24,90.21,0.96,1.0,1.0,21188.99,258,4.93,2026-06-22,recovery
M_EDWU,Edelweiss Flexi Cap Fund,26,61.1,4158,Flexi Cap Fund,0.73,16.18,15.03,18.17,12.57,2.41,100.0,77.78,36.0,1.03,2.0,-1.48,0.33,0.0,-18.84,7.39,0.92,-0.99,44.0,-2.66,13.07,-4.06,3.17,0.88,1.04,1.2,-0.02,69.46,48.4,49.53,57.32,94.53,1.0,1.0,1.0,3373.56,595,11.38,2026-06-22,recovery
M_ITMU,ITI Multi Cap Fund,27,60.71,2597,Multi Cap Fund,8.19,19.85,14.57,18.98,10.53,6.82,91.67,69.44,36.0,0.98,-1.33,7.39,9.63,1.25,-23.09,8.6,0.94,0.2,62.0,-3.28,14.42,-0.25,3.84,1.04,0.54,1.2,0.22,67.26,54.49,43.7,60.91,93.21,1.0,1.0,1.0,1411.77,372,7.11,2026-06-22,recovery
M_JMUU,JM Flexicap Fund,28,60.32,4921,Flexi Cap Fund,-0.95,17.42,17.83,21.81,11.69,-2.89,77.78,69.44,36.0,1.11,9.56,4.53,3.76,0.0,-21.19,11.19,0.96,-1.9,13.0,-3.14,13.61,-9.34,2.64,0.57,0.22,1.19,0.15,58.63,79.7,45.67,45.4,97.68,1.0,1.0,1.0,5040.51,704,13.47,2026-06-22,recovery
M_LITI,LIC MF Multi Cap Fund,29,60.13,1330,Multi Cap Fund,6.5,19.99,,17.64,9.68,5.36,100.0,100.0,20.0,1.08,5.45,7.62,7.63,1.5,-18.94,6.29,0.9,-6.45,29.0,-3.26,14.99,0.0,3.22,0.72,1.16,0.29,0.64,65.26,72.56,51.11,70.09,85.32,0.96,1.0,0.83,1930.43,191,3.64,2026-06-22,recovery
M_PARO,Parag Parikh Flexi Cap Fund,30,60.03,4774,Flexi Cap Fund,-3.47,14.68,14.53,20.46,13.13,2.93,100.0,75.0,36.0,0.78,-18.77,-5.93,-2.58,0.0,-9.36,3.35,0.56,13.35,14.0,-1.68,8.41,-5.7,4.98,1.11,1.13,0.34,0.02,77.33,10.47,76.82,74.37,92.37,1.0,0.91,1.0,141446.73,683,13.07,2026-06-22,recovery
M_FREE,Franklin India Flexi Cap Fund,31,59.75,4921,Flexi Cap Fund,-3.64,15.0,14.49,18.92,11.26,-0.53,94.44,77.78,36.0,1.0,0.22,-1.5,-0.44,0.0,-15.95,6.34,0.87,3.75,39.0,-2.85,12.57,-4.63,3.41,0.97,0.7,0.32,0.18,58.61,40.42,60.72,63.21,97.68,1.0,1.0,1.0,18796.71,704,13.47,2026-06-22,recovery
M_CAFF,Canara Rob Focused Fund,32,59.42,1862,Focused Fund,-2.96,14.12,14.21,18.52,13.1,1.29,97.22,50.0,36.0,1.0,-0.25,-1.81,-1.71,0.0,-16.14,6.29,0.84,3.73,17.0,-3.13,13.34,-5.75,2.73,0.63,1.43,0.99,-0.07,64.02,36.16,64.07,53.78,92.11,1.0,1.0,1.0,2683.01,267,5.1,2026-06-22,recovery
M_QUTO,Quant Flexi Cap Fund,33,58.98,4914,Flexi Cap Fund,11.26,19.57,17.07,16.06,6.25,6.54,72.22,55.56,36.0,1.11,9.4,12.03,13.86,1.04,-24.67,12.48,0.89,-3.53,69.0,-2.83,15.98,-0.46,4.52,0.72,0.14,3.61,-0.74,45.58,83.46,50.11,54.56,95.21,1.0,1.0,1.0,6993.58,703,13.45,2026-06-22,recovery
M_KOTY,Kotak Focused Fund,34,58.96,2534,Focused Fund,7.02,16.59,14.53,14.98,10.82,6.99,83.33,33.33,36.0,0.97,-2.67,1.33,3.54,0.56,-17.65,6.85,0.87,3.22,29.0,-3.0,13.89,-0.94,4.22,1.17,1.95,0.99,-0.01,53.81,36.93,62.74,70.94,93.05,1.0,1.0,1.0,4118.05,363,6.94,2026-06-22,recovery
M_IDFUM,Bandhan Multi Cap Fund,35,58.81,1666,Multi Cap Fund,2.02,15.72,13.32,18.91,11.21,3.19,100.0,54.84,31.0,1.01,0.85,3.63,3.59,0.36,-18.18,7.17,0.86,2.71,70.0,-3.22,12.97,-1.14,2.1,0.7,1.99,0.6,0.27,64.86,55.3,52.09,59.14,89.43,0.96,1.0,1.0,2919.26,239,4.56,2026-06-22,recovery
M_UNOY,Union Value Fund,36,58.7,2758,Value Fund,2.99,16.19,15.39,16.57,11.52,2.91,100.0,61.11,36.0,1.01,0.72,0.78,3.09,0.0,-17.52,6.29,0.91,6.32,18.0,-3.13,13.44,-1.52,3.31,0.8,1.71,0.96,0.06,62.56,52.63,62.63,62.67,91.41,1.0,0.93,1.0,374.79,395,7.55,2026-06-22,recovery
M_SBFQ,SBI Focused Fund,37,58.64,4921,Focused Fund,8.67,16.76,13.7,15.58,12.65,11.27,47.22,33.33,36.0,0.88,-10.33,2.73,4.18,1.03,-10.84,3.92,0.71,-0.84,13.0,-2.2,12.08,-0.47,5.58,1.04,3.87,0.95,-0.09,58.44,27.67,65.75,78.63,96.52,1.0,0.96,1.0,46623.39,704,13.47,2026-06-22,recovery
M_SBIUC,SBI Multicap Fund,38,58.35,1568,Multi Cap Fund,0.03,15.39,,20.83,12.87,2.83,85.19,62.96,27.0,0.85,-10.93,2.22,3.94,0.0,-14.74,5.41,0.71,7.81,17.0,-2.95,11.95,-1.62,2.21,0.49,0.8,0.33,0.34,67.4,30.75,72.32,51.75,88.85,0.96,1.0,1.0,23179.5,225,4.29,2026-06-22,recovery
M_UTILO,UTI Value Fund,39,57.95,4921,Value Fund,-2.8,15.09,13.32,19.18,12.24,-0.1,97.22,58.33,36.0,0.98,-2.08,-1.85,-1.81,0.0,-16.67,7.3,0.9,2.06,44.0,-2.96,12.38,-6.19,3.81,1.19,0.98,0.1,0.23,62.19,30.65,48.72,70.88,97.68,1.0,1.0,1.0,9146.97,704,13.47,2026-06-22,recovery
M_ADTPV,Aditya Birla SL Value Fund,40,57.76,4921,Value Fund,5.64,18.57,15.67,18.25,7.31,5.13,80.56,61.11,36.0,1.22,17.99,4.93,6.85,0.61,-22.26,9.21,1.04,-5.02,70.0,-3.16,14.43,-0.89,2.92,0.69,0.24,0.55,0.45,51.58,84.32,32.11,56.47,97.68,1.0,1.0,1.0,6529.52,704,13.47,2026-06-22,recovery
M_PRPW,Sundaram Multi Cap Fund,41,57.71,4921,Multi Cap Fund,0.78,15.42,14.42,16.44,11.93,1.35,100.0,22.22,36.0,1.04,3.01,2.07,1.56,0.0,-18.33,7.03,0.95,-1.26,33.0,-3.21,13.75,-2.69,1.95,0.57,1.83,0.41,0.33,58.14,58.75,42.56,56.58,97.68,1.0,1.0,1.0,2753.3,704,13.47,2026-06-22,recovery
M_ADTFU,Aditya Birla SL Focused Fund,42,57.3,4921,Focused Fund,0.33,14.65,12.81,15.79,10.44,3.59,66.67,36.11,36.0,0.98,-1.54,-1.08,0.3,0.0,-15.85,6.63,0.89,4.9,35.0,-2.88,12.99,-4.14,4.47,1.35,1.18,-0.15,0.22,47.61,36.67,58.49,76.84,97.68,1.0,1.0,1.0,7731.62,704,13.47,2026-06-22,recovery
M_MOI3,Motilal Oswal Flexi Cap Fund,43,56.68,4438,Flexi Cap Fund,-7.29,18.31,12.57,23.97,12.09,-0.05,83.33,66.67,36.0,0.97,-2.49,0.89,-1.21,0.0,-19.21,9.35,0.92,2.06,13.0,-4.35,16.02,-10.35,4.23,0.51,0.5,0.89,0.2,65.67,33.49,47.75,56.89,94.74,1.0,1.0,1.0,12936.51,635,12.15,2026-06-22,recovery
M_BAMU,Baroda BNP Paribas Multi Cap Fund,44,56.12,4921,Multi Cap Fund,2.52,16.57,15.77,18.82,11.84,2.47,94.44,72.22,36.0,1.02,1.54,2.69,4.26,0.0,-19.01,7.42,0.94,-1.01,70.0,-3.32,14.34,-2.73,1.39,0.34,0.51,0.86,0.32,65.02,62.3,36.05,39.16,97.68,1.0,1.0,1.0,3282.49,704,13.47,2026-06-22,recovery
M_BANK,Bank of India Multi Cap Fund,45,55.84,1211,Multi Cap Fund,10.0,21.12,,12.11,7.73,7.4,100.0,100.0,16.0,1.1,7.15,5.11,8.38,1.45,-19.67,6.75,0.87,-2.59,35.0,-3.26,13.19,-0.05,4.69,1.19,1.9,0.47,0.52,51.16,75.25,54.95,83.74,81.69,0.96,1.0,0.67,1074.39,174,3.32,2026-06-22,recovery
M_ADYUM,Aditya Birla SL Multi-Cap Fund,46,55.76,1876,Multi Cap Fund,3.99,15.8,14.69,15.28,11.59,4.73,100.0,22.22,36.0,1.0,0.07,4.93,6.49,1.5,-19.88,7.42,0.9,1.66,68.0,-3.36,14.4,0.0,1.63,0.46,0.98,0.93,0.2,58.67,52.58,50.28,43.96,92.21,1.0,1.0,1.0,6811.17,269,5.14,2026-06-22,recovery
M_IDYS,Bandhan Focused Fund,47,55.34,4921,Focused Fund,1.44,15.87,13.7,19.41,10.26,4.01,91.67,58.33,36.0,0.97,-2.92,1.57,3.29,0.0,-17.37,6.4,0.92,-1.15,33.0,-3.25,13.46,-1.77,2.69,0.51,0.77,0.57,0.24,61.0,39.33,46.04,53.2,97.68,1.0,1.0,1.0,2043.45,704,13.47,2026-06-22,recovery
M_INMC,Invesco India Multicap Fund,48,55.09,4921,Multi Cap Fund,-2.78,15.86,13.41,18.67,11.15,-1.28,80.56,69.44,36.0,1.01,0.92,6.97,4.83,0.0,-20.5,9.87,0.9,0.13,13.0,-3.65,16.61,-6.85,0.73,0.15,0.26,0.06,0.62,52.98,64.19,51.16,35.86,97.68,1.0,1.0,1.0,4078.72,704,13.47,2026-06-22,recovery
M_INUI,Groww Value Fund,49,54.67,3941,Value Fund,-0.22,15.78,13.44,16.25,10.47,3.75,94.44,27.78,36.0,0.97,-2.3,2.07,2.36,0.0,-15.81,5.98,0.86,1.16,17.0,-2.7,12.36,-1.79,4.29,1.14,0.98,1.01,-0.09,53.49,42.39,63.61,64.34,92.36,1.0,0.93,1.0,67.75,564,10.79,2026-06-22,recovery
M_ITFF,ITI Flexi Cap Fund,50,54.55,1225,Flexi Cap Fund,7.88,20.52,,12.38,5.99,6.19,100.0,100.0,16.0,1.16,10.9,7.38,8.94,1.5,-21.41,7.47,0.9,-3.47,44.0,-3.3,14.04,0.0,5.15,1.3,1.47,0.81,0.3,48.25,83.35,47.86,81.36,81.9,0.96,1.0,0.67,1314.38,176,3.35,2026-06-22,recovery
M_JMVA,JM Value Fund,51,54.42,4921,Value Fund,-3.61,16.6,16.87,22.77,9.58,-3.97,75.0,69.44,36.0,1.19,15.5,6.01,2.51,0.0,-23.99,12.95,1.07,-5.32,14.0,-3.69,15.61,-11.86,0.73,0.15,0.01,0.36,0.58,52.49,82.51,35.4,33.99,97.68,1.0,1.0,1.0,805.09,704,13.47,2026-06-22,recovery
M_SBICO,SBI Contra Fund,52,54.31,4921,Contra Fund,-3.17,14.49,17.44,22.38,10.87,-0.13,94.44,66.67,36.0,1.03,2.85,-4.09,-2.57,0.0,-15.62,6.87,0.88,-0.74,44.0,-2.8,10.95,-6.64,2.62,0.75,0.42,0.59,0.12,61.74,45.0,47.42,52.55,96.5,1.0,0.96,1.0,47263.08,704,13.47,2026-06-22,recovery
M_HSUA,HSBC Multi Cap Fund,53,54.13,1239,Multi Cap Fund,6.45,21.66,,13.21,5.55,5.55,100.0,88.24,17.0,1.21,14.53,5.74,7.44,1.14,-19.66,6.73,0.94,-2.04,35.0,-3.29,14.27,-0.36,4.69,1.11,1.27,0.86,0.42,46.82,83.72,47.49,76.3,82.81,0.96,1.0,0.71,5620.77,178,3.39,2026-06-22,recovery
M_KOSN,Kotak Flexicap Fund,54,54.01,4921,Flexi Cap Fund,-1.12,14.34,12.9,15.3,11.7,3.52,88.89,36.11,36.0,0.99,-0.63,-0.92,1.43,0.0,-16.22,5.82,0.89,4.36,14.0,-2.54,13.13,-2.85,2.27,0.62,1.02,1.53,-0.21,53.75,42.0,68.84,45.31,96.29,1.0,0.95,1.0,54801.33,704,13.47,2026-06-22,recovery
M_DSOF,DSP Focused Fund,55,53.97,4921,Focused Fund,0.89,16.46,12.31,19.17,11.83,1.08,97.22,55.56,36.0,0.95,-4.18,2.53,1.42,0.0,-15.81,6.56,0.94,-0.46,39.0,-3.64,14.17,-2.45,3.04,0.65,0.76,0.09,0.43,62.67,33.53,34.84,61.91,97.68,1.0,1.0,1.0,2478.06,704,13.47,2026-06-22,recovery
M_ITFC,ITI Focused Fund,56,52.91,1099,Focused Fund,7.18,19.68,,12.64,9.37,9.5,100.0,100.0,12.0,0.99,-0.68,5.21,6.66,1.42,-18.44,5.87,0.85,0.49,17.0,-2.8,13.5,-0.08,5.56,1.04,3.42,1.03,0.11,55.96,51.7,72.18,79.74,78.48,0.96,1.0,0.5,579.5,158,3.01,2026-06-22,recovery
M_CAVO,Canara Rob Value Fund,57,52.17,1757,Value Fund,-2.38,13.68,14.01,19.87,10.28,0.2,94.12,50.0,34.0,1.02,1.2,-0.71,-0.12,0.0,-18.92,7.84,0.85,5.6,70.0,-2.87,12.41,-6.09,1.59,0.51,0.89,0.99,-0.0,53.51,47.56,60.77,39.1,89.79,0.96,1.0,1.0,1267.49,252,4.81,2026-06-22,recovery
M_HSBD,HSBC Focused Fund,58,51.53,2163,Focused Fund,4.88,15.8,14.27,14.4,11.31,5.02,97.22,27.78,36.0,1.03,2.53,3.3,4.04,1.19,-19.9,6.98,0.97,-7.14,43.0,-3.38,14.58,-0.31,1.31,0.26,0.26,0.34,0.45,54.3,58.58,37.16,38.52,92.63,1.0,1.0,1.0,1679.42,310,5.92,2026-06-22,recovery
M_QUTR,Quantum Value Fund,59,51.24,7406,Value Fund,-5.69,12.6,11.49,18.8,11.19,-1.93,88.89,25.0,36.0,0.84,-14.78,-2.98,-3.48,0.0,-14.08,6.26,0.77,9.51,13.0,-3.08,11.67,-7.79,2.34,0.61,0.28,-0.09,0.24,50.05,10.91,69.65,49.62,100.0,1.0,1.0,1.0,1114.39,1059,20.28,2026-06-22,recovery
M_TAQY,Tata Value Fund,60,50.47,4921,Value Fund,-0.8,15.14,15.64,18.07,10.28,-0.33,94.44,63.89,36.0,1.01,0.97,-3.06,-1.28,0.0,-20.67,9.33,0.88,2.09,70.0,-2.91,12.66,-7.9,1.52,0.33,0.31,1.69,-0.12,51.65,40.88,55.88,30.22,97.68,1.0,1.0,1.0,8345.8,704,13.47,2026-06-22,recovery
M_HDCUI,HDFC Multi Cap Fund,61,50.31,1659,Multi Cap Fund,-1.74,15.47,14.51,19.24,10.73,-0.13,83.33,60.0,30.0,1.1,7.29,0.66,1.09,0.0,-20.13,8.38,0.94,0.12,70.0,-3.29,13.66,-5.5,0.8,0.29,0.67,0.39,0.45,52.61,64.89,39.42,39.0,89.27,0.96,1.0,1.0,19580.68,238,4.54,2026-06-22,recovery
M_EDFC,Edelweiss Focused Fund,62,49.76,1421,Focused Fund,-0.5,14.71,,15.94,9.85,1.22,100.0,81.82,22.0,1.07,4.86,-0.71,1.34,0.0,-16.71,6.6,0.95,0.36,44.0,-3.01,13.99,-3.19,2.21,0.55,0.66,1.23,-0.06,53.82,58.82,44.0,42.32,87.19,0.96,1.0,0.92,1007.65,204,3.89,2026-06-22,recovery
M_QUTT,Quant Focused Fund,63,49.71,4914,Focused Fund,5.23,15.92,14.94,14.37,5.34,4.46,61.11,50.0,36.0,0.93,-5.61,13.59,10.42,0.0,-22.69,12.03,0.81,3.42,13.0,-3.02,17.41,-3.61,2.3,0.33,-0.26,3.27,-0.7,35.53,48.21,70.3,32.61,95.21,1.0,1.0,1.0,840.38,703,13.45,2026-06-22,recovery
M_TEMO,Templeton India Value Fund,64,49.36,4921,Value Fund,-1.95,14.11,16.0,20.01,9.24,-0.6,80.56,52.78,36.0,1.07,5.81,-2.73,-1.29,0.0,-17.63,8.11,0.93,-2.18,70.0,-2.81,11.6,-6.67,2.37,0.59,0.28,0.98,-0.03,48.21,52.91,36.33,42.44,97.68,1.0,1.0,1.0,2086.71,704,13.47,2026-06-22,recovery
M_NICY,Nippon India Focused Fund,65,48.73,4921,Focused Fund,-0.15,13.49,12.86,14.47,9.68,2.69,55.56,16.67,36.0,1.08,6.79,1.64,2.16,0.0,-17.07,6.99,0.91,-3.23,36.0,-3.26,14.15,-2.38,1.37,0.3,0.9,0.28,0.27,37.54,66.54,38.53,42.76,97.68,1.0,1.0,1.0,8372.09,704,13.47,2026-06-22,recovery
M_CAOQ,Canara Rob Flexi Cap Fund,66,48.0,4921,Flexi Cap Fund,-1.5,12.87,12.02,14.92,9.73,2.09,55.56,25.0,36.0,0.98,-1.55,-0.16,0.03,0.0,-17.33,6.6,0.91,1.73,29.0,-2.94,12.83,-3.68,1.37,0.47,1.77,0.75,0.04,38.37,37.07,57.0,44.01,97.68,1.0,1.0,1.0,13010.02,704,13.47,2026-06-22,recovery
M_TAMC,Tata Flexi Cap Fund,67,47.81,2849,Flexi Cap Fund,-4.26,13.03,11.62,15.69,10.88,1.79,75.0,36.11,36.0,0.86,-11.73,-2.85,-1.9,0.0,-13.97,5.86,0.8,8.96,17.0,-3.23,12.16,-5.89,1.55,0.45,0.91,0.39,0.17,46.07,12.82,65.93,43.6,93.58,1.0,1.0,1.0,3629.64,408,7.8,2026-06-22,recovery
M_DSYE,DSP Flexi Cap Fund,68,47.69,4921,Flexi Cap Fund,-0.21,14.21,12.13,16.92,10.98,0.81,97.22,33.33,36.0,1.01,0.42,1.8,1.75,0.0,-17.6,7.05,0.97,-1.38,70.0,-3.44,13.69,-3.13,0.95,0.23,0.78,0.45,0.31,52.09,49.88,28.98,37.82,97.68,1.0,1.0,1.0,11798.35,704,13.47,2026-06-22,recovery
M_UNMN,Union Flexi Cap Fund,69,47.37,4921,Flexi Cap Fund,-0.28,13.24,12.48,13.87,10.01,1.78,88.89,0.0,36.0,0.98,-1.75,1.46,2.29,0.0,-17.12,6.18,0.91,2.4,29.0,-3.07,13.41,-1.8,0.88,0.26,0.71,0.75,0.12,38.18,42.49,58.82,33.26,97.68,1.0,1.0,1.0,2289.44,704,13.47,2026-06-22,recovery
M_MAHX,Mahindra Manulife Flexi Cap Fund,70,47.06,1764,Flexi Cap Fund,-3.14,12.82,11.46,16.96,10.94,0.64,97.06,26.47,34.0,0.91,-6.49,-1.19,-1.2,0.0,-16.91,6.91,0.91,5.46,37.0,-3.17,12.39,-5.44,1.62,0.57,2.05,-0.06,0.31,49.63,19.28,52.58,55.06,89.95,0.96,1.0,1.0,1526.86,253,4.83,2026-06-22,recovery
M_IDFMM,Bandhan Flexi Cap Fund,71,47.03,4921,Flexi Cap Fund,-0.59,13.4,12.03,14.19,10.22,2.27,55.56,13.89,36.0,0.93,-6.07,-0.21,0.37,0.0,-16.7,7.06,0.85,-0.16,37.0,-2.54,11.85,-3.45,1.95,0.63,1.94,0.41,0.16,36.91,24.35,55.44,56.02,97.68,1.0,1.0,1.0,7285.44,704,13.47,2026-06-22,recovery
M_IDLV,Bandhan Value Fund,72,46.89,4921,Value Fund,-0.66,13.5,15.18,17.11,9.48,0.17,80.56,47.22,36.0,1.06,5.11,-0.86,-0.17,0.0,-17.47,8.21,0.93,-5.1,70.0,-2.75,11.6,-6.14,1.38,0.42,0.33,0.36,0.24,43.23,55.4,33.28,39.35,97.68,1.0,1.0,1.0,9823.18,704,13.47,2026-06-22,recovery
M_AXMM,Axis Flexi Cap Fund,73,46.4,3143,Flexi Cap Fund,1.67,13.91,11.05,14.62,5.27,3.12,55.56,22.22,36.0,0.92,-6.57,3.73,5.78,1.3,-18.68,6.79,0.82,6.82,29.0,-3.01,14.28,-0.2,1.62,0.35,0.93,1.32,-0.1,31.72,31.84,71.86,36.41,93.95,1.0,1.0,1.0,12624.95,450,8.61,2026-06-22,recovery
M_FRON,Franklin India Focused Equity Fund,74,46.02,4921,Focused Fund,-6.69,10.62,12.38,16.17,11.95,-3.02,88.89,13.89,36.0,1.07,5.97,-4.74,-5.26,0.0,-17.26,8.54,0.92,1.99,68.0,-2.93,12.04,-10.79,-0.28,-0.07,0.3,0.6,0.06,46.04,50.7,42.05,23.18,97.68,1.0,1.0,1.0,11233.2,704,13.47,2026-06-22,recovery
M_UNMI,Union Multicap Fund,75,45.73,1281,Multi Cap Fund,7.36,17.25,,12.45,6.97,6.11,100.0,50.0,18.0,0.98,-1.31,4.87,7.8,1.16,-19.38,6.98,0.94,-4.7,35.0,-3.13,14.61,-0.34,2.39,0.59,0.87,0.25,0.5,44.12,50.77,45.02,59.75,83.71,0.96,1.0,0.75,1357.21,184,3.51,2026-06-22,recovery
M_WOMI,WOC Multi Cap Fund,76,45.24,1008,Multi Cap Fund,5.3,17.76,,9.38,7.76,7.76,100.0,100.0,9.0,1.06,4.19,4.61,4.96,1.5,-16.43,5.79,0.87,1.37,17.0,-2.96,13.17,0.0,5.89,1.77,2.54,0.86,0.25,48.75,64.16,63.46,85.61,72.24,0.88,1.0,0.38,3585.39,145,2.76,2026-06-22,recovery
M_JMCR,JM Focused Fund,77,44.54,4921,Focused Fund,0.1,14.78,14.76,17.45,10.6,-0.49,77.78,61.11,36.0,1.11,9.42,3.18,1.23,0.0,-18.81,8.51,1.06,0.25,70.0,-3.55,16.53,-5.93,0.05,0.01,0.01,0.56,0.41,47.68,71.89,28.25,27.04,95.72,1.0,0.93,1.0,278.72,704,13.47,2026-06-22,recovery
M_MIFE,Mirae Asset Flexi Cap Fund,78,44.31,1218,Flexi Cap Fund,1.86,14.29,,12.54,8.4,4.71,100.0,68.75,16.0,1.01,0.56,-0.5,0.69,0.0,-15.93,5.87,0.92,1.63,17.0,-2.81,13.05,-3.31,1.81,0.55,1.03,0.67,0.15,46.11,45.89,56.26,46.84,81.79,0.96,1.0,0.67,4079.74,175,3.33,2026-06-22,recovery
M_IDBO,LIC MF Value Fund,79,44.17,2863,Value Fund,15.47,18.27,15.04,12.71,8.59,6.84,69.44,16.67,36.0,0.97,-2.34,9.56,16.19,1.5,-23.37,9.91,0.87,-5.59,62.0,-3.24,15.71,0.0,2.1,0.38,0.52,1.58,0.14,39.54,51.53,45.67,41.04,91.72,1.0,0.93,1.0,217.99,410,7.84,2026-06-22,recovery
M_ITVA,ITI Value Fund,80,44.15,1834,Value Fund,4.09,16.41,13.58,17.35,8.5,2.46,80.56,55.56,36.0,1.0,0.08,3.23,3.02,0.0,-21.15,8.32,0.97,-2.87,44.0,-3.14,14.54,-2.1,1.74,0.41,0.36,1.99,-0.14,46.18,53.49,39.32,34.95,90.04,1.0,0.93,1.0,351.13,263,5.02,2026-06-22,recovery
M_IIFS,360 ONE Focused Fund,81,43.96,4256,Focused Fund,0.95,12.86,13.45,15.29,9.29,0.86,75.0,25.0,36.0,1.07,5.19,2.19,3.64,0.0,-16.63,7.81,0.91,1.22,70.0,-3.13,14.52,-3.55,-0.04,-0.01,0.06,1.04,0.07,37.39,68.53,36.58,18.31,94.63,1.0,1.0,1.0,6537.1,609,11.65,2026-06-22,recovery
M_PGAV,PGIM India Flexi Cap Fund,82,43.83,4130,Flexi Cap Fund,-0.56,11.1,10.48,13.21,7.73,2.36,33.33,16.67,36.0,1.01,1.05,0.77,1.62,0.0,-16.78,6.4,0.91,4.34,29.0,-2.97,13.2,-2.97,-0.51,-0.14,0.4,0.63,0.11,28.39,51.63,59.91,23.06,94.42,1.0,1.0,1.0,5711.99,591,11.31,2026-06-22,recovery
M_UNOF,Union Focused Fund,83,42.75,2513,Focused Fund,5.77,13.09,11.8,11.2,8.7,6.06,27.78,8.33,36.0,0.95,-4.14,3.57,10.35,0.54,-16.43,5.76,0.85,5.81,28.0,-2.32,13.88,-0.96,0.68,0.13,-0.04,0.96,0.06,32.58,42.68,73.33,21.06,90.99,1.0,0.93,1.0,428.83,360,6.88,2026-06-22,recovery
M_QUNC,Quant Multi Cap Fund,84,42.33,4914,Multi Cap Fund,3.65,13.47,14.13,13.43,1.67,0.6,52.78,38.89,36.0,1.01,0.71,10.35,11.21,0.0,-24.37,13.97,0.85,2.36,70.0,-3.02,14.61,-7.45,-1.98,-0.38,-1.44,2.7,-0.28,24.42,68.81,57.28,7.9,95.21,1.0,1.0,1.0,7663.81,703,13.45,2026-06-22,recovery
M_ESEL,Navi Flexi Cap Fund,85,41.0,2905,Flexi Cap Fund,9.37,13.7,13.57,13.56,8.23,5.58,41.67,25.0,36.0,0.96,-3.3,5.52,8.4,1.5,-19.28,7.44,0.89,-0.15,44.0,-3.1,14.3,0.0,0.76,0.2,0.18,0.73,0.18,36.89,43.14,52.09,27.62,91.83,1.0,0.93,1.0,265.88,416,7.95,2026-06-22,recovery
M_BAFN,Bajaj Finserv Flexi Cap Fund,86,40.2,1043,Flexi Cap Fund,4.97,16.73,,9.92,6.94,6.47,100.0,100.0,10.0,0.91,-6.54,4.41,6.36,1.5,-17.28,6.23,0.78,3.19,17.0,-3.42,13.93,0.0,4.64,1.04,2.76,0.64,0.21,46.51,31.16,64.51,77.19,73.3,0.88,1.0,0.42,7195.3,150,2.86,2026-06-22,recovery
M_SUNRX,Sundaram Flexi Cap Fund,87,39.51,1386,Flexi Cap Fund,-2.29,11.61,,12.71,10.39,0.86,76.19,33.33,21.0,0.93,-5.22,-2.19,-2.08,0.0,-15.61,6.28,0.86,3.71,29.0,-3.03,12.51,-6.06,1.2,0.4,1.32,0.6,0.0,34.93,18.04,60.81,40.91,86.18,0.96,1.0,0.88,2003.89,199,3.79,2026-06-22,recovery
M_PRLF,Sundaram Focused Fund,88,39.35,4921,Focused Fund,0.41,11.73,11.24,13.65,8.58,-0.34,30.56,0.0,36.0,1.0,-0.03,1.42,2.51,0.0,-16.53,7.92,0.91,1.75,68.0,-2.79,12.21,-4.51,1.04,0.27,0.08,0.94,-0.09,24.88,48.28,44.4,25.67,97.68,1.0,1.0,1.0,1016.14,704,13.47,2026-06-22,recovery
M_BARX,Baroda BNP Paribas Flexi Cap Fund,89,38.53,1407,Flexi Cap Fund,0.7,14.38,,13.63,7.48,2.67,100.0,4.55,22.0,1.01,1.0,1.36,3.08,0.0,-20.22,7.99,0.97,-6.69,70.0,-2.96,13.01,-3.66,0.07,0.02,-0.22,1.25,0.12,37.75,54.98,36.33,19.34,87.03,0.96,1.0,0.92,1221.25,202,3.85,2026-06-22,recovery
M_TATY,Tata Focused Fund,90,38.49,2394,Focused Fund,-0.37,13.17,13.05,15.01,9.72,0.33,77.78,13.89,36.0,0.97,-2.63,-0.56,0.37,0.0,-18.96,8.57,0.94,-1.2,68.0,-3.02,13.28,-6.97,0.16,0.04,0.25,1.3,-0.02,37.54,33.61,39.14,20.2,92.84,1.0,1.0,1.0,1767.33,343,6.55,2026-06-22,recovery
M_NIPIX,Nippon India Flexi Cap Fund,91,38.47,1778,Flexi Cap Fund,0.04,14.0,12.23,15.33,9.51,0.28,79.41,17.65,34.0,0.97,-2.53,2.64,2.0,0.0,-19.57,8.51,0.96,-2.8,70.0,-3.24,13.9,-4.78,0.81,0.26,0.51,0.56,0.26,36.54,40.49,32.09,33.84,90.11,0.96,1.0,1.0,9325.03,255,4.87,2026-06-22,recovery
M_EDEWA,Edelweiss Multi Cap Fund,92,38.05,973,Multi Cap Fund,3.06,,,6.07,4.47,4.16,100.0,100.0,8.0,1.19,13.39,2.87,4.99,1.11,-20.03,7.39,0.97,-6.28,68.0,-2.97,13.81,-0.39,4.49,1.11,0.88,0.55,0.4,38.18,78.47,40.07,68.98,71.38,0.88,1.0,0.33,3253.3,140,2.66,2026-06-22,recovery
M_HELF,Helios Flexi Cap Fund,93,37.91,952,Flexi Cap Fund,6.98,,,7.36,6.88,7.02,100.0,100.0,7.0,1.05,3.69,5.31,4.54,1.25,-17.9,6.36,0.91,-3.5,25.0,-3.4,15.74,-0.25,4.23,0.9,5.59,2.05,-0.13,46.04,65.11,45.74,64.61,70.53,0.88,1.0,0.29,7094.41,137,2.61,2026-06-22,recovery
M_UTFFO,UTI Focused Fund,94,37.48,1764,Focused Fund,-3.39,11.25,10.02,15.83,9.97,-1.04,88.24,2.94,34.0,0.93,-5.56,-1.38,-1.2,0.0,-19.15,9.59,0.91,7.77,70.0,-3.17,13.3,-8.99,0.82,0.22,0.58,1.06,-0.16,37.25,20.49,48.82,26.42,89.95,0.96,1.0,1.0,2368.43,253,4.83,2026-06-22,recovery
M_MIMC,Mirae Asset Multicap Fund,95,37.38,1036,Multi Cap Fund,1.44,14.55,,8.87,5.83,4.81,100.0,100.0,10.0,1.03,2.29,2.34,2.05,0.0,-18.16,6.43,0.94,-1.63,17.0,-3.41,13.59,-1.84,2.18,0.66,2.02,0.38,0.39,41.88,58.19,45.53,60.54,73.2,0.88,1.0,0.42,5071.34,149,2.84,2026-06-22,recovery
M_MOI2,Motilal Oswal Focused Fund,96,37.17,4788,Focused Fund,13.5,12.09,10.32,10.06,2.93,5.71,22.22,2.78,36.0,0.96,-3.44,10.73,13.84,0.0,-31.19,15.77,0.87,-0.89,70.0,-3.46,15.49,-4.0,-4.11,-0.5,-0.25,0.91,0.49,23.75,53.74,45.16,10.52,94.95,1.0,1.0,1.0,1557.17,685,13.11,2026-06-22,recovery
M_CAML,Canara Rob Multi Cap Fund,97,36.19,1064,Multi Cap Fund,0.33,15.05,,10.79,4.85,2.84,100.0,100.0,11.0,0.96,-2.97,1.7,1.76,0.0,-18.32,6.59,0.88,-1.29,29.0,-3.04,12.86,-2.12,1.93,0.57,3.57,0.2,0.5,39.16,35.63,56.89,60.74,74.16,0.88,1.0,0.46,5251.8,153,2.91,2026-06-22,recovery
M_360E,360 ONE Flexicap Fund,98,35.57,1092,Flexi Cap Fund,3.52,17.69,,9.17,3.52,2.95,100.0,66.67,12.0,1.09,6.4,5.81,6.14,1.0,-16.56,7.28,0.92,-2.41,68.0,-3.31,14.68,-0.5,3.16,0.7,0.76,1.34,0.06,34.05,74.81,31.44,53.31,75.01,0.88,1.0,0.5,2042.06,157,2.99,2026-06-22,recovery
M_SBUC,SBI Flexicap Fund,99,35.17,4921,Flexi Cap Fund,-1.67,10.09,10.1,11.76,8.96,0.01,19.44,0.0,36.0,0.95,-3.88,-1.68,-1.62,0.0,-15.68,6.83,0.87,3.21,44.0,-2.39,11.93,-5.67,-0.55,-0.17,-0.3,0.42,0.11,21.68,23.58,56.14,18.83,97.68,1.0,1.0,1.0,22386.52,704,13.47,2026-06-22,recovery
M_MIAU,Mirae Asset Focused Fund,100,34.64,2597,Focused Fund,-6.14,7.89,7.96,12.31,6.57,-2.1,19.44,2.78,36.0,0.97,-2.16,3.07,-4.27,0.0,-18.82,7.75,0.91,4.17,14.0,-3.98,14.08,-8.25,-3.41,-0.68,0.03,-0.61,0.57,16.28,35.84,53.81,18.64,93.21,1.0,1.0,1.0,6520.35,372,7.11,2026-06-22,recovery
M_OLDD,Old Bridge Focused Fund,101,34.32,882,Focused Fund,9.0,,,6.7,6.58,6.7,100.0,100.0,5.0,0.94,-4.0,6.3,8.21,1.5,-18.56,7.61,0.89,6.24,44.0,-3.04,14.35,0.0,3.67,0.55,0.49,-0.02,0.68,44.96,39.84,57.77,58.11,68.92,0.88,1.0,0.21,3314.83,127,2.41,2026-06-22,recovery
M_LILU,LIC MF Flexi Cap Fund,102,33.69,4921,Flexi Cap Fund,6.29,13.01,11.46,12.12,8.57,0.96,52.78,0.0,36.0,0.91,-7.76,5.37,3.43,0.0,-22.5,9.85,0.96,-4.31,68.0,-3.21,14.52,-3.34,-1.36,-0.28,0.32,0.89,0.28,24.7,34.96,35.84,18.32,97.68,1.0,1.0,1.0,997.23,704,13.47,2026-06-22,recovery
M_UTIEY,UTI Flexi Cap Fund,103,32.77,4921,Flexi Cap Fund,-5.43,8.07,6.58,10.68,3.5,-2.43,16.67,2.78,36.0,0.95,-4.26,2.82,-0.48,0.0,-17.83,7.63,0.88,3.7,14.0,-3.26,13.41,-7.33,-2.9,-0.58,-0.07,-0.22,0.4,11.37,29.21,56.7,18.68,97.68,1.0,1.0,1.0,22248.38,704,13.47,2026-06-22,recovery
M_SUVY,Sundaram Value Fund,104,31.26,4921,Value Fund,-3.94,9.27,10.72,12.79,9.5,-1.12,44.44,11.11,36.0,0.97,-2.71,-2.52,-2.71,0.0,-15.81,6.77,0.95,-1.32,39.0,-3.24,12.59,-6.89,-0.67,-0.21,-0.09,0.75,-0.08,26.11,25.63,32.91,15.09,97.68,1.0,1.0,1.0,1316.4,704,13.47,2026-06-22,recovery
M_TATUM,Tata Multicap Fund,105,30.57,1239,Multi Cap Fund,8.22,13.84,,6.62,5.7,5.7,29.41,11.76,17.0,0.99,-0.85,5.83,7.49,1.44,-22.39,9.03,0.95,-7.14,68.0,-2.99,14.26,-0.06,-0.64,-0.17,-0.09,1.22,0.15,22.58,52.25,38.54,15.1,82.81,0.96,1.0,0.71,3324.88,178,3.39,2026-06-22,recovery
M_AXFO,Axis Focused Fund,106,30.38,4921,Focused Fund,-3.79,9.56,6.31,10.83,2.13,-0.77,16.67,0.0,36.0,0.97,-2.85,1.83,1.34,0.0,-17.69,8.06,0.9,3.18,70.0,-3.1,13.59,-5.86,-1.05,-0.2,0.17,1.4,-0.25,11.75,36.63,45.35,11.08,97.68,1.0,1.0,1.0,10666.02,704,13.47,2026-06-22,recovery
M_BNP5,Baroda BNP Paribas Focused Fund,107,30.12,3185,Focused Fund,-5.85,11.18,11.63,14.6,7.9,-2.04,61.11,5.56,36.0,0.96,-3.59,-1.54,-2.83,0.0,-22.27,9.77,0.96,0.82,70.0,-3.38,13.86,-9.84,-2.45,-0.43,-1.25,1.61,-0.04,26.53,23.11,37.67,6.26,94.11,1.0,1.0,1.0,647.39,456,8.72,2026-06-22,recovery
M_IDB0,LIC MF Focused Fund,108,29.23,3143,Focused Fund,-2.48,10.25,10.86,11.08,8.32,-0.19,8.33,0.0,36.0,0.92,-6.39,3.09,3.01,0.0,-19.96,9.21,0.9,0.21,68.0,-3.34,14.15,-5.41,-2.58,-0.4,0.31,1.48,-0.06,18.53,33.18,44.61,11.05,91.99,1.0,0.93,1.0,163.45,450,8.61,2026-06-22,recovery
M_TAHU,Taurus Flexi Cap Fund,109,28.7,4921,Flexi Cap Fund,-1.84,12.52,10.49,12.94,5.64,-1.85,55.56,0.0,36.0,0.96,-3.09,2.33,2.79,0.0,-18.75,9.81,1.01,-4.37,70.0,-2.98,12.73,-8.28,-0.13,-0.03,-1.16,0.63,0.2,19.05,39.32,27.74,19.7,95.72,1.0,0.93,1.0,344.26,704,13.47,2026-06-22,recovery
M_SHRP,Shriram Flexi Cap Fund,110,25.0,2828,Flexi Cap Fund,-1.9,10.24,10.19,9.63,2.4,-4.32,44.44,8.33,36.0,0.95,-4.32,0.19,0.43,0.0,-23.52,13.08,0.94,-2.18,70.0,-2.98,12.81,-12.85,-3.42,-0.59,-0.89,0.88,0.24,11.77,26.79,41.11,9.43,91.51,1.0,0.93,1.0,129.2,405,7.74,2026-06-22,recovery
M_NJFL,NJ Flexi Cap Fund,111,22.74,1022,Flexi Cap Fund,-3.61,9.46,,-3.47,-4.63,-5.21,0.0,0.0,9.0,1.15,10.23,-1.25,-0.46,0.0,-25.41,16.17,0.85,-5.33,70.0,-2.97,11.57,-18.25,-0.95,-0.14,-0.56,0.61,0.28,2.05,65.72,48.14,16.11,72.34,0.88,1.0,0.38,2536.01,147,2.8,2026-06-22,recovery
M_DSPUP,DSP Multicap Fund,112,22.56,875,Multi Cap Fund,1.71,,,2.22,1.41,2.22,40.0,0.0,5.0,0.94,-4.22,5.9,5.26,0.0,-20.2,8.16,0.92,-12.55,70.0,-3.18,14.36,-2.13,2.07,0.47,0.49,0.37,0.61,11.11,43.77,36.35,47.0,68.82,0.88,1.0,0.21,2808.66,126,2.4,2026-06-22,recovery
M_BANV,Baroda BNP Paribas Value Fund,113,22.07,1113,Value Fund,-1.46,11.94,,3.22,0.16,-1.49,0.0,0.0,12.0,1.04,3.0,-1.97,0.44,0.0,-19.78,10.05,0.95,-4.6,70.0,-2.71,12.29,-9.43,-0.52,-0.12,-1.23,1.74,-0.22,4.6,51.49,36.21,10.92,78.58,0.96,1.0,0.5,1041.3,160,3.05,2026-06-22,recovery
M_SAMC,Samco Flexi Cap Fund,114,18.2,1603,Flexi Cap Fund,-8.49,0.41,,-1.98,-8.04,-7.82,0.0,0.0,29.0,0.88,-8.51,0.73,3.95,0.0,-29.43,18.12,1.08,-26.84,70.0,-3.54,14.63,-20.12,-15.16,-1.98,-2.62,0.6,0.61,2.67,29.56,24.7,9.72,87.1,0.96,0.93,1.0,283.15,230,4.39,2026-06-22,recovery
