mfId,name,rank,score,data_days,subsector,cagr_1y,cagr_3y,cagr_5y,volatility,sharpe,sortino,alpha,beta,info_ratio,tm_alpha,tm_gamma,excess_autocorr,active_divergence,gain_to_pain,tail_ratio,cvar,max_drawdown,pain_index,ulcer_index,ulcer_perf_index,recovery_speed,avg_dd_duration,up_capture,down_capture,capture_spread,beta_asymmetry,transition_alpha,bear_outperformance,rolling_1y_beat_pct,cross_horizon_consistency,sortino_stability,hit_rate,momentum_6m,momentum_12m,vol_norm_momentum,acceleration,dd_adj_momentum,current_drawdown,skewness,kurtosis,aum,data_weeks,confidence
M_MAHD,Mahindra Manulife Focused Fund,1,81.84,1912,Focused Fund,14.54,21.49,20.11,13.80,1.087,1.021,6.63,0.921,1.434,7.00,-0.177,0.026,4.08,0.74,0.95,-204.36,-16.47,-3.41,5.15,2.91,0.58,0.09,1.010,0.838,0.171,-0.061,0.11,7.15,93.24,0.42,0.82,58.24,8.34,1.55,0.860,3.27,0.074,-1.35,-0.154,1.208,2207.8,274,1.000
M_LITI,LIC MF Multi Cap Fund,2,74.74,1198,Multi Cap Fund,16.83,22.34,,14.56,1.088,1.060,5.67,1.021,0.971,5.02,0.380,0.065,5.98,0.62,1.17,-228.47,-18.94,-2.80,4.78,3.32,0.50,0.06,1.062,0.896,0.166,-0.020,13.37,-1.36,91.67,0.39,1.00,54.39,2.38,3.84,0.179,-0.28,0.019,-2.11,-0.179,1.375,1765.96,172,0.950
M_DSPVE,DSP Value Fund,3,74.35,1891,Value Fund,17.88,21.12,17.42,10.88,1.344,1.322,6.05,0.604,0.291,8.75,-1.300,-0.083,8.66,0.76,1.16,-160.02,-15.64,-2.35,3.90,3.75,1.04,0.04,0.732,0.535,0.196,-0.126,0.36,6.18,72.60,0.58,0.78,49.63,15.33,4.89,2.188,2.80,0.145,0.00,-0.383,0.465,1413.64,271,1.000
M_AXVV,Axis Value Fund,4,71.19,1604,Value Fund,16.74,24.45,,14.16,1.268,1.155,6.73,0.954,1.460,9.86,-1.563,0.081,4.47,0.52,0.89,-219.87,-19.44,-3.83,5.77,3.11,0.58,0.04,1.053,0.885,0.168,-0.157,2.04,2.49,93.26,0.54,0.90,62.88,7.68,3.75,0.705,-0.16,0.066,-1.73,-0.495,0.235,1374.94,230,0.950
M_EDFC,Edelweiss Focused Fund,5,71.08,1289,Focused Fund,14.26,19.54,,12.90,1.011,0.910,4.01,0.959,0.917,6.64,-1.589,0.018,4.05,0.60,1.12,-198.58,-16.71,-3.16,4.83,2.70,0.63,0.04,1.040,0.934,0.106,-0.128,9.07,4.73,91.73,0.34,0.84,59.24,5.51,1.27,0.509,7.72,0.048,-1.32,-0.397,0.470,1038.02,185,0.950
M_KOTMU,Kotak Multicap Fund,6,70.87,1597,Multi Cap Fund,19.66,25.34,,15.08,1.249,1.136,7.08,1.004,1.369,9.63,-1.264,0.065,5.19,0.54,0.96,-247.72,-20.77,-3.87,5.97,3.16,0.63,0.04,1.059,0.876,0.183,-0.150,5.59,0.99,97.74,0.53,0.98,62.28,9.31,6.67,0.764,-4.67,0.079,-2.78,-0.490,0.955,22709.75,229,0.950
M_ICIXD,ICICI Pru Flexicap Fund,7,70.59,1667,Flexi Cap Fund,18.72,20.48,,13.33,1.048,0.994,4.78,0.896,0.876,6.16,-0.689,0.093,4.71,0.55,1.00,-216.64,-19.71,-3.48,5.51,2.54,0.68,0.05,0.955,0.818,0.137,-0.082,8.68,5.90,99.47,0.50,0.84,51.26,8.92,5.74,0.721,-2.72,0.074,-1.99,-0.414,0.681,20135.02,239,0.950
M_ICCYV,ICICI Pru Value Fund,8,68.23,4789,Value Fund,14.59,20.74,20.81,14.57,0.978,0.985,5.68,0.845,0.728,3.46,0.880,-0.035,6.33,0.59,1.14,-214.37,-33.18,-4.06,6.33,2.25,0.43,0.05,0.906,0.746,0.160,0.085,-0.37,4.74,76.94,0.44,0.83,52.92,3.56,1.60,0.427,-0.69,0.031,-3.10,0.216,5.063,60352.77,685,1.000
M_ICCSF,ICICI Pru Focused Equity Fund,9,68.22,4782,Focused Fund,22.19,24.69,20.62,14.76,1.232,1.217,3.86,0.862,0.475,1.64,0.878,0.005,6.08,0.49,1.04,-221.18,-30.23,-4.44,6.59,2.76,0.65,0.05,0.932,0.829,0.104,0.072,0.86,4.43,75.32,0.84,0.71,52.86,8.98,9.20,0.830,3.41,0.078,-2.25,0.037,2.545,14935.49,684,1.000
M_LTNA,HSBC Value Fund,10,68.13,4789,Value Fund,19.72,24.03,21.14,17.33,1.011,0.956,5.74,1.040,1.093,6.37,-0.252,0.074,5.50,0.51,1.03,-267.42,-40.09,-5.38,8.23,2.13,0.80,0.05,1.097,0.968,0.129,-0.040,1.76,0.21,79.15,0.60,0.78,54.97,4.43,6.73,0.358,4.99,0.038,-2.09,-0.268,4.060,14552.4,685,1.000
M_KOQN,Kotak Contra Fund,11,67.16,4789,Contra Fund,19.40,22.40,18.73,15.10,1.053,0.999,4.08,0.927,0.943,4.54,-0.182,0.019,3.80,0.52,1.06,-238.42,-34.88,-4.00,6.51,2.44,0.30,0.05,0.971,0.863,0.108,-0.039,4.34,2.08,90.21,0.73,0.76,54.97,5.79,6.41,0.536,6.56,0.050,-1.61,-0.336,4.841,5086.82,685,1.000
M_HSUA,HSBC Multi Cap Fund,12,66.1,1107,Multi Cap Fund,16.19,24.58,,15.03,1.203,1.060,6.94,1.067,1.293,10.80,-2.255,0.077,5.84,0.76,0.98,-251.67,-19.66,-2.89,5.23,3.46,0.37,0.04,1.139,0.953,0.186,-0.281,5.92,0.63,83.18,0.26,0.96,62.03,0.19,3.20,0.016,0.51,0.002,-2.49,-0.479,1.424,5176.73,159,0.950
M_BOIX,Bank of India Flexi Cap Fund,13,65.95,2052,Flexi Cap Fund,17.79,23.36,20.69,16.89,0.998,0.942,5.70,1.063,0.936,10.57,-2.295,0.061,6.91,0.69,1.07,-256.18,-23.25,-4.12,6.47,2.61,0.24,0.07,1.136,1.016,0.120,-0.206,-2.33,-5.16,76.45,0.31,0.95,59.73,4.56,4.81,0.381,-4.50,0.037,-4.87,-0.290,0.884,2167.16,294,1.000
M_CAFF,Canara Rob Focused Fund,14,63.64,1730,Focused Fund,15.02,19.21,,12.95,0.981,0.916,4.34,0.886,0.789,3.72,0.315,-0.107,4.47,0.58,0.93,-194.43,-17.77,-3.26,5.21,2.44,0.62,0.06,0.950,0.824,0.126,0.000,5.12,2.35,83.67,0.33,0.75,53.85,-1.78,2.03,-0.171,4.77,-0.015,-2.25,-0.328,0.375,2869.05,248,0.950
M_MADN,Mahindra Manulife Multi Cap Fund,15,63.56,3200,Multi Cap Fund,18.55,22.61,20.53,16.34,0.986,0.910,4.88,0.957,0.862,4.82,0.020,0.053,5.33,0.51,0.98,-270.47,-30.57,-4.59,6.95,2.32,0.41,0.05,1.013,0.891,0.121,-0.042,-0.60,3.11,81.53,0.47,0.71,55.14,2.91,5.56,0.234,0.93,0.024,-1.82,-0.350,3.600,6045.74,458,1.000
M_PARO,Parag Parikh Flexi Cap Fund,16,63.5,4642,Flexi Cap Fund,7.29,20.43,18.26,12.44,1.119,1.067,6.94,0.657,0.497,8.14,-0.475,-0.057,8.74,0.74,1.21,-182.75,-27.32,-2.60,4.55,3.06,0.22,0.06,0.765,0.555,0.210,-0.103,5.91,9.94,82.19,0.13,0.91,53.54,-6.02,-5.70,-0.876,5.41,-0.053,-3.47,-0.279,5.322,133969.81,664,1.000
M_WOCE,WOC Flexi Cap Fund,17,63.28,1289,Flexi Cap Fund,14.51,20.91,,12.36,1.166,1.072,4.60,0.927,1.138,7.10,-1.510,-0.005,3.59,0.64,0.96,-192.75,-15.26,-2.48,4.13,3.48,0.51,0.09,1.006,0.872,0.134,-0.131,9.29,3.86,98.50,0.19,0.95,55.98,-2.00,1.52,-0.192,-2.95,-0.017,-4.01,-0.426,0.769,7131.81,185,0.950
M_HDCUI,HDFC Multi Cap Fund,18,63.19,1527,Multi Cap Fund,14.02,20.49,,14.68,0.953,0.863,5.88,1.015,1.605,6.04,-0.082,0.075,3.71,0.51,0.91,-229.26,-20.13,-4.17,6.21,2.25,0.59,0.07,1.079,0.932,0.147,-0.049,5.14,6.43,85.63,0.19,0.91,61.93,-2.56,1.03,-0.227,-0.98,-0.021,-5.67,-0.390,0.638,19182.58,219,0.950
M_INXO,Invesco India Flexi Cap Fund,19,63.15,1457,Flexi Cap Fund,13.47,22.12,,14.45,1.082,1.008,5.28,0.981,1.027,4.98,0.153,0.055,5.03,0.54,0.86,-234.33,-18.97,-3.22,5.33,2.93,0.54,0.08,1.062,0.929,0.133,-0.013,11.67,1.53,92.99,0.12,1.00,59.62,-11.86,0.48,-0.894,3.91,-0.081,-6.51,-0.429,1.050,4584.14,209,0.950
M_KOSN,Kotak Flexicap Fund,20,62.39,4789,Flexi Cap Fund,20.21,18.47,15.20,15.26,0.785,0.757,3.60,0.939,0.860,3.61,-0.003,-0.057,3.70,0.49,1.08,-231.63,-33.87,-3.94,6.29,1.90,0.34,0.06,0.981,0.888,0.094,0.018,4.04,3.46,72.04,0.35,0.74,53.95,5.63,7.22,0.562,7.13,0.050,0.00,-0.278,3.753,56478.65,685,1.000
M_CAVO,Canara Rob Value Fund,21,62.04,1625,Value Fund,13.12,18.34,,13.35,0.887,0.816,5.03,0.919,1.262,6.66,-0.820,-0.003,3.67,0.52,0.87,-210.30,-18.92,-3.68,5.42,2.18,0.59,0.10,0.981,0.842,0.139,-0.081,2.69,6.45,87.85,0.33,0.85,54.31,-1.75,0.13,-0.167,3.56,-0.015,-4.97,-0.441,0.455,1300.74,233,0.950
M_AXNM,Axis Multicap Fund,22,61.99,1520,Multi Cap Fund,13.93,23.48,,14.09,1.206,1.155,4.41,0.942,0.786,6.29,-0.951,0.009,5.19,0.50,0.94,-221.03,-18.04,-3.82,5.73,2.96,0.50,0.05,1.014,0.899,0.115,-0.123,4.41,2.92,86.75,0.22,0.99,56.22,-1.38,0.94,-0.119,1.80,-0.011,-3.04,-0.362,0.484,9270.66,218,0.950
M_ITFC,ITI Focused Fund,23,61.68,967,Focused Fund,20.69,,,14.19,1.000,0.912,5.14,0.962,0.819,10.22,-2.785,0.035,5.87,0.68,1.03,-228.26,-18.44,-2.66,4.81,2.95,0.48,0.04,1.010,0.855,0.154,-0.304,1.93,1.24,100.00,0.53,0.76,56.52,4.07,7.70,0.358,3.80,0.035,-2.57,-0.414,1.034,559.76,139,0.850
M_HDCEQ,HDFC Flexi Cap Fund,24,61.3,4789,Flexi Cap Fund,17.16,22.67,21.14,17.19,0.941,0.931,3.53,1.020,0.615,2.60,0.367,0.004,5.97,0.45,1.14,-258.49,-37.43,-5.19,8.12,1.99,0.48,0.05,1.059,0.980,0.079,0.084,-1.19,2.05,72.51,0.63,0.75,53.22,5.71,4.17,0.712,4.74,0.052,-0.79,-0.063,3.276,97451.56,685,1.000
M_BANK,Bank of India Multi Cap Fund,25,60.99,1079,Multi Cap Fund,19.62,,,14.80,0.887,0.817,5.91,1.034,1.032,11.03,-2.962,0.024,6.06,0.77,1.00,-243.01,-19.67,-3.01,5.35,2.45,0.39,0.05,1.082,0.912,0.170,-0.361,2.77,2.90,89.32,0.66,0.93,56.49,7.13,6.63,0.592,0.31,0.059,-3.29,-0.571,1.890,989.01,155,0.850
M_ITFF,ITI Flexi Cap Fund,26,60.95,1093,Flexi Cap Fund,17.98,23.84,,14.99,1.157,1.069,6.33,1.071,1.293,8.91,-1.493,0.104,5.41,0.74,0.86,-244.00,-21.41,-3.47,5.90,2.94,0.26,0.15,1.106,0.925,0.181,-0.234,3.45,3.39,80.00,0.49,0.95,56.41,2.67,4.99,0.221,3.03,0.022,-2.52,-0.427,1.525,1247.29,157,0.850
M_IDFUM,Bandhan Multi Cap Fund,27,59.1,1534,Multi Cap Fund,14.20,18.57,,13.48,0.895,0.803,3.93,0.919,0.829,4.39,-0.236,-0.001,4.21,0.49,0.89,-211.11,-18.18,-3.50,5.38,2.24,0.34,0.09,0.969,0.857,0.112,-0.060,2.06,4.74,94.64,0.36,0.80,55.25,-0.42,1.21,-0.037,1.63,-0.003,-3.61,-0.381,0.516,2802.94,220,0.950
M_INTT,Invesco India Contra Fund,28,58.27,4789,Contra Fund,12.43,20.61,17.11,15.83,0.891,0.859,4.98,0.959,1.020,4.79,0.077,-0.023,4.61,0.51,0.98,-242.77,-33.01,-4.50,6.82,2.07,0.32,0.06,1.021,0.900,0.121,-0.005,4.65,0.93,85.94,0.17,0.81,54.97,-4.48,-0.56,-0.359,2.96,-0.037,-4.51,-0.237,3.484,19945.73,685,1.000
M_ADTFU,Aditya Birla SL Focused Fund,29,58.06,4789,Focused Fund,16.79,18.60,15.04,15.12,0.800,0.780,2.46,0.930,0.536,1.61,0.335,0.020,3.70,0.45,1.11,-228.10,-32.65,-4.17,6.31,1.92,0.40,0.05,0.956,0.886,0.070,0.040,3.85,3.26,66.51,0.35,0.68,52.34,10.82,3.80,1.035,2.47,0.095,-1.83,-0.157,4.892,8068.13,685,1.000
M_ADTUE,Aditya Birla SL Flexi Cap Fund,30,58.0,4789,Flexi Cap Fund,18.39,19.30,15.56,15.80,0.811,0.772,3.53,0.965,0.795,3.47,0.024,0.007,4.13,0.48,1.01,-244.98,-35.43,-4.58,6.99,1.83,0.25,0.04,1.003,0.914,0.089,-0.003,3.49,2.93,74.09,0.43,0.73,56.29,6.99,5.40,0.693,1.54,0.061,-2.00,-0.267,4.253,24700.43,685,1.000
M_SBFQ,SBI Focused Fund,31,57.63,4789,Focused Fund,18.17,20.26,15.74,13.91,0.989,0.930,3.90,0.772,0.305,4.93,-0.409,-0.017,7.61,0.51,1.00,-215.39,-28.65,-5.02,7.62,1.81,0.34,0.05,0.837,0.714,0.122,-0.074,-1.56,3.03,64.77,0.47,0.75,51.46,11.95,5.18,1.293,-1.59,0.107,-2.02,-0.302,3.347,42998.42,685,1.000
M_BAFN,Bajaj Finserv Flexi Cap Fund,32,56.9,911,Flexi Cap Fund,17.71,,,12.80,0.875,0.806,4.94,0.864,0.749,8.47,-1.864,-0.021,5.17,0.64,0.96,-197.14,-17.28,-2.97,5.19,2.16,0.42,0.05,0.929,0.774,0.154,-0.190,4.61,2.72,100.00,0.40,0.68,54.62,2.13,4.72,0.184,0.51,0.018,-1.90,-0.411,0.564,6342.27,131,0.850
M_ICPIU,ICICI Pru Multicap Fund,33,56.79,4789,Multi Cap Fund,13.50,21.07,18.16,15.61,0.933,0.887,3.51,0.941,0.643,3.16,0.141,0.004,4.83,0.48,1.08,-242.01,-36.06,-4.38,6.84,2.13,0.25,0.05,0.963,0.865,0.098,0.002,1.66,3.14,75.83,0.31,0.74,54.09,1.21,0.51,0.100,6.42,0.010,-2.33,-0.195,3.866,15845.2,685,1.000
M_KOTY,Kotak Focused Fund,34,56.78,2402,Focused Fund,24.00,19.72,16.45,16.35,0.809,0.739,3.46,0.916,0.606,4.14,-0.223,-0.077,4.45,0.52,0.97,-267.21,-33.45,-4.43,7.38,1.79,0.36,0.05,0.949,0.857,0.091,-0.037,6.98,0.13,68.49,0.43,0.81,53.94,13.31,11.01,1.157,7.68,0.118,-0.21,-0.493,5.202,3940.04,344,1.000
M_UNMI,Union Multicap Fund,35,55.95,1149,Multi Cap Fund,16.48,20.22,,13.74,0.999,0.878,2.82,0.972,0.476,6.43,-2.111,0.011,5.42,0.56,0.90,-212.72,-19.38,-3.44,5.55,2.47,0.45,0.04,1.023,0.947,0.076,-0.245,7.07,0.27,92.92,0.47,0.82,53.66,2.04,3.49,0.162,0.48,0.017,-2.16,-0.418,0.913,1289.64,165,0.950
M_EDWU,Edelweiss Flexi Cap Fund,36,55.66,4026,Flexi Cap Fund,16.85,20.60,17.48,15.69,0.899,0.824,3.44,0.950,0.723,4.25,-0.316,0.031,4.35,0.43,0.91,-250.76,-31.66,-4.69,7.13,1.98,0.36,0.05,1.003,0.919,0.084,-0.062,6.05,-0.12,83.97,0.58,0.64,56.87,5.71,3.86,0.553,1.12,0.050,-2.60,-0.416,3.906,3127.07,576,1.000
M_HDCAC,HDFC Value Fund,37,55.51,4789,Value Fund,18.09,20.89,17.70,15.63,0.921,0.861,3.37,0.957,0.771,4.53,-0.456,-0.022,3.99,0.47,0.99,-240.41,-38.57,-4.80,7.47,1.93,1.00,0.04,1.005,0.923,0.082,-0.042,1.46,1.69,81.04,0.65,0.73,54.24,5.22,5.10,0.514,2.26,0.045,-1.53,-0.444,4.133,7486.92,685,1.000
M_WOMI,WOC Multi Cap Fund,38,55.31,876,Multi Cap Fund,17.43,,,14.21,0.769,0.673,6.14,0.977,1.328,9.95,-1.990,0.085,4.50,0.64,0.98,-222.04,-16.43,-2.60,4.65,2.35,0.45,0.09,1.052,0.887,0.165,-0.200,6.32,-2.35,100.00,0.13,0.64,64.80,-2.58,4.44,-0.234,-5.16,-0.021,-4.68,-0.494,1.124,2984.94,126,0.850
M_HDFSO,HDFC Focused Fund,39,54.28,4789,Focused Fund,17.46,22.97,23.08,16.82,0.979,0.966,2.82,0.977,0.398,2.35,0.186,0.022,6.68,0.43,1.13,-258.55,-40.87,-6.50,9.99,1.65,0.37,0.04,1.003,0.931,0.072,0.086,-0.78,0.90,67.46,0.65,0.74,53.36,6.14,4.47,0.710,6.37,0.055,-0.38,-0.126,3.238,26332.2,685,1.000
M_TAQY,Tata Value Fund,40,53.99,4789,Value Fund,15.72,20.70,17.51,15.87,0.895,0.846,4.16,0.938,0.651,4.71,-0.218,-0.032,5.73,0.48,1.06,-249.51,-33.07,-5.23,7.61,1.87,0.28,0.05,0.986,0.879,0.107,-0.082,-1.86,1.60,69.19,0.43,0.75,53.95,4.40,2.73,0.384,-2.04,0.038,-5.76,-0.310,3.146,8818.88,685,1.000
M_FREE,Franklin India Flexi Cap Fund,41,53.86,4789,Flexi Cap Fund,11.97,19.42,16.90,15.13,0.854,0.812,3.47,0.920,0.666,2.96,0.200,-0.037,4.38,0.48,1.05,-230.22,-35.60,-4.35,6.67,1.94,0.51,0.05,0.966,0.874,0.092,-0.004,-0.85,2.63,70.93,0.27,0.74,54.97,-1.39,-1.02,-0.135,3.41,-0.012,-2.55,-0.170,4.656,19528.04,685,1.000
M_ADYUM,Aditya Birla SL Multi-Cap Fund,42,53.76,1744,Multi Cap Fund,16.68,18.86,,13.78,0.897,0.795,3.02,0.950,0.646,4.78,-0.897,0.087,4.08,0.51,0.92,-214.84,-19.88,-3.99,5.90,2.10,0.38,0.05,0.991,0.908,0.083,-0.134,2.99,1.68,82.83,0.37,0.64,56.22,0.71,3.69,0.059,2.11,0.006,-3.31,-0.483,0.462,6504.26,250,0.950
M_UNOY,Union Value Fund,43,53.33,2626,Value Fund,17.80,19.85,16.82,16.56,0.806,0.755,2.73,0.950,0.517,1.46,0.442,-0.020,4.48,0.48,0.95,-268.84,-32.95,-3.98,6.66,2.00,0.33,0.05,0.981,0.911,0.070,0.007,-0.07,4.28,85.80,0.48,0.74,51.47,4.96,4.81,0.447,1.49,0.042,-1.94,-0.133,5.303,370.7,376,1.000
M_FRON,Franklin India Focused Equity Fund,44,53.08,4789,Focused Fund,10.97,16.50,15.80,16.70,0.599,0.602,4.43,0.971,0.641,2.62,0.716,-0.011,6.60,0.48,1.17,-248.36,-35.01,-4.84,7.38,1.36,0.42,0.05,1.022,0.914,0.108,0.122,-1.66,1.85,76.62,0.19,0.78,51.32,-4.29,-2.02,-0.442,2.72,-0.036,-5.01,0.038,3.336,12255.43,685,1.000
M_HELF,Helios Flexi Cap Fund,45,52.41,820,Flexi Cap Fund,19.76,,,15.44,0.859,0.755,5.11,1.023,0.915,8.77,-1.856,0.056,5.77,0.56,0.99,-243.71,-17.90,-3.09,5.29,2.51,0.30,0.09,1.054,0.915,0.140,-0.242,10.03,-6.49,100.00,0.19,0.49,51.28,1.84,6.77,0.125,-6.81,0.015,-3.86,-0.462,1.038,5939.87,118,0.850
M_NICY,Nippon India Focused Fund,46,52.18,4789,Focused Fund,15.54,16.37,14.19,17.07,0.578,0.547,3.90,0.985,0.543,4.28,-0.152,0.076,6.99,0.46,1.03,-266.63,-40.40,-6.41,9.29,1.06,0.62,0.04,1.008,0.908,0.101,-0.031,-0.84,4.72,71.72,0.24,0.73,52.63,0.65,2.55,0.054,3.53,0.005,-2.76,-0.189,4.251,8476.46,685,1.000
M_NIEV,Nippon India Value Fund,47,52.16,4789,Value Fund,14.08,23.32,19.70,16.80,1.001,0.968,3.22,1.011,0.635,3.73,-0.200,0.082,5.20,0.44,0.95,-266.18,-35.18,-5.81,8.30,2.03,0.68,0.04,1.049,0.977,0.072,-0.036,1.03,-0.36,76.30,0.27,0.74,54.97,4.00,1.09,0.368,-3.09,0.034,-2.88,-0.290,2.962,8961.98,685,1.000
M_EDEWA,Edelweiss Multi Cap Fund,48,51.97,841,Multi Cap Fund,16.14,,,15.26,0.632,0.585,5.08,1.040,1.122,8.97,-1.988,0.026,4.85,0.63,0.90,-231.88,-20.03,-4.27,6.49,1.49,0.26,0.25,1.109,0.990,0.119,-0.212,-0.29,-2.63,76.81,0.59,0.42,62.50,2.35,3.16,0.204,1.94,0.020,-3.33,-0.383,0.517,3127.4,121,0.850
M_SUNRX,Sundaram Flexi Cap Fund,49,51.79,1254,Flexi Cap Fund,13.71,16.66,,11.62,0.874,0.789,2.01,0.870,0.340,4.16,-1.277,0.091,3.42,0.52,0.86,-184.21,-15.61,-2.75,4.36,2.33,0.50,0.05,0.920,0.848,0.072,-0.125,3.44,6.04,60.94,0.24,0.76,53.63,-1.15,0.72,-0.114,4.95,-0.010,-2.66,-0.405,0.555,2128.18,180,0.950
M_CAML,Canara Rob Multi Cap Fund,50,51.64,932,Multi Cap Fund,16.33,,,14.05,0.700,0.654,3.83,0.984,0.861,6.24,-1.297,0.011,4.32,0.57,0.90,-218.39,-18.32,-3.01,5.24,1.88,0.42,0.05,1.003,0.885,0.118,-0.181,2.83,0.71,100.00,0.28,0.66,58.65,-1.56,3.34,-0.141,3.22,-0.013,-2.96,-0.310,1.265,5157.44,134,0.850
M_QUTT,Quant Focused Fund,51,50.76,4782,Focused Fund,10.22,16.52,16.15,16.59,0.604,0.604,4.25,0.898,0.404,3.42,0.328,0.001,8.74,0.47,1.03,-260.17,-30.49,-5.00,7.27,1.38,0.39,0.06,0.926,0.803,0.124,-0.027,-0.25,4.50,67.56,0.19,0.77,50.95,-3.57,-2.77,-0.268,0.65,-0.028,-11.51,-0.011,4.079,847.71,684,1.000
M_QUTO,Quant Flexi Cap Fund,52,50.58,4782,Flexi Cap Fund,12.08,18.45,21.30,19.00,0.629,0.606,5.46,0.992,0.504,5.91,-0.177,-0.030,10.72,0.45,1.04,-297.99,-35.17,-7.13,10.09,1.19,0.85,0.05,1.036,0.901,0.135,-0.067,-1.06,3.14,70.25,0.18,0.74,51.68,1.38,-0.91,0.095,-7.05,0.011,-12.61,-0.013,3.677,6220.57,684,1.000
M_SBICO,SBI Contra Fund,53,50.3,4789,Contra Fund,11.31,20.53,21.47,15.23,0.921,0.873,3.56,0.902,0.517,3.96,-0.156,0.016,5.58,0.46,0.95,-235.49,-40.88,-6.38,9.68,1.45,0.65,0.04,0.973,0.884,0.089,-0.041,-5.36,2.22,64.93,0.26,0.74,54.53,2.59,-1.68,0.279,1.27,0.023,-3.11,-0.334,2.239,48729.33,685,1.000
M_HSBD,HSBC Focused Fund,54,50.05,2031,Focused Fund,17.38,18.55,15.43,15.56,0.774,0.737,1.34,1.016,0.321,0.94,0.186,-0.029,4.78,0.56,0.93,-241.89,-20.92,-3.93,6.09,1.98,0.30,0.06,1.015,0.977,0.038,-0.048,3.67,-5.19,72.38,0.33,0.73,52.07,1.82,4.39,0.146,10.50,0.015,-2.20,-0.174,1.282,1667.47,291,1.000
M_INMC,Invesco India Multicap Fund,55,49.86,4789,Multi Cap Fund,7.66,18.27,15.97,16.35,0.720,0.694,4.58,0.946,0.631,5.18,-0.236,0.062,6.67,0.48,1.00,-258.27,-34.41,-6.09,8.62,1.36,0.45,0.04,1.008,0.896,0.112,-0.054,3.06,-2.78,76.78,0.10,0.83,53.07,-11.64,-5.33,-0.827,5.05,-0.079,-10.50,-0.299,3.327,3933.53,685,1.000
M_SBUC,SBI Flexicap Fund,56,49.53,4789,Flexi Cap Fund,10.05,14.41,12.53,14.88,0.531,0.513,2.81,0.907,0.508,3.39,-0.230,0.052,4.27,0.46,1.09,-232.05,-32.92,-4.04,6.33,1.25,0.37,0.05,0.947,0.869,0.078,-0.015,3.64,1.59,67.46,0.16,0.71,53.51,1.94,-2.94,0.223,0.67,0.017,-3.11,-0.361,4.036,23147.51,685,1.000
M_BARX,Baroda BNP Paribas Flexi Cap Fund,57,49.4,1275,Flexi Cap Fund,15.41,17.35,,13.38,0.810,0.739,2.10,0.990,0.486,3.72,-0.972,0.093,4.18,0.49,0.89,-204.57,-20.22,-3.86,5.81,1.87,0.42,0.12,1.026,0.970,0.056,-0.125,1.85,-1.80,79.39,0.28,0.76,51.65,-0.85,2.42,-0.077,2.66,-0.007,-4.63,-0.306,0.827,1221.7,183,0.950
M_MIFE,Mirae Asset Flexi Cap Fund,58,49.21,1086,Flexi Cap Fund,17.79,,,12.82,0.880,0.794,2.33,0.949,0.526,3.06,-0.424,-0.003,3.46,0.67,0.86,-201.40,-15.93,-2.49,4.34,2.60,0.96,0.09,0.985,0.913,0.072,-0.091,4.67,1.88,64.42,0.47,0.76,49.68,3.74,4.80,0.348,-0.06,0.032,-2.95,-0.331,1.265,3565.03,156,0.850
M_JMUU,JM Flexicap Fund,59,49.19,4789,Flexi Cap Fund,4.37,21.02,18.44,16.95,0.857,0.842,3.80,1.005,0.648,3.23,0.226,0.044,5.92,0.45,1.20,-259.61,-31.61,-5.53,8.02,1.81,0.22,0.06,1.048,0.960,0.088,0.035,3.96,-2.28,69.04,0.10,0.74,51.61,-6.81,-8.61,-0.608,1.59,-0.050,-12.43,-0.157,2.283,5152.36,685,1.000
M_SBIUC,SBI Multicap Fund,60,49.16,1436,Multi Cap Fund,9.28,17.85,,11.87,0.956,0.886,2.54,0.783,0.166,5.69,-1.647,0.019,5.93,0.55,0.97,-193.45,-14.74,-2.67,4.11,2.76,0.65,0.06,0.820,0.714,0.106,-0.135,3.17,7.45,63.64,0.11,0.82,52.68,-8.46,-3.71,-0.810,1.00,-0.066,-4.63,-0.521,0.975,22975.18,206,0.950
M_PRPW,Sundaram Multi Cap Fund,60,49.16,4789,Multi Cap Fund,15.15,18.80,17.29,16.27,0.756,0.727,3.24,0.991,0.726,3.05,0.076,0.060,4.39,0.45,1.00,-256.80,-34.87,-5.43,7.84,1.57,0.70,0.04,1.026,0.949,0.078,0.002,1.53,-0.87,77.09,0.24,0.75,51.17,-2.09,2.16,-0.177,1.04,-0.017,-3.29,-0.264,2.856,2797.58,685,1.000
M_MIMC,Mirae Asset Multicap Fund,62,48.66,904,Multi Cap Fund,20.35,,,14.62,0.947,0.848,2.88,1.015,0.699,5.72,-1.482,-0.006,4.29,0.53,0.85,-236.05,-18.16,-3.06,5.24,2.65,0.48,0.09,1.019,0.933,0.086,-0.192,4.97,4.07,98.72,0.25,0.56,55.81,1.57,7.36,0.138,-0.44,0.013,-2.82,-0.441,1.130,4613.15,130,0.850
M_ADTPV,Aditya Birla SL Value Fund,63,48.55,4789,Value Fund,15.95,21.45,17.83,19.03,0.785,0.758,3.79,1.063,0.468,3.77,0.006,-0.002,9.02,0.41,1.01,-294.17,-53.92,-10.20,15.68,0.95,0.86,0.05,1.117,1.044,0.073,-0.019,-2.93,-0.84,64.45,0.51,0.66,51.46,7.53,2.96,0.601,-0.05,0.064,-5.77,0.056,3.487,6245.99,685,1.000
M_INVC,Invesco India Focused Fund,64,47.93,1961,Focused Fund,5.42,23.37,17.44,15.49,1.089,1.024,2.87,0.981,0.435,4.30,-0.680,0.104,6.10,0.58,1.06,-228.19,-21.98,-5.37,7.78,2.17,0.24,0.05,1.040,0.982,0.059,-0.093,-3.69,-4.42,66.81,0.08,0.86,50.36,-20.50,-7.57,-1.614,7.50,-0.123,-10.41,-0.148,0.486,4867.28,281,1.000
M_MAHX,Mahindra Manulife Flexi Cap Fund,65,47.71,1632,Flexi Cap Fund,14.38,18.15,,13.55,0.860,0.765,1.91,0.930,0.421,5.13,-1.593,-0.070,3.58,0.42,0.84,-212.14,-17.04,-3.65,5.45,2.14,0.55,0.04,0.962,0.906,0.057,-0.145,3.51,7.22,93.96,0.32,0.70,57.08,1.44,1.39,0.136,0.29,0.012,-3.10,-0.493,0.289,1596.73,234,0.950
M_MAMG,Mahindra Manulife Value Fund,66,47.28,344,Value Fund,,,,13.59,,,6.61,0.891,0.910,11.89,-3.115,0.066,6.24,0.76,1.29,-158.04,-5.44,-1.36,2.14,,,,0.969,0.753,0.217,-0.415,,,,,,69.39,14.92,,1.218,1.73,0.130,-1.52,0.342,0.765,678.95,50,0.550
M_QUNC,Quant Multi Cap Fund,67,47.19,4782,Multi Cap Fund,3.80,12.41,16.83,17.47,0.338,0.318,5.09,0.954,0.540,5.52,-0.166,0.003,8.84,0.48,1.06,-283.64,-30.98,-5.14,7.71,0.77,0.24,0.06,0.999,0.868,0.131,-0.067,-0.79,7.27,75.32,0.03,0.78,54.17,-10.95,-9.19,-0.775,-5.76,-0.076,-18.27,-0.294,3.833,7456.2,684,1.000
M_IDLV,Bandhan Value Fund,68,46.79,4789,Value Fund,12.03,18.29,20.04,17.47,0.675,0.634,3.89,0.988,0.487,7.89,-1.579,0.020,7.83,0.45,1.06,-277.04,-51.35,-7.74,11.84,1.00,0.52,0.04,1.030,0.937,0.093,-0.192,2.41,1.57,66.35,0.25,0.76,52.05,2.25,-0.96,0.223,2.31,0.019,-4.93,-0.681,5.159,10103.58,685,1.000
M_OLDD,Old Bridge Focused Fund,69,45.9,750,Focused Fund,16.51,,,16.21,0.618,0.627,2.69,0.988,0.328,0.53,1.074,0.055,8.09,0.34,0.97,-237.78,-18.56,-5.40,7.29,1.37,0.39,0.03,1.005,0.929,0.076,0.061,-9.28,8.74,66.07,0.48,0.35,53.27,13.71,3.52,1.201,-1.65,0.119,-2.47,0.098,0.941,2395.27,108,0.850
M_IDBO,LIC MF Value Fund,70,45.33,2731,Value Fund,15.92,16.82,15.00,16.92,0.610,0.595,2.35,0.914,0.258,2.31,0.013,0.063,6.93,0.40,1.00,-289.78,-32.40,-5.11,7.93,1.30,0.25,0.06,0.940,0.874,0.066,0.023,6.52,-7.51,48.38,0.27,0.65,50.77,11.66,2.93,0.855,5.79,0.096,-5.88,-0.443,4.517,191.63,391,1.000
M_IIFS,360 ONE Focused Fund,71,45.27,4124,Focused Fund,11.84,16.47,15.40,16.05,0.621,0.569,4.08,0.947,0.643,5.87,-0.703,-0.027,5.84,0.45,0.96,-257.07,-33.44,-5.03,7.51,1.33,0.30,0.05,1.008,0.908,0.100,-0.132,1.03,1.94,70.07,0.20,0.66,50.76,1.66,-1.14,0.140,2.27,0.014,-4.58,-0.592,4.657,6852.54,590,1.000
M_ITVA,ITI Value Fund,72,45.26,1702,Value Fund,18.45,20.43,,15.23,0.915,0.822,1.63,1.015,0.299,3.27,-0.837,0.210,5.77,0.41,0.89,-243.46,-22.40,-5.69,8.06,1.73,0.37,0.05,1.015,0.969,0.046,-0.115,-5.11,0.35,60.94,0.51,0.71,54.73,8.79,5.46,0.749,2.72,0.075,-3.10,-0.432,0.650,343.04,244,0.950
M_TEMO,Templeton India Value Fund,73,45.21,4789,Value Fund,12.76,19.15,19.00,16.52,0.766,0.722,2.39,0.978,0.383,2.40,-0.006,0.030,5.84,0.42,1.07,-253.02,-45.19,-6.75,10.28,1.23,0.65,0.05,0.997,0.935,0.062,-0.004,-3.04,0.03,67.14,0.30,0.68,51.02,4.19,-0.23,0.425,2.75,0.036,-4.11,-0.218,4.034,2265.32,685,1.000
M_TAMC,Tata Flexi Cap Fund,74,45.14,2717,Flexi Cap Fund,13.98,18.25,14.05,14.79,0.795,0.737,2.71,0.827,0.283,3.19,-0.165,-0.078,5.49,0.45,0.98,-238.62,-28.16,-3.89,6.26,1.88,0.39,0.06,0.872,0.789,0.083,-0.028,0.80,5.35,47.48,0.35,0.67,50.77,-0.03,0.99,-0.003,2.12,-0.000,-3.25,-0.411,4.568,3629.9,389,1.000
M_CAOQ,Canara Rob Flexi Cap Fund,75,45.04,4789,Flexi Cap Fund,15.37,16.71,14.51,15.17,0.673,0.649,2.05,0.931,0.408,1.22,0.326,-0.010,3.85,0.43,0.95,-237.52,-29.46,-4.40,6.68,1.53,0.30,0.05,0.965,0.909,0.056,0.030,3.30,1.39,69.04,0.24,0.66,52.05,-1.90,2.38,-0.184,3.99,-0.016,-2.39,-0.202,3.199,13760.07,685,1.000
M_DSYE,DSP Flexi Cap Fund,76,44.88,4789,Flexi Cap Fund,14.17,18.34,14.67,16.46,0.720,0.682,2.33,0.987,0.427,2.34,-0.002,-0.016,5.25,0.41,1.00,-253.39,-32.47,-5.66,8.04,1.47,0.34,0.05,1.021,0.968,0.054,-0.005,-0.14,1.24,68.40,0.32,0.68,51.32,3.96,1.18,0.356,0.27,0.034,-2.76,-0.247,2.613,12327.61,685,1.000
M_UTILO,UTI Value Fund,77,44.59,4789,Value Fund,12.13,19.03,16.21,15.02,0.834,0.792,1.78,0.924,0.337,1.62,0.064,0.081,3.73,0.43,1.04,-227.99,-33.10,-4.72,7.08,1.77,0.26,0.04,0.953,0.902,0.051,0.009,1.73,0.22,66.19,0.27,0.66,50.58,1.14,-0.86,0.110,4.65,0.010,-3.15,-0.275,4.116,9835.7,685,1.000
M_NIML,Nippon India Multi Cap Fund,78,44.27,4789,Multi Cap Fund,16.83,22.52,22.58,17.30,0.926,0.881,3.23,1.021,0.539,4.48,-0.495,0.012,6.26,0.43,1.01,-275.00,-39.94,-5.65,8.79,1.82,0.78,0.04,1.046,0.970,0.076,-0.079,-0.20,0.27,68.40,0.21,0.77,52.05,-4.59,3.84,-0.402,6.03,-0.035,-2.71,-0.375,3.605,48808.64,685,1.000
M_360E,360 ONE Flexicap Fund,79,44.05,960,Flexi Cap Fund,11.69,,,13.87,0.374,0.344,3.86,0.964,0.708,6.78,-1.610,0.017,5.05,0.58,0.98,-209.31,-16.56,-3.78,5.69,0.91,0.26,0.25,1.022,0.915,0.107,-0.185,-5.10,-2.98,75.58,0.20,0.71,51.82,-2.07,-1.30,-0.173,-0.41,-0.017,-5.02,-0.412,0.616,2015.44,138,0.850
M_PGAV,PGIM India Flexi Cap Fund,80,42.55,3998,Flexi Cap Fund,12.86,14.44,13.85,15.61,0.509,0.470,2.90,0.938,0.556,3.22,-0.125,0.049,4.60,0.41,0.95,-246.06,-31.22,-4.93,7.24,1.10,0.53,0.05,0.983,0.909,0.074,-0.027,1.78,3.12,54.81,0.15,0.59,52.36,-4.47,-0.13,-0.380,3.08,-0.035,-3.52,-0.355,3.883,6021.66,572,1.000
M_QUVN,Quant Value Fund,81,42.44,1534,Value Fund,11.69,22.20,,19.99,0.785,0.739,5.96,1.236,0.685,12.90,-3.492,-0.027,10.55,0.42,0.93,-339.37,-23.44,-6.18,8.59,1.83,0.26,0.10,1.242,1.114,0.128,-0.274,-18.67,-5.87,67.26,0.13,0.86,53.88,-3.04,-1.30,-0.192,-5.71,-0.024,-11.35,-0.454,1.366,1565.24,220,0.950
M_JMCR,JM Focused Fund,82,41.94,4789,Focused Fund,12.53,18.96,15.18,18.92,0.658,0.642,1.50,1.084,0.257,0.59,0.360,0.053,8.13,0.35,1.13,-296.17,-36.13,-5.98,8.72,1.43,0.45,0.06,1.085,1.059,0.026,0.081,2.70,0.83,62.88,0.24,0.62,53.65,3.65,-0.46,0.284,-4.07,0.028,-5.67,-0.228,2.650,298.94,685,1.000
M_GRMT,Groww Multicap Fund,83,41.86,421,Multi Cap Fund,22.34,,,15.94,0.994,0.969,3.51,1.030,0.672,6.00,-1.179,0.135,5.17,0.22,0.76,-245.10,-15.77,-3.79,5.89,2.69,0.36,0.07,0.995,0.898,0.097,-0.210,,-4.06,,0.33,,51.67,3.19,9.35,0.251,-0.83,0.026,-1.65,0.054,1.454,325.96,61,0.720
M_JMVA,JM Value Fund,84,41.8,4789,Value Fund,6.56,20.42,18.17,18.25,0.763,0.749,2.90,1.081,0.530,1.66,0.487,0.052,6.53,0.40,1.13,-275.72,-34.87,-6.73,9.49,1.47,0.37,0.06,1.119,1.068,0.051,0.068,-2.02,-2.53,68.09,0.10,0.72,53.65,-7.10,-6.43,-0.589,0.41,-0.049,-14.09,-0.109,2.295,884.63,685,1.000
M_PRLF,Sundaram Focused Fund,85,40.86,4789,Focused Fund,8.34,15.30,13.14,15.07,0.584,0.566,1.73,0.920,0.281,0.56,0.463,-0.010,4.17,0.42,1.04,-229.06,-27.69,-4.54,6.52,1.35,0.33,0.04,0.956,0.909,0.048,0.065,0.18,1.04,66.19,0.14,0.65,49.42,-1.89,-4.65,-0.195,6.87,-0.016,-5.50,-0.112,2.881,1055.78,685,1.000
M_TATY,Tata Focused Fund,86,40.38,2262,Focused Fund,12.15,17.01,15.13,17.39,0.605,0.556,1.54,0.963,0.273,1.06,0.151,0.014,4.35,0.45,0.89,-275.93,-33.56,-5.18,7.99,1.32,0.37,0.06,0.973,0.931,0.042,0.026,2.85,-2.59,78.68,0.23,0.82,52.63,-1.84,-0.84,-0.167,5.00,-0.016,-5.58,-0.303,4.864,1797.84,324,1.000
M_TRMI,TRUSTMF Multi Cap Fund,87,39.98,204,Multi Cap Fund,,,,12.80,,,6.10,0.856,0.787,,,,8.37,0.30,,,-6.82,-1.37,2.09,,,,0.950,0.729,0.221,,,,,,,51.72,4.57,,0.340,-1.23,0.037,-1.77,,,373.44,30,0.550
M_BAMU,Baroda BNP Paribas Multi Cap Fund,88,39.85,4789,Multi Cap Fund,11.13,19.08,17.85,15.82,0.795,0.763,2.21,0.961,0.434,1.98,0.091,-0.012,4.47,0.42,1.02,-249.83,-30.59,-5.21,7.38,1.70,0.35,0.05,0.998,0.945,0.054,-0.011,2.40,-2.30,67.61,0.18,0.66,50.44,-2.73,-1.86,-0.213,0.77,-0.022,-5.77,-0.257,2.241,3047.74,685,1.000
M_FRANU,Franklin India Multi Cap Fund,89,39.57,561,Multi Cap Fund,18.83,,,15.46,0.798,0.696,3.98,0.984,0.801,7.60,-1.672,0.006,5.07,0.14,0.81,-256.31,-18.08,-4.65,6.60,1.87,0.42,0.04,1.000,0.897,0.103,-0.201,3.41,0.18,96.55,0.38,0.35,60.00,5.27,5.84,0.442,-2.75,0.044,-2.57,-0.351,1.298,4870.74,81,0.720
M_ITMU,ITI Multi-Cap Fund,90,39.44,2465,Multi Cap Fund,17.74,21.77,15.13,17.66,0.864,0.787,1.55,0.963,0.193,1.31,0.081,0.157,6.33,0.41,0.95,-290.83,-35.64,-6.65,9.80,1.56,0.27,0.05,0.992,0.957,0.035,-0.054,-2.94,-1.19,43.52,0.47,0.70,56.82,1.67,4.76,0.130,3.48,0.014,-4.33,-0.319,3.565,1296.52,353,1.000
M_HSMY,HSBC Flexi Cap Fund,91,39.23,4789,Flexi Cap Fund,15.39,19.59,15.99,16.75,0.781,0.741,2.10,1.021,0.497,2.37,-0.110,0.048,4.51,0.41,0.93,-265.56,-35.23,-5.69,8.18,1.60,0.63,0.04,1.041,0.994,0.046,-0.035,2.29,0.68,66.82,0.22,0.68,54.24,-3.20,2.40,-0.263,2.43,-0.026,-3.41,-0.318,4.218,5317.76,685,1.000
M_DSOF,DSP Focused Fund,92,39.19,4789,Focused Fund,14.34,19.98,14.65,16.09,0.838,0.807,1.31,0.956,0.181,1.82,-0.203,-0.026,5.55,0.39,1.05,-246.41,-36.40,-5.23,7.71,1.75,0.28,0.04,0.976,0.939,0.036,-0.035,1.47,3.09,58.93,0.38,0.64,50.73,6.96,1.35,0.602,-0.40,0.059,-2.30,-0.291,3.798,2610.71,685,1.000
M_UTFFO,UTI Focused Fund,93,39.1,1632,Focused Fund,10.92,16.80,,13.19,0.781,0.711,0.79,0.873,0.011,1.82,-0.513,0.062,5.05,0.37,0.86,-203.01,-19.15,-4.93,6.86,1.50,0.61,0.05,0.926,0.898,0.027,-0.047,-4.13,6.78,72.53,0.20,0.69,48.93,1.36,-2.07,0.126,0.76,0.011,-6.50,-0.357,0.272,2517.92,234,0.950
M_AXMM,Axis Flexi Cap Fund,94,38.94,3011,Flexi Cap Fund,13.83,16.23,12.06,15.11,0.644,0.610,2.47,0.852,0.250,1.36,0.405,-0.019,6.11,0.43,1.03,-249.33,-26.14,-5.24,7.75,1.25,0.21,0.03,0.898,0.822,0.076,0.053,6.07,0.64,51.72,0.17,0.61,47.91,-4.70,0.84,-0.416,5.45,-0.036,-3.25,-0.205,3.704,12639.37,431,1.000
M_MOI3,Motilal Oswal Flexi Cap Fund,95,37.83,4306,Flexi Cap Fund,6.81,22.84,13.99,16.47,0.993,0.925,3.87,0.929,0.461,5.74,-0.724,-0.015,7.23,0.46,1.00,-270.14,-33.89,-4.99,7.48,2.19,0.31,0.04,1.002,0.911,0.091,-0.127,6.68,-0.59,60.11,0.08,0.65,49.27,-13.44,-6.18,-0.953,-2.23,-0.086,-10.31,-0.497,3.690,13180.03,616,1.000
M_ESEL,Navi Flexi Cap Fund,96,37.54,2773,Flexi Cap Fund,17.20,15.40,14.42,16.44,0.541,0.497,1.45,0.947,0.267,1.79,-0.117,-0.012,4.02,0.40,0.90,-272.01,-33.88,-4.99,7.72,1.15,0.30,0.06,0.941,0.892,0.049,-0.031,3.59,0.41,54.78,0.25,0.63,50.51,8.83,4.21,0.787,0.72,0.075,-1.63,-0.389,5.831,252.74,397,1.000
M_UNOF,Union Focused Fund,97,37.42,2381,Focused Fund,12.75,14.12,12.52,16.24,0.469,0.435,1.73,0.891,0.121,0.79,0.307,-0.078,5.55,0.47,0.92,-264.68,-30.54,-4.06,6.53,1.17,0.41,0.05,0.906,0.849,0.057,0.007,6.98,-0.14,46.02,0.17,0.67,48.82,-2.27,-0.24,-0.193,3.88,-0.016,-2.71,-0.202,5.577,408.6,341,1.000
M_QUTR,Quantum Value Fund,98,36.34,7274,Value Fund,6.14,16.94,14.01,16.99,0.614,0.599,2.90,0.796,0.226,1.93,0.238,-0.020,7.05,0.38,1.10,-264.71,-52.61,-6.55,11.70,0.89,0.24,0.04,0.845,0.769,0.076,0.055,2.32,4.58,67.00,0.14,0.62,50.14,-4.39,-6.85,-0.452,6.04,-0.037,-3.98,-0.111,5.691,1177.98,1040,1.000
M_IDFMM,Bandhan Flexi Cap Fund,99,35.96,4789,Flexi Cap Fund,13.27,16.63,14.55,14.93,0.679,0.626,1.98,0.877,0.193,4.55,-1.018,0.002,5.86,0.43,1.02,-242.38,-33.36,-5.31,7.70,1.32,0.43,0.04,0.910,0.846,0.063,-0.151,0.15,0.93,50.24,0.25,0.65,50.15,-0.32,0.28,-0.032,2.48,-0.003,-2.65,-0.609,4.715,7477.59,685,1.000
M_UNMN,Union Flexi Cap Fund,100,35.81,4789,Flexi Cap Fund,14.25,16.89,14.89,15.01,0.693,0.652,1.00,0.924,0.129,0.97,0.012,-0.003,3.66,0.40,0.94,-237.48,-31.04,-4.68,7.15,1.45,0.29,0.05,0.939,0.904,0.035,-0.027,1.90,0.69,56.40,0.27,0.61,50.44,-0.19,1.27,-0.018,3.43,-0.002,-2.33,-0.279,4.209,2320.45,685,1.000
M_NIPIX,Nippon India Flexi Cap Fund,101,35.37,1646,Flexi Cap Fund,12.72,17.47,,14.33,0.766,0.665,1.42,0.989,0.393,3.82,-1.196,0.002,3.44,0.39,0.89,-231.37,-19.57,-4.88,6.72,1.63,0.31,0.06,0.995,0.954,0.041,-0.135,-0.48,0.44,68.48,0.28,0.67,52.34,-2.50,-0.27,-0.218,2.09,-0.020,-5.95,-0.495,0.483,9195.06,236,0.950
M_TATUM,Tata Multicap Fund,102,33.89,1107,Multi Cap Fund,19.41,14.74,,13.88,0.593,0.519,-0.42,1.006,-0.078,3.13,-2.073,0.039,4.65,0.49,0.87,-228.95,-22.39,-4.51,7.07,1.16,0.26,0.18,0.970,0.967,0.003,-0.251,-1.43,-0.27,3.74,0.24,0.65,48.73,5.18,6.42,0.439,2.16,0.044,-4.18,-0.539,1.387,3138.44,159,0.950
M_MOSN,Motilal Oswal Multi Cap Fund,103,32.84,603,Multi Cap Fund,5.37,,,18.60,-0.061,-0.058,10.54,1.047,0.974,12.62,-1.000,-0.100,10.71,0.32,0.92,-297.99,-17.39,-4.72,6.79,-0.17,0.33,0.05,1.216,0.960,0.255,-0.051,19.56,-14.62,71.43,0.02,0.48,55.81,-17.43,-7.62,-1.070,-13.24,-0.105,-12.30,-0.295,0.558,4113.69,87,0.720
M_BAJFI,Bajaj Finserv Multi Cap Fund,104,32.73,344,Multi Cap Fund,,,,12.29,,,1.43,0.813,-0.029,9.94,-5.019,0.101,5.89,0.57,1.30,-176.52,-5.53,-1.58,2.35,,,,0.859,0.791,0.068,-0.542,,,,,,55.10,3.16,,0.263,0.60,0.027,-2.49,-0.063,1.040,1110.41,50,0.550
M_MOI2,Motilal Oswal Focused Fund,105,31.93,4656,Focused Fund,17.30,11.47,8.47,16.32,0.305,0.296,0.95,0.930,0.062,0.31,0.249,-0.019,7.13,0.38,1.05,-256.73,-31.19,-5.47,8.39,0.59,0.36,0.05,0.921,0.879,0.042,-0.016,1.97,0.12,47.23,0.16,0.61,50.08,1.29,4.31,0.094,-1.91,0.011,-15.26,-0.133,4.278,1512.66,666,1.000
M_BANV,Baroda BNP Paribas Value Fund,106,29.82,981,Value Fund,9.65,,,13.52,0.233,0.218,-0.30,0.944,-0.165,3.98,-2.359,0.083,4.83,0.47,0.94,-216.93,-19.78,-5.59,7.71,0.41,0.26,0.27,0.952,0.954,-0.002,-0.224,-18.16,0.72,37.08,0.20,0.46,51.43,2.23,-3.34,0.212,2.64,0.019,-8.67,-0.355,0.670,1123.67,141,0.850
M_TRMM,TRUSTMF Flexi Cap Fund,107,29.72,659,Flexi Cap Fund,9.84,,,15.61,0.214,0.204,2.75,0.976,0.426,3.16,-0.193,-0.046,6.41,0.26,0.93,-235.57,-17.39,-5.11,6.79,0.49,0.21,0.12,1.029,0.960,0.069,-0.038,9.62,-12.61,58.14,0.17,0.28,53.19,0.22,-3.15,0.018,-1.94,0.002,-5.18,-0.108,0.609,1106.81,95,0.720
M_IDYS,Bandhan Focused Fund,108,29.69,4789,Focused Fund,11.65,20.58,14.30,15.67,0.898,0.847,0.94,0.932,0.087,2.35,-0.557,0.018,5.45,0.37,0.97,-246.77,-33.34,-5.52,7.99,1.76,0.45,0.04,0.953,0.923,0.030,-0.076,6.18,-0.99,45.02,0.16,0.64,48.68,-3.99,-1.34,-0.319,1.92,-0.031,-3.22,-0.457,4.006,1993.81,685,1.000
M_UTIEY,UTI Flexi Cap Fund,109,28.63,4789,Flexi Cap Fund,4.62,11.35,8.63,15.11,0.321,0.308,1.17,0.905,0.101,1.50,-0.132,0.034,5.08,0.40,0.98,-243.16,-31.44,-5.53,8.08,0.60,0.32,0.05,0.924,0.882,0.042,-0.025,3.90,1.81,58.29,0.04,0.63,50.58,-11.82,-8.36,-1.066,-0.18,-0.083,-7.66,-0.358,3.344,24902.62,685,1.000
M_SHRP,Shriram Flexi Cap Fund,110,28.11,2696,Flexi Cap Fund,9.38,12.57,11.54,16.05,0.378,0.360,-1.54,0.901,-0.431,-1.80,0.091,-0.001,5.55,0.33,1.05,-252.30,-27.65,-5.36,8.06,0.75,0.35,0.06,0.922,0.955,-0.033,0.033,-0.48,-5.20,48.95,0.13,0.55,49.22,-1.75,-3.61,-0.160,0.54,-0.015,-12.35,-0.273,3.015,131.63,385,1.000
M_LILU,LIC MF Flexi Cap Fund,111,27.62,4789,Flexi Cap Fund,14.13,15.36,12.39,15.94,0.556,0.531,-1.09,0.941,-0.258,-0.87,-0.084,0.016,5.82,0.31,0.99,-252.17,-29.93,-6.00,8.32,1.07,0.41,0.04,0.942,0.962,-0.020,-0.008,1.41,-4.41,38.70,0.14,0.53,45.76,1.17,1.14,0.092,-11.03,0.009,-6.95,-0.202,2.488,1010.08,685,1.000
M_MIAU,Mirae Asset Focused Fund,112,27.55,2465,Focused Fund,7.16,10.85,10.39,16.60,0.262,0.240,1.31,0.924,0.128,2.00,-0.229,0.107,5.10,0.43,0.92,-271.22,-33.59,-5.09,7.93,0.55,0.33,0.06,0.941,0.900,0.040,-0.063,5.81,1.70,53.49,0.04,0.65,51.14,-12.98,-5.83,-1.112,-2.57,-0.098,-7.61,-0.431,4.921,7270.85,353,1.000
M_SUVY,Sundaram Value Fund,113,26.92,4789,Value Fund,11.93,13.92,13.27,15.69,0.473,0.441,0.25,0.961,-0.003,1.50,-0.493,0.009,3.95,0.36,0.98,-247.24,-37.11,-5.33,7.94,0.93,0.81,0.04,0.964,0.952,0.013,-0.059,-0.92,0.10,55.29,0.15,0.60,49.12,-2.20,-1.06,-0.212,5.89,-0.018,-2.98,-0.475,4.244,1389.1,685,1.000
M_BNP5,Baroda BNP Paribas Focused Fund,114,25.73,3053,Focused Fund,13.32,15.30,13.50,16.17,0.544,0.499,-0.44,0.931,-0.164,-1.23,0.288,0.067,5.54,0.32,0.89,-270.34,-29.36,-5.62,7.84,1.12,0.40,0.04,0.949,0.956,-0.007,-0.019,-1.37,0.13,56.88,0.15,0.49,47.48,-3.25,0.33,-0.256,-1.19,-0.026,-7.63,-0.280,2.766,677.72,437,1.000
M_DSPUP,DSP Multicap Fund,115,25.54,743,Multi Cap Fund,14.10,,,16.24,0.468,0.431,1.59,1.047,0.258,3.12,-0.768,0.004,6.62,0.28,0.98,-259.29,-20.20,-5.07,7.18,1.06,0.26,0.25,0.988,0.936,0.052,-0.120,-8.45,-7.85,58.18,0.12,0.32,50.94,-8.29,1.11,-0.685,2.72,-0.062,-7.05,-0.297,1.442,2585.2,107,0.850
M_AXFO,Axis Focused Fund,116,25.44,4789,Focused Fund,8.73,12.86,7.44,15.85,0.401,0.373,1.15,0.926,0.101,1.69,-0.214,-0.055,6.22,0.38,1.01,-256.65,-32.00,-6.70,9.73,0.65,0.34,0.04,0.943,0.905,0.038,-0.045,1.67,1.23,58.61,0.08,0.59,50.15,-10.80,-4.26,-0.942,2.77,-0.077,-7.07,-0.383,3.025,11381.8,685,1.000
M_UTMUL,UTI Multi Cap Fund,117,24.93,267,Multi Cap Fund,,,,10.10,,,2.16,0.846,0.566,13.28,-9.778,,4.51,0.25,0.68,-177.51,-5.41,-1.21,1.86,,,,0.845,0.735,0.110,-0.565,,,,,,47.37,1.14,,0.102,0.35,0.010,-3.29,-0.882,0.541,1846.2,39,0.550
M_CAPI,Capitalmind Flexi Cap Fund,118,24.63,190,Flexi Cap Fund,,,,9.27,,,0.34,0.724,-0.025,,,,5.06,0.36,,,-3.96,-0.86,1.38,,,,0.820,0.773,0.047,,,,,,,55.56,0.91,,0.097,10.25,0.008,-1.68,,,343.6,28,0.550
M_PGUG,PGIM India Multi Cap Fund,119,24.55,519,Multi Cap Fund,15.30,,,15.89,0.554,0.517,1.53,1.011,0.351,4.30,-1.225,0.013,4.13,0.02,0.75,-244.36,-18.02,-5.65,7.30,1.21,0.42,0.04,1.007,0.972,0.036,-0.141,0.89,0.40,73.91,0.17,0.37,50.00,-3.22,2.32,-0.250,0.93,-0.024,-3.56,-0.207,0.510,416.21,75,0.720
M_IDB0,LIC MF Focused Fund,120,23.1,3011,Focused Fund,8.94,10.85,11.41,16.28,0.267,0.259,-0.93,0.934,-0.246,-2.39,0.533,-0.016,5.47,0.31,0.96,-270.59,-30.22,-4.90,7.09,0.61,0.18,0.04,0.900,0.902,-0.002,0.070,0.04,-0.08,41.69,0.09,0.50,47.44,-5.10,-4.05,-0.387,1.73,-0.038,-8.90,-0.063,5.273,161.98,431,1.000
M_NJFL,NJ Flexi Cap Fund,121,22.65,890,Flexi Cap Fund,6.86,,,14.51,0.025,0.023,0.55,0.921,0.005,4.73,-2.192,0.201,7.10,0.37,0.94,-221.27,-25.41,-9.32,12.44,0.03,0.29,0.09,0.909,0.872,0.037,-0.224,-14.82,-6.88,21.05,0.11,0.26,45.67,-8.12,-6.13,-0.797,9.56,-0.056,-17.02,-0.347,0.355,2505.94,128,0.850
M_INUI,Groww Value Fund,122,21.18,3809,Value Fund,15.60,18.07,15.16,15.21,0.761,0.708,-0.26,0.884,-0.177,0.75,-0.392,0.013,6.16,0.36,0.95,-246.90,-42.49,-8.07,12.31,0.94,0.32,0.03,0.877,0.861,0.016,-0.051,-4.88,-3.32,54.77,0.21,0.56,49.63,-2.95,2.61,-0.319,2.28,-0.025,-2.77,-0.486,4.743,65.98,545,1.000
M_UNFL,Unifi Flexi Cap Fund,123,19.89,246,Flexi Cap Fund,,,,9.34,,,-0.37,0.766,0.076,9.82,-8.647,,4.70,0.15,0.63,-154.57,-5.55,-1.43,2.00,,,,0.714,0.670,0.044,-0.550,,,,,,45.71,-1.54,,-0.153,6.86,-0.013,-2.55,-0.994,0.667,174.49,36,0.550
M_TAHU,Taurus Flexi Cap Fund,124,19.04,4789,Flexi Cap Fund,5.32,14.46,11.69,16.05,0.496,0.464,-2.17,0.980,-0.548,-1.28,-0.353,0.028,4.21,0.28,0.96,-256.16,-36.51,-6.28,8.74,0.91,0.52,0.05,0.965,1.015,-0.050,-0.053,-5.19,-3.62,30.81,0.09,0.52,46.20,-5.95,-7.67,-0.550,-0.42,-0.046,-10.27,-0.386,2.802,341.64,685,1.000
M_SAMC,Samco Flexi Cap Fund,125,18.61,1471,Flexi Cap Fund,4.55,3.12,,16.82,-0.201,-0.186,-9.63,1.020,-1.030,-10.82,0.618,-0.022,9.24,0.05,0.77,-288.18,-29.43,-8.95,12.13,-0.28,0.17,0.04,0.867,1.105,-0.238,0.011,8.20,-9.15,15.09,0.04,0.37,44.29,-12.28,-8.43,-0.887,9.29,-0.074,-21.86,-0.347,1.125,303.69,211,0.950
M_SACO,Samco Multi Cap Fund,126,14.41,463,Multi Cap Fund,-2.46,,,11.36,-0.788,-0.746,-13.52,0.656,-1.645,-12.59,-0.415,-0.057,7.62,-0.27,0.86,-177.39,-14.37,-6.94,7.89,-1.14,0.48,,0.461,0.738,-0.277,-0.123,-23.83,-6.52,0.00,0.01,-0.05,40.91,-21.41,-15.45,-2.324,7.86,-0.125,-12.97,0.095,1.830,268.85,67,0.720
