mfId,name,rank,score,data_days,subsector,cagr_1y,cagr_3y,cagr_5y,alpha_1y,beta_1y,beta_distance_1y,info_1y,sortino_1y,up_capture_1y,down_capture_1y,capture_spread_1y,bear_excess_1y,high_vol_excess_1y,max_drawdown_2y,ulcer_2y,recovery_speed_2y,rolling_beat_rate_2y,rolling_alpha_stability_2y,rolling_active_ir_2y,cross_horizon_consistency,momentum_3m_rel,momentum_6m_rel,momentum_12_1_rel,overheat_penalty,volatility_1y,aum,data_weeks,history_years,factor_coverage,history_reliability,market_regime
M_ICCSF,ICICI Pru Focused Equity Fund,1,89.6,4781,Focused Fund,22.19,24.69,20.62,8.39,0.906,0.09,2.079,1.346,0.968,0.702,0.267,0.38,-0.06,16.76,5.58,0.514,100.00,0.91,3.174,0.916,3.15,4.28,12.10,0.00,13.27,14935.49,684,13.09,1.000,1.000,mixed
M_HDFSO,HDFC Focused Fund,2,82.71,4788,Focused Fund,17.46,22.97,23.08,5.40,0.721,0.28,0.677,1.238,0.786,0.581,0.206,0.53,-0.01,11.13,3.63,0.517,100.00,0.87,1.704,0.868,3.18,2.94,6.51,0.00,10.70,26332.2,685,13.11,1.000,1.000,mixed
M_HDCEQ,HDFC Flexi Cap Fund,3,82.11,4788,Flexi Cap Fund,17.16,22.67,21.14,5.19,0.715,0.28,0.594,1.149,0.792,0.596,0.195,0.51,-0.05,11.92,3.80,0.484,100.00,0.85,1.813,0.877,2.68,2.74,7.02,0.00,10.74,97451.56,685,13.11,1.000,1.000,mixed
M_KOTY,Kotak Focused Fund,4,81.23,2401,Focused Fund,24.00,19.72,16.45,9.87,0.914,0.09,2.004,1.407,1.014,0.717,0.297,0.36,-0.15,17.65,6.42,0.383,92.41,0.60,1.295,0.841,5.18,6.28,9.93,0.00,13.66,3940.04,344,6.57,1.000,1.000,mixed
M_GRMT,Groww Multicap Fund,5,79.94,420,Multi Cap Fund,22.34,,,8.03,1.012,0.01,1.644,1.141,1.035,0.784,0.250,0.27,-0.13,,,,91.43,0.75,1.395,,0.63,1.54,4.97,0.00,15.13,325.96,61,1.15,0.714,0.753,mixed
M_SBFQ,SBI Focused Fund,6,79.19,4788,Focused Fund,18.17,20.26,15.74,6.22,0.695,0.30,0.615,1.277,0.778,0.548,0.230,0.58,-0.08,10.84,3.37,0.517,89.87,0.85,1.258,0.889,2.66,5.66,8.30,0.00,11.09,42998.42,685,13.11,1.000,1.000,mixed
M_DSPVE,DSP Value Fund,7,78.85,1890,Value Fund,17.88,21.12,17.42,7.44,0.475,0.52,0.348,1.200,0.657,0.384,0.273,0.79,-0.05,11.84,3.61,0.657,78.48,0.62,0.906,0.903,4.52,7.21,6.06,0.00,10.52,1413.64,271,5.17,1.000,1.000,mixed
M_LTNA,HSBC Value Fund,8,78.08,4788,Value Fund,19.72,24.03,21.14,5.88,1.019,0.02,1.007,0.921,1.050,0.875,0.175,0.16,-0.05,19.54,6.07,0.340,79.75,0.61,0.853,0.908,2.43,2.13,4.17,0.00,15.60,14552.4,685,13.11,1.000,1.000,mixed
M_MIMC,Mirae Asset Multicap Fund,9,77.69,903,Multi Cap Fund,20.35,,,6.50,0.983,0.02,1.529,1.032,1.024,0.826,0.198,0.22,-0.01,18.16,5.79,0.514,89.87,0.75,1.215,,0.30,0.76,3.84,0.00,14.50,4613.16,130,2.47,0.857,0.847,mixed
M_ITFC,ITI Focused Fund,10,77.47,966,Focused Fund,20.69,,,7.07,0.943,0.06,1.132,1.025,0.990,0.768,0.222,0.30,-0.25,18.44,5.52,0.514,89.87,0.73,1.523,,2.04,1.96,5.86,0.00,14.55,559.76,139,2.64,0.857,0.856,mixed
M_ADTUE,Aditya Birla SL Flexi Cap Fund,11,77.07,4788,Flexi Cap Fund,18.39,19.30,15.56,5.28,0.891,0.11,1.322,0.995,0.967,0.805,0.162,0.25,-0.18,17.00,5.81,0.353,100.00,0.74,2.508,0.901,2.20,3.35,5.56,0.00,12.96,24700.43,685,13.11,1.000,1.000,mixed
M_HDCAC,HDFC Value Fund,12,76.79,4788,Value Fund,18.09,20.89,17.70,5.10,0.881,0.12,1.045,1.000,0.929,0.759,0.170,0.31,-0.20,18.14,6.28,0.340,98.73,0.65,1.477,0.916,1.94,2.51,4.08,0.00,13.00,7486.92,685,13.11,1.000,1.000,mixed
M_KOSN,Kotak Flexicap Fund,13,75.84,4788,Flexi Cap Fund,20.21,18.47,15.20,6.85,0.891,0.11,1.336,1.140,0.972,0.761,0.211,0.30,-0.04,16.22,5.28,0.183,74.68,0.50,0.948,0.876,3.25,2.70,5.07,0.00,13.31,56478.65,685,13.11,1.000,1.000,mixed
M_KOQN,Kotak Contra Fund,14,75.36,4788,Contra Fund,19.40,22.40,18.73,6.04,0.914,0.09,1.312,1.044,0.970,0.779,0.191,0.28,-0.16,18.93,6.73,0.290,70.89,0.51,0.836,0.912,3.14,2.78,3.79,0.00,13.51,5086.82,685,13.11,1.000,1.000,mixed
M_MIFE,Mirae Asset Flexi Cap Fund,15,75.09,1085,Flexi Cap Fund,17.79,,,4.53,0.946,0.05,0.973,0.886,0.987,0.846,0.141,0.20,-0.13,15.93,5.18,0.514,91.14,0.68,1.557,,0.97,1.80,4.70,0.00,14.02,3565.03,156,2.97,0.857,0.872,mixed
M_ICIXD,ICICI Pru Flexicap Fund,16,75.07,1666,Flexi Cap Fund,18.72,20.48,,5.39,0.943,0.06,0.928,0.989,0.901,0.695,0.206,0.39,0.04,19.71,7.20,0.383,73.42,0.65,0.925,0.941,1.62,4.25,3.66,0.00,14.36,20135.02,239,4.56,0.952,0.970,mixed
M_HELF,Helios Flexi Cap Fund,17,72.31,819,Flexi Cap Fund,19.76,,,5.86,1.026,0.03,1.078,0.919,1.051,0.876,0.176,0.16,-0.04,17.90,5.61,0.233,87.34,0.81,1.046,,-1.36,0.89,2.49,0.00,15.55,5939.87,118,2.24,0.857,0.836,mixed
M_ICCYV,ICICI Pru Value Fund,18,71.55,4788,Value Fund,14.59,20.74,20.81,2.91,0.723,0.28,0.197,0.856,0.777,0.649,0.129,0.45,-0.26,13.67,4.81,0.383,89.87,0.70,1.594,0.840,0.76,1.72,5.30,0.00,10.73,60352.77,685,13.11,1.000,1.000,mixed
M_UNOY,Union Value Fund,19,71.44,2625,Value Fund,17.80,19.85,16.82,4.90,0.887,0.11,0.741,0.880,0.923,0.756,0.168,0.31,-0.22,17.52,5.79,0.346,75.95,0.56,0.854,0.922,1.68,2.38,2.27,0.00,13.62,370.7,376,7.19,1.000,1.000,mixed
M_WOMI,WOC Multi Cap Fund,20,71.13,875,Multi Cap Fund,17.43,,,4.28,0.933,0.07,0.903,0.836,0.961,0.820,0.142,0.23,-0.14,16.43,5.08,0.368,88.61,0.92,1.326,,-2.14,-1.26,2.87,0.00,13.82,2984.94,126,2.40,0.857,0.844,mixed
M_KOTMU,Kotak Multicap Fund,21,70.33,1596,Multi Cap Fund,19.66,25.34,,5.69,1.040,0.04,1.153,0.869,1.047,0.872,0.175,0.16,-0.02,20.77,7.09,0.340,67.09,0.60,0.614,0.849,1.22,4.43,2.68,0.00,15.57,22709.75,229,4.37,0.952,0.961,mixed
M_FRANU,Franklin India Multi Cap Fund,22,70.19,560,Multi Cap Fund,18.83,,,5.33,0.965,0.03,1.100,0.912,0.995,0.827,0.169,0.22,-0.13,,,,74.55,0.64,0.687,,0.67,2.53,1.62,0.00,14.40,4870.74,81,1.53,0.714,0.772,mixed
M_BAFN,Bajaj Finserv Flexi Cap Fund,23,69.83,910,Flexi Cap Fund,17.71,,,5.06,0.837,0.16,0.712,0.904,0.880,0.700,0.180,0.38,-0.30,17.28,5.79,0.391,89.87,0.71,1.189,,0.70,1.03,2.35,0.00,12.86,6342.27,131,2.49,0.857,0.848,mixed
M_ADTFU,Aditya Birla SL Focused Fund,24,69.77,4788,Focused Fund,16.79,18.60,15.04,4.11,0.860,0.14,0.687,0.897,0.950,0.825,0.125,0.22,-0.27,15.85,5.87,0.327,83.54,0.56,1.031,0.904,3.37,5.14,5.75,0.00,12.84,8068.13,685,13.11,1.000,1.000,mixed
M_CAFF,Canara Rob Focused Fund,25,67.28,1729,Focused Fund,15.02,19.21,,2.52,0.878,0.12,0.326,0.743,0.863,0.750,0.114,0.32,-0.13,16.14,5.15,0.514,93.67,0.76,1.330,0.852,0.79,-0.87,1.73,0.00,13.32,2869.05,248,4.73,0.952,0.979,mixed
M_EDWU,Edelweiss Flexi Cap Fund,26,67.26,4025,Flexi Cap Fund,16.85,20.60,17.48,3.99,0.893,0.11,0.743,0.863,0.948,0.819,0.129,0.23,-0.25,18.84,6.83,0.290,74.68,0.55,0.740,0.901,1.78,2.74,2.52,0.00,13.28,3127.07,576,11.02,1.000,1.000,mixed
M_MADN,Mahindra Manulife Multi Cap Fund,27,67.13,3199,Multi Cap Fund,18.55,22.61,20.53,4.98,0.996,0.00,0.914,0.801,1.023,0.871,0.152,0.17,-0.24,19.76,6.87,0.200,64.56,0.46,0.617,0.910,1.01,1.40,1.25,0.00,15.08,6045.74,458,8.76,1.000,1.000,mixed
M_AXVV,Axis Value Fund,28,66.41,1603,Value Fund,16.74,24.45,,3.83,0.907,0.09,0.749,0.790,0.946,0.819,0.127,0.23,-0.22,17.06,5.81,0.340,78.48,0.60,0.848,0.791,1.95,3.67,0.12,1.83,13.45,1374.94,230,4.39,0.952,0.962,mixed
M_CAML,Canara Rob Multi Cap Fund,29,65.57,931,Multi Cap Fund,16.33,,,3.08,0.984,0.02,0.732,0.760,0.950,0.831,0.119,0.21,-0.04,18.32,5.90,0.383,79.75,0.71,0.968,,0.44,-0.76,0.77,0.00,14.49,5157.44,134,2.55,0.857,0.851,mixed
M_BANK,Bank of India Multi Cap Fund,30,65.54,1078,Multi Cap Fund,19.62,,,5.65,1.048,0.05,1.021,0.896,1.064,0.897,0.168,0.13,-0.06,19.67,6.49,0.340,70.89,0.63,0.598,,1.93,3.41,0.97,0.96,15.91,989.01,155,2.95,0.857,0.871,mixed
M_CAOQ,Canara Rob Flexi Cap Fund,31,64.51,4788,Flexi Cap Fund,15.37,16.71,14.51,2.66,0.899,0.10,0.514,0.798,0.901,0.795,0.107,0.26,-0.15,17.33,5.86,0.383,96.20,0.69,1.765,0.933,0.55,-0.93,1.83,0.00,13.20,13760.07,685,13.11,1.000,1.000,mixed
M_NIML,Nippon India Multi Cap Fund,32,63.69,4788,Multi Cap Fund,16.83,22.52,22.58,3.63,0.964,0.04,0.743,0.812,0.933,0.793,0.140,0.26,0.08,18.52,6.26,0.383,64.56,0.56,0.538,0.862,0.38,-2.26,-1.83,2.22,14.35,48808.64,685,13.11,1.000,1.000,mixed
M_DSOF,DSP Focused Fund,33,63.41,4788,Focused Fund,14.34,19.98,14.65,1.68,0.925,0.07,0.237,0.683,0.884,0.796,0.088,0.26,-0.16,15.81,5.64,0.316,78.48,0.63,0.754,0.837,1.71,3.33,2.97,0.00,13.93,2610.71,685,13.11,1.000,1.000,mixed
M_WOCE,WOC Flexi Cap Fund,34,62.79,1288,Flexi Cap Fund,14.51,20.91,,1.92,0.898,0.10,0.327,0.697,0.910,0.832,0.078,0.21,-0.16,15.26,4.71,0.347,89.87,0.80,1.196,0.797,-1.35,-0.98,1.63,0.00,13.15,7131.81,185,3.53,0.952,0.919,mixed
M_INUI,Groww Value Fund,35,62.69,3808,Value Fund,15.60,18.07,15.16,3.31,0.817,0.18,0.425,0.810,0.851,0.720,0.131,0.36,-0.12,15.81,5.32,0.514,69.62,0.48,0.397,0.912,-0.18,-1.45,4.34,0.00,12.25,65.98,545,10.43,1.000,1.000,mixed
M_NICY,Nippon India Focused Fund,36,61.61,4788,Focused Fund,15.54,16.37,14.19,2.58,0.955,0.05,0.461,0.695,0.943,0.845,0.099,0.20,-0.09,17.07,6.35,0.351,79.75,0.48,0.751,0.933,1.10,0.31,4.52,0.00,14.35,8476.46,685,13.11,1.000,1.000,mixed
M_TAMC,Tata Flexi Cap Fund,37,61.29,2716,Flexi Cap Fund,13.98,18.25,14.05,1.85,0.823,0.18,0.143,0.676,0.851,0.766,0.085,0.30,-0.07,13.97,4.90,0.224,88.61,0.73,1.433,0.863,0.55,-0.02,3.75,0.00,12.18,3629.9,389,7.44,1.000,1.000,mixed
M_HSBD,HSBC Focused Fund,38,60.38,2030,Focused Fund,17.38,18.55,15.43,4.04,0.992,0.01,0.661,0.793,0.929,0.768,0.161,0.30,-0.29,19.90,6.60,0.215,70.89,0.52,0.397,0.916,3.14,0.88,-0.11,3.24,15.27,1667.47,291,5.56,1.000,1.000,mixed
M_MAHX,Mahindra Manulife Flexi Cap Fund,39,59.6,1631,Flexi Cap Fund,14.38,18.15,,1.84,0.890,0.11,0.289,0.677,0.902,0.825,0.077,0.22,-0.11,16.91,5.95,0.316,89.87,0.56,1.313,0.859,0.46,0.70,2.44,0.00,13.02,1596.73,234,4.47,0.952,0.966,mixed
M_SUNRX,Sundaram Flexi Cap Fund,40,58.91,1253,Flexi Cap Fund,13.71,16.66,,1.50,0.843,0.16,0.099,0.593,0.856,0.780,0.076,0.28,-0.36,15.61,5.19,0.383,92.41,0.73,1.250,0.879,1.00,-0.56,2.35,0.00,12.44,2128.18,180,3.43,0.952,0.914,mixed
M_PRPW,Sundaram Multi Cap Fund,41,58.37,4788,Multi Cap Fund,15.15,18.80,17.29,2.19,0.958,0.04,0.465,0.609,0.944,0.858,0.086,0.18,-0.16,18.33,6.23,0.346,75.95,0.66,0.883,0.903,-0.28,-1.02,-0.18,0.00,14.12,2797.58,685,13.11,1.000,1.000,mixed
M_MAHD,Mahindra Manulife Focused Fund,42,58.21,1911,Focused Fund,14.54,21.49,20.11,2.41,0.811,0.19,0.230,0.715,0.860,0.763,0.097,0.30,-0.15,16.47,6.63,0.200,63.29,0.40,0.283,0.836,2.96,3.98,1.74,1.22,12.15,2207.8,274,5.23,1.000,1.000,mixed
M_UNMI,Union Multicap Fund,43,58.17,1148,Multi Cap Fund,16.48,20.22,,3.19,0.998,0.00,0.619,0.689,1.004,0.903,0.102,0.12,-0.19,19.38,6.70,0.290,70.89,0.58,0.616,0.874,0.67,0.99,0.03,0.63,15.01,1289.64,165,3.14,0.952,0.900,mixed
M_ITFF,ITI Flexi Cap Fund,44,58.14,1092,Flexi Cap Fund,17.98,23.84,,4.05,1.078,0.08,0.972,0.832,1.044,0.914,0.131,0.11,-0.01,21.41,7.17,0.200,67.09,0.58,0.450,0.834,1.49,1.29,-0.02,1.50,15.91,1247.29,157,2.99,0.952,0.892,mixed
M_OLDD,Old Bridge Focused Fund,45,57.06,749,Focused Fund,16.51,,,3.29,1.018,0.02,0.434,0.631,1.061,0.975,0.086,0.03,-0.05,18.56,7.39,0.290,58.23,0.54,0.465,,3.07,6.47,3.88,0.00,16.40,2395.27,108,2.05,0.857,0.826,mixed
M_ITVA,ITI Value Fund,46,56.98,1701,Value Fund,18.45,20.43,,4.83,1.015,0.01,0.828,0.811,0.998,0.836,0.162,0.21,0.04,21.15,7.83,0.200,39.24,0.25,-0.325,0.933,2.94,4.19,-0.30,3.24,15.53,343.04,244,4.66,0.952,0.975,mixed
M_NIEV,Nippon India Value Fund,47,56.84,4788,Value Fund,14.08,23.32,19.70,1.27,0.953,0.05,0.237,0.578,0.965,0.919,0.046,0.10,-0.07,17.33,6.39,0.200,74.68,0.52,0.662,0.803,0.24,1.93,0.33,0.00,14.04,8961.98,685,13.11,1.000,1.000,mixed
M_ESEL,Navi Flexi Cap Fund,48,56.34,2772,Flexi Cap Fund,17.20,15.40,14.42,4.15,0.928,0.07,0.735,0.866,0.918,0.763,0.155,0.30,-0.02,19.28,7.22,0.200,58.23,0.34,0.227,0.917,2.46,4.21,0.36,2.09,13.99,252.74,397,7.59,1.000,1.000,mixed
M_IDFMM,Bandhan Flexi Cap Fund,49,55.78,4788,Flexi Cap Fund,13.27,16.63,14.55,1.11,0.842,0.16,0.005,0.623,0.857,0.794,0.062,0.26,-0.25,16.70,6.44,0.323,94.94,0.58,1.668,0.897,0.57,-0.15,2.57,0.00,12.39,7477.59,685,13.11,1.000,1.000,mixed
M_ADYUM,Aditya Birla SL Multi-Cap Fund,50,54.13,1743,Multi Cap Fund,16.68,18.86,,3.32,0.998,0.00,0.791,0.732,1.028,0.932,0.096,0.09,-0.09,19.88,6.91,0.200,64.56,0.47,0.514,0.920,0.74,0.34,-0.74,1.48,14.71,6504.26,250,4.77,0.952,0.981,mixed
M_LITI,LIC MF Multi Cap Fund,51,53.88,1197,Multi Cap Fund,16.83,22.34,,3.08,1.091,0.09,0.609,0.706,1.025,0.915,0.110,0.11,0.05,18.94,5.84,0.353,63.29,0.67,0.608,0.834,0.56,1.15,-3.94,4.49,16.53,1765.96,172,3.28,0.952,0.907,mixed
M_TAQY,Tata Value Fund,52,53.26,4788,Value Fund,15.72,20.70,17.51,3.18,0.870,0.13,0.423,0.810,0.895,0.775,0.120,0.29,-0.22,20.67,8.45,0.200,50.63,0.34,0.076,0.877,0.63,2.12,0.44,0.19,13.30,8818.88,685,13.11,1.000,1.000,mixed
M_TATUM,Tata Multicap Fund,53,53.0,1106,Multi Cap Fund,19.41,14.74,,5.65,1.000,0.00,1.234,0.872,1.056,0.895,0.161,0.13,-0.14,22.39,8.64,0.200,60.76,0.27,0.012,0.838,1.91,2.49,-0.89,2.79,14.86,3138.44,159,3.03,0.952,0.894,mixed
M_PGUG,PGIM India Multi Cap Fund,54,52.5,518,Multi Cap Fund,15.30,,,2.19,0.985,0.01,0.514,0.700,0.967,0.884,0.083,0.15,-0.10,,,,57.14,0.49,0.558,,-0.62,-1.58,-0.41,0.00,14.51,416.21,75,1.42,0.714,0.766,mixed
M_HSUA,HSBC Multi Cap Fund,55,52.46,1106,Multi Cap Fund,16.19,24.58,,2.85,1.017,0.02,0.574,0.677,1.003,0.907,0.096,0.12,-0.14,19.66,6.42,0.279,65.82,0.49,0.425,0.775,0.19,0.09,-2.07,2.25,15.27,5176.73,159,3.03,0.952,0.894,mixed
M_EDFC,Edelweiss Focused Fund,56,52.39,1288,Focused Fund,14.26,19.54,,1.75,0.894,0.11,0.227,0.573,0.919,0.851,0.068,0.19,-0.30,16.71,6.05,0.290,69.62,0.54,0.617,0.819,3.36,2.65,0.70,2.66,13.33,1038.02,185,3.53,0.952,0.919,mixed
M_DSYE,DSP Flexi Cap Fund,57,51.28,4788,Flexi Cap Fund,14.17,18.34,14.67,1.46,0.935,0.07,0.227,0.617,0.882,0.798,0.084,0.26,-0.17,17.60,6.21,0.200,59.49,0.50,0.603,0.873,1.11,1.91,-0.35,1.46,13.90,12327.61,685,13.11,1.000,1.000,mixed
M_EDEWA,Edelweiss Multi Cap Fund,58,50.88,840,Multi Cap Fund,16.14,,,2.97,0.981,0.02,0.598,0.691,0.997,0.903,0.094,0.12,-0.27,20.03,6.96,0.200,70.89,0.54,0.524,,1.13,1.14,-1.17,2.29,14.66,3127.4,121,2.30,0.857,0.839,mixed
M_UNMN,Union Flexi Cap Fund,59,50.57,4788,Flexi Cap Fund,14.25,16.89,14.89,1.67,0.902,0.10,0.258,0.686,0.905,0.831,0.074,0.21,-0.15,17.12,5.53,0.346,60.76,0.48,0.325,0.918,0.86,-0.09,-0.64,1.50,13.25,2320.45,685,13.11,1.000,1.000,mixed
M_PGAV,PGIM India Flexi Cap Fund,60,50.28,3997,Flexi Cap Fund,12.86,14.44,13.85,0.30,0.932,0.07,-0.041,0.530,0.910,0.876,0.033,0.16,-0.20,16.78,5.64,0.383,84.81,0.63,1.011,0.945,-0.37,-2.20,0.03,0.00,13.77,6021.66,572,10.94,1.000,1.000,mixed
M_IDFUM,Bandhan Multi Cap Fund,61,49.78,1533,Multi Cap Fund,14.20,18.57,,1.50,0.930,0.07,0.244,0.581,0.891,0.810,0.080,0.24,-0.16,18.18,6.60,0.200,67.09,0.46,0.662,0.841,0.32,-0.20,-0.35,0.67,13.75,2802.94,220,4.20,0.952,0.952,mixed
M_BOIX,Bank of India Flexi Cap Fund,62,49.38,2051,Flexi Cap Fund,17.79,23.36,20.69,3.49,1.202,0.20,0.591,0.747,1.154,1.061,0.093,-0.08,0.47,23.25,8.00,0.429,56.96,0.40,0.050,0.881,0.01,2.19,-4.10,4.12,18.68,2167.16,294,5.62,1.000,1.000,mixed
M_AXNM,Axis Multicap Fund,63,48.97,1519,Multi Cap Fund,13.93,23.48,,1.07,0.973,0.03,0.191,0.577,0.944,0.891,0.053,0.14,-0.18,18.04,6.27,0.200,72.15,0.66,0.702,0.735,0.11,-0.67,-3.39,3.50,14.50,9270.66,218,4.16,0.952,0.950,mixed
M_ICPIU,ICICI Pru Multicap Fund,64,48.76,4788,Multi Cap Fund,13.50,21.07,18.16,0.96,0.919,0.08,0.088,0.498,0.871,0.803,0.069,0.25,-0.27,17.25,6.20,0.200,67.09,0.52,0.527,0.822,1.98,0.59,-1.22,3.20,13.70,15845.2,685,13.11,1.000,1.000,mixed
M_PARO,Parag Parikh Flexi Cap Fund,65,48.64,4641,Flexi Cap Fund,7.29,20.43,18.26,-2.61,0.544,0.46,-0.716,0.095,0.555,0.551,0.004,0.57,-0.35,7.14,2.26,0.182,72.15,0.72,0.630,0.685,-0.16,-2.97,0.90,0.00,9.07,133969.81,664,12.71,1.000,1.000,mixed
M_INTT,Invesco India Contra Fund,66,48.44,4788,Contra Fund,12.43,20.61,17.11,-0.41,0.998,0.00,-0.109,0.457,0.955,0.949,0.006,0.07,-0.26,18.27,6.27,0.200,75.95,0.68,0.651,0.803,-0.41,-2.20,0.04,0.00,14.64,19945.73,685,13.11,1.000,1.000,mixed
M_UTILO,UTI Value Fund,67,48.12,4788,Value Fund,12.13,19.03,16.21,-0.17,0.894,0.11,-0.240,0.431,0.901,0.887,0.013,0.14,-0.35,16.67,6.29,0.290,75.95,0.63,0.701,0.820,1.51,0.56,1.89,0.00,13.10,9835.7,685,13.11,1.000,1.000,mixed
M_ITMU,ITI Multi-Cap Fund,68,47.23,2464,Multi Cap Fund,17.74,21.77,15.13,3.78,1.096,0.10,0.892,0.776,1.055,0.933,0.121,0.08,0.02,23.09,8.27,0.200,50.63,0.35,-0.005,0.845,1.35,0.81,-1.76,3.11,16.21,1296.52,353,6.75,1.000,1.000,mixed
M_HSMY,HSBC Flexi Cap Fund,69,46.72,4788,Flexi Cap Fund,15.39,19.59,15.99,2.05,1.037,0.04,0.452,0.591,1.044,0.988,0.056,0.02,-0.22,19.88,6.30,0.200,58.23,0.55,0.492,0.882,-0.21,-1.57,-1.86,1.65,15.51,5317.76,685,13.11,1.000,1.000,mixed
M_AXMM,Axis Flexi Cap Fund,70,46.67,3010,Flexi Cap Fund,13.83,16.23,12.06,1.11,0.947,0.05,0.155,0.615,0.887,0.814,0.073,0.24,0.05,18.68,6.17,0.200,74.68,0.61,0.727,0.870,0.20,-2.31,-2.20,2.40,14.21,12639.37,431,8.24,1.000,1.000,mixed
M_BARX,Baroda BNP Paribas Flexi Cap Fund,71,46.04,1274,Flexi Cap Fund,15.41,17.35,,2.51,0.940,0.06,0.498,0.715,0.942,0.848,0.094,0.19,-0.18,20.22,7.30,0.200,48.10,0.43,0.241,0.923,0.48,-0.42,-2.39,2.87,13.91,1221.7,183,3.49,0.952,0.917,mixed
M_SBICO,SBI Contra Fund,72,45.44,4788,Contra Fund,11.31,20.53,21.47,-0.21,0.762,0.24,-0.391,0.442,0.793,0.764,0.029,0.30,-0.28,15.62,6.07,0.200,63.29,0.29,0.138,0.760,1.02,1.25,-0.46,1.48,11.28,48729.33,685,13.11,1.000,1.000,mixed
M_SUVY,Sundaram Value Fund,73,45.27,4788,Value Fund,11.93,13.92,13.27,0.08,0.815,0.19,-0.251,0.455,0.830,0.796,0.034,0.26,-0.46,15.81,5.61,0.290,68.35,0.54,0.370,0.928,0.97,-1.08,1.47,0.00,12.18,1389.1,685,13.11,1.000,1.000,mixed
M_INXO,Invesco India Flexi Cap Fund,74,45.23,1456,Flexi Cap Fund,13.47,22.12,,0.16,1.076,0.08,0.139,0.499,1.018,1.004,0.015,-0.00,-0.02,18.97,6.25,0.347,67.09,0.77,0.705,0.744,-2.20,-5.94,-2.97,0.78,15.96,4584.14,209,3.99,0.952,0.942,mixed
M_FREE,Franklin India Flexi Cap Fund,75,44.07,4788,Flexi Cap Fund,11.97,19.42,16.90,-0.11,0.860,0.14,-0.239,0.482,0.851,0.821,0.029,0.23,-0.29,15.95,5.41,0.200,58.23,0.45,0.549,0.810,0.54,-0.68,-0.71,1.25,12.82,19528.04,685,13.11,1.000,1.000,mixed
M_TEMO,Templeton India Value Fund,76,43.99,4788,Value Fund,12.76,19.15,19.00,1.01,0.784,0.22,-0.086,0.563,0.788,0.712,0.076,0.37,-0.28,17.63,7.27,0.200,34.18,0.20,-0.244,0.823,1.81,2.02,0.39,1.42,12.00,2265.32,685,13.11,1.000,1.000,mixed
M_SBIUC,SBI Multicap Fund,77,43.67,1435,Multi Cap Fund,9.28,17.85,,-1.76,0.723,0.28,-0.559,0.267,0.688,0.673,0.015,0.42,-0.20,14.74,4.55,0.500,69.62,0.70,0.709,0.691,-2.06,-4.20,-3.06,1.00,11.50,22975.18,206,3.93,0.952,0.939,mixed
M_ADTPV,Aditya Birla SL Value Fund,78,42.66,4788,Value Fund,15.95,21.45,17.83,2.16,1.126,0.13,0.484,0.598,1.131,1.088,0.043,-0.11,-0.14,22.26,8.74,0.250,48.10,0.22,-0.124,0.868,1.94,3.60,-3.04,4.98,17.01,6245.99,685,13.11,1.000,1.000,mixed
M_LILU,LIC MF Flexi Cap Fund,79,41.99,4788,Flexi Cap Fund,14.13,15.36,12.39,1.22,1.007,0.01,0.176,0.499,0.919,0.843,0.076,0.20,0.07,22.50,8.83,0.200,64.56,0.49,0.176,0.903,-2.75,0.57,-3.73,0.98,15.96,1010.08,685,13.11,1.000,1.000,mixed
M_FRON,Franklin India Focused Equity Fund,80,41.01,4788,Focused Fund,10.97,16.50,15.80,-0.90,0.839,0.16,-0.408,0.400,0.833,0.827,0.006,0.22,-0.21,17.26,6.94,0.200,72.15,0.48,0.653,0.827,-0.42,-2.11,0.99,0.00,12.64,12255.43,685,13.11,1.000,1.000,mixed
M_IDBO,LIC MF Value Fund,81,40.49,2730,Value Fund,15.92,16.82,15.00,2.14,1.151,0.15,0.387,0.597,1.025,0.931,0.093,0.09,0.41,23.37,9.57,0.500,58.23,0.48,0.026,0.946,4.36,5.52,-11.46,15.83,18.11,191.63,391,7.47,1.000,1.000,mixed
M_CAVO,Canara Rob Value Fund,82,40.15,1624,Value Fund,13.12,18.34,,0.77,0.887,0.11,-0.002,0.526,0.876,0.823,0.053,0.23,-0.29,18.92,6.93,0.200,54.43,0.44,0.365,0.810,0.48,-0.86,-0.65,1.13,13.20,1300.74,233,4.45,0.952,0.965,mixed
M_DSPUP,DSP Multicap Fund,83,40.0,742,Multi Cap Fund,14.10,,,1.25,0.976,0.02,0.194,0.567,0.919,0.849,0.070,0.19,-0.15,20.20,7.25,0.250,54.43,0.48,0.300,,-1.52,-4.12,-3.93,2.40,14.87,2585.2,107,2.03,0.857,0.825,mixed
M_IDYS,Bandhan Focused Fund,84,39.83,4788,Focused Fund,11.65,20.58,14.30,-0.89,0.967,0.03,-0.212,0.341,0.928,0.934,-0.006,0.08,-0.34,17.37,5.90,0.500,68.35,0.67,0.590,0.772,-0.56,-1.96,-4.38,3.82,14.64,1993.81,685,13.11,1.000,1.000,mixed
M_UNOF,Union Focused Fund,85,39.22,2380,Focused Fund,12.75,14.12,12.52,0.51,0.894,0.11,-0.034,0.496,0.873,0.825,0.048,0.22,-0.08,16.43,5.47,0.391,51.90,0.30,-0.044,0.938,0.43,-1.11,-5.56,5.98,14.10,408.6,341,6.52,1.000,1.000,mixed
M_HDCUI,HDFC Multi Cap Fund,86,38.66,1526,Multi Cap Fund,14.02,20.49,,0.81,1.032,0.03,0.297,0.561,0.982,0.941,0.041,0.08,0.04,20.13,7.38,0.200,56.96,0.39,0.301,0.790,-0.96,-1.25,-2.75,1.79,14.99,19182.58,219,4.18,0.952,0.951,mixed
M_SBUC,SBI Flexicap Fund,87,38.19,4788,Flexi Cap Fund,10.05,14.41,12.53,-1.11,0.720,0.28,-0.557,0.369,0.736,0.721,0.015,0.36,-0.25,15.68,5.94,0.290,58.23,0.42,0.182,0.849,0.69,0.94,-0.67,1.36,10.85,23147.51,685,13.11,1.000,1.000,mixed
M_IDLV,Bandhan Value Fund,88,37.78,4788,Value Fund,12.03,18.29,20.04,-0.06,0.857,0.14,-0.249,0.488,0.835,0.798,0.037,0.26,-0.25,17.47,7.30,0.200,46.84,0.23,-0.138,0.800,1.20,1.09,-1.33,2.53,12.66,10103.58,685,13.11,1.000,1.000,mixed
M_JMCR,JM Focused Fund,89,37.73,4788,Focused Fund,12.53,18.96,15.18,-0.14,0.967,0.03,-0.080,0.488,0.940,0.926,0.014,0.09,-0.02,18.81,7.25,0.200,54.43,0.38,-0.037,0.828,-0.11,1.76,-3.95,3.84,14.41,298.94,685,13.11,1.000,1.000,mixed
M_NIPIX,Nippon India Flexi Cap Fund,90,36.84,1645,Flexi Cap Fund,12.72,17.47,,-0.00,0.966,0.03,-0.064,0.461,0.948,0.933,0.015,0.09,-0.18,19.57,7.52,0.200,59.49,0.41,0.192,0.818,-0.11,-1.22,-1.63,1.52,14.14,9195.06,236,4.50,0.952,0.968,mixed
M_BNP5,Baroda BNP Paribas Focused Fund,91,36.26,3052,Focused Fund,13.32,15.30,13.50,0.45,0.995,0.01,0.081,0.451,1.014,1.006,0.008,-0.01,-0.31,22.27,8.37,0.250,35.44,0.32,-0.407,0.928,-1.21,-1.59,0.40,0.00,14.97,677.72,437,8.36,1.000,1.000,mixed
M_360E,360 ONE Flexicap Fund,92,36.07,959,Flexi Cap Fund,11.69,,,-0.69,0.931,0.07,-0.227,0.389,0.900,0.896,0.005,0.13,-0.28,16.56,6.49,0.200,56.96,0.46,0.396,,-0.67,-1.01,-4.52,3.85,14.10,2015.44,138,2.63,0.857,0.855,mixed
M_IIFS,360 ONE Focused Fund,93,35.67,4123,Focused Fund,11.84,16.47,15.40,-0.47,0.913,0.09,-0.219,0.431,0.876,0.857,0.019,0.18,-0.19,16.63,6.93,0.200,35.44,0.32,-0.181,0.857,1.04,0.81,-1.95,2.99,13.74,6852.54,590,11.29,1.000,1.000,mixed
M_TATY,Tata Focused Fund,94,35.42,2261,Focused Fund,12.15,17.01,15.13,-0.27,0.928,0.07,-0.156,0.435,0.912,0.899,0.013,0.13,-0.20,18.96,7.54,0.200,64.56,0.36,0.165,0.858,0.83,-0.90,-2.33,3.17,13.97,1797.84,324,6.19,1.000,1.000,mixed
M_BAMU,Baroda BNP Paribas Multi Cap Fund,95,33.65,4788,Multi Cap Fund,11.13,19.08,17.85,-1.48,0.985,0.02,-0.340,0.314,0.930,0.951,-0.021,0.06,-0.37,19.01,6.65,0.500,62.03,0.49,0.249,0.789,-0.53,-1.34,-5.96,5.43,14.68,3047.74,685,13.11,1.000,1.000,mixed
M_MOSN,Motilal Oswal Multi Cap Fund,96,33.16,602,Multi Cap Fund,5.37,,,-6.79,1.065,0.07,-0.621,-0.066,0.920,1.093,-0.173,-0.12,-0.34,,,,73.77,1.06,0.589,,-9.49,-8.86,-4.60,0.00,18.17,4113.69,87,1.65,0.714,0.777,mixed
M_UTFFO,UTI Focused Fund,97,33.1,1631,Focused Fund,10.92,16.80,,-1.05,0.857,0.14,-0.480,0.380,0.855,0.859,-0.004,0.18,-0.33,19.15,8.25,0.200,59.49,0.41,0.372,0.769,0.56,0.66,0.49,0.07,12.67,2517.92,234,4.47,0.952,0.966,mixed
M_MOI2,Motilal Oswal Focused Fund,98,32.46,4655,Focused Fund,17.30,11.47,8.47,3.40,1.167,0.17,0.455,0.604,1.045,0.916,0.129,0.11,-0.15,31.19,14.69,0.200,49.37,0.14,-0.221,0.734,-0.17,0.62,-5.71,5.54,19.15,1512.66,666,12.74,1.000,1.000,mixed
M_MOI3,Motilal Oswal Flexi Cap Fund,99,32.06,4305,Flexi Cap Fund,6.81,22.84,13.99,-5.26,0.973,0.03,-0.790,0.020,0.920,1.063,-0.143,-0.08,-0.37,19.10,7.20,0.500,63.29,0.69,0.533,0.644,-4.49,-6.76,-5.26,0.78,15.38,13180.03,616,11.79,1.000,1.000,mixed
M_INVC,Invesco India Focused Fund,100,31.79,1960,Focused Fund,5.42,23.37,17.44,-6.74,0.994,0.01,-1.125,-0.079,0.874,1.042,-0.168,-0.05,-0.03,17.11,6.53,0.500,59.49,0.58,0.311,0.628,-3.68,-10.51,-9.20,5.53,15.29,4867.28,281,5.37,1.000,1.000,mixed
M_TRMM,TRUSTMF Flexi Cap Fund,101,31.42,658,Flexi Cap Fund,9.84,,,-2.53,0.974,0.03,-0.447,0.256,0.927,0.984,-0.057,0.02,-0.24,,,,52.17,0.45,0.221,,-0.46,0.11,-6.23,5.77,15.03,1106.81,95,1.80,0.714,0.785,mixed
M_MIAU,Mirae Asset Focused Fund,102,30.93,2464,Focused Fund,7.16,10.85,10.39,-4.98,0.962,0.04,-0.996,0.047,0.869,0.984,-0.115,0.02,-0.31,16.60,5.59,0.426,63.29,0.60,0.496,0.825,-4.45,-6.52,-2.82,0.00,14.58,7270.85,353,6.75,1.000,1.000,mixed
M_QUTR,Quantum Value Fund,103,30.42,7273,Value Fund,6.14,16.94,14.01,-5.08,0.786,0.21,-1.283,-0.030,0.711,0.800,-0.089,0.25,-0.48,13.23,4.82,0.200,54.43,0.32,0.275,0.689,0.44,-2.16,-1.01,1.45,11.85,1177.98,1040,19.91,1.000,1.000,mixed
M_QUTO,Quant Flexi Cap Fund,104,30.13,4781,Flexi Cap Fund,12.08,18.45,21.30,-0.93,1.060,0.06,-0.086,0.370,1.005,1.024,-0.019,-0.03,0.01,24.67,11.70,0.250,5.06,-0.24,-1.105,0.785,-1.55,0.67,-6.05,4.49,16.12,6220.57,684,13.09,1.000,1.000,mixed
M_AXFO,Axis Focused Fund,105,29.27,4788,Focused Fund,8.73,12.86,7.44,-3.40,0.933,0.07,-0.757,0.185,0.852,0.915,-0.062,0.11,-0.05,17.69,6.64,0.200,68.35,0.46,0.257,0.774,-2.22,-5.40,-2.10,0.00,14.11,11381.8,685,13.11,1.000,1.000,mixed
M_QUVN,Quant Value Fund,106,26.73,1533,Value Fund,11.69,22.20,,-1.57,1.139,0.14,-0.081,0.319,1.023,1.053,-0.030,-0.07,0.01,23.44,10.67,0.250,25.32,-0.07,-0.868,0.695,-2.43,-1.49,-6.65,4.22,17.67,1565.24,220,4.20,0.952,0.952,mixed
M_BANV,Baroda BNP Paribas Value Fund,107,25.58,980,Value Fund,9.65,,,-2.22,0.864,0.14,-0.653,0.261,0.831,0.861,-0.030,0.18,-0.29,19.78,8.90,0.200,11.39,-0.06,-1.305,,1.27,1.08,-3.77,5.05,13.00,1123.67,141,2.68,0.857,0.858,mixed
M_QUTT,Quant Focused Fund,108,24.44,4781,Focused Fund,10.22,16.52,16.15,-2.29,0.998,0.00,-0.380,0.263,0.931,0.977,-0.046,0.03,-0.18,22.13,10.75,0.200,3.80,-0.17,-1.591,0.802,-0.79,-1.75,-5.84,5.05,15.36,847.71,684,13.09,1.000,1.000,mixed
M_IDB0,LIC MF Focused Fund,109,24.07,3010,Focused Fund,8.94,10.85,11.41,-3.63,1.058,0.06,-0.391,0.170,0.928,1.002,-0.074,-0.00,0.24,19.96,7.82,0.200,58.23,0.59,0.121,0.889,-0.91,-2.51,-5.59,4.68,17.07,161.98,431,8.24,1.000,1.000,mixed
M_PRLF,Sundaram Focused Fund,110,23.63,4788,Focused Fund,8.34,15.30,13.14,-3.20,0.822,0.18,-0.848,0.146,0.797,0.854,-0.057,0.19,-0.38,16.53,6.81,0.200,45.57,0.27,-0.049,0.775,1.31,-0.92,-3.76,5.06,12.49,1055.78,685,13.11,1.000,1.000,mixed
M_NJFL,NJ Flexi Cap Fund,111,23.58,889,Flexi Cap Fund,6.86,,,-4.50,0.823,0.18,-0.881,0.028,0.668,0.712,-0.044,0.37,-0.39,25.41,13.73,0.200,25.32,-0.17,-0.694,,0.38,-4.03,-7.22,7.61,13.08,2505.94,128,2.43,0.857,0.845,mixed
M_UTIEY,UTI Flexi Cap Fund,112,23.51,4788,Flexi Cap Fund,4.62,11.35,8.63,-6.92,0.864,0.14,-1.736,-0.160,0.747,0.894,-0.148,0.13,-0.35,14.87,5.48,0.200,56.96,0.46,0.437,0.708,-3.38,-5.92,-4.59,1.21,12.88,24902.62,685,13.11,1.000,1.000,mixed
M_SACO,Samco Multi Cap Fund,113,22.04,462,Multi Cap Fund,-2.46,,,-12.69,0.646,0.35,-2.005,-0.845,0.471,0.738,-0.266,0.33,-0.62,,,,0.00,-0.55,-1.729,,-3.84,-11.00,-13.80,9.96,10.74,268.85,67,1.26,0.714,0.758,mixed
M_JMVA,JM Value Fund,114,21.49,4788,Value Fund,6.56,20.42,18.17,-5.87,1.037,0.04,-0.910,0.004,0.883,1.015,-0.133,-0.02,0.04,23.39,10.77,0.250,29.11,0.09,-0.310,0.669,-1.84,-3.51,-9.40,7.56,15.90,884.63,685,13.11,1.000,1.000,mixed
M_JMUU,JM Flexicap Fund,115,21.1,4788,Flexi Cap Fund,4.37,21.02,18.44,-7.63,0.957,0.04,-1.761,-0.166,0.805,0.980,-0.175,0.03,-0.15,20.72,9.37,0.250,30.38,0.10,-0.202,0.620,-1.43,-3.37,-11.10,9.68,14.25,5152.36,685,13.11,1.000,1.000,mixed
M_INMC,Invesco India Multicap Fund,116,19.68,4788,Multi Cap Fund,7.66,18.27,15.97,-5.26,1.108,0.11,-0.943,0.081,0.969,1.104,-0.134,-0.13,-0.02,20.23,8.00,0.200,46.84,0.44,0.198,0.715,-1.81,-5.83,-9.67,7.86,16.31,3933.53,685,13.11,1.000,1.000,mixed
M_SHRP,Shriram Flexi Cap Fund,117,18.13,2695,Flexi Cap Fund,9.38,12.57,11.54,-2.80,0.930,0.07,-0.723,0.222,0.876,0.930,-0.054,0.09,-0.29,23.52,11.21,0.200,12.66,-0.17,-1.203,0.873,-0.32,-0.85,-6.86,6.53,13.87,131.63,385,7.38,1.000,1.000,mixed
M_TAHU,Taurus Flexi Cap Fund,118,14.17,4788,Flexi Cap Fund,5.32,14.46,11.69,-6.49,0.908,0.09,-1.576,-0.093,0.794,0.939,-0.144,0.08,-0.19,18.75,8.36,0.200,5.06,-0.05,-1.358,0.691,-1.75,-2.93,-7.96,6.21,13.55,341.64,685,13.11,1.000,1.000,mixed
M_QUNC,Quant Multi Cap Fund,119,11.97,4781,Multi Cap Fund,3.80,12.41,16.83,-8.85,1.106,0.11,-1.382,-0.178,0.942,1.182,-0.240,-0.23,-0.06,24.37,12.35,0.250,2.53,-0.37,-1.980,0.624,-4.81,-5.47,-13.66,8.85,16.63,7456.2,684,13.09,1.000,1.000,mixed
M_SAMC,Samco Flexi Cap Fund,120,11.09,1470,Flexi Cap Fund,4.55,3.12,,-8.37,1.185,0.19,-0.875,-0.114,0.995,1.225,-0.230,-0.29,-0.18,29.43,15.40,0.118,3.80,-0.69,-1.683,0.791,-0.81,-6.16,-19.67,18.86,18.43,303.69,211,4.02,0.952,0.944,mixed
