mfId,name,rank,score,subsector,data_days,cagr_3y,cagr_5y,n_windows,xirr_mean,xirr_p25,hold_ret,hold_dd,info_ratio,residual_alpha,downside_capture,rebound,ulcer,sortino,calmar,shrink_lambda,aum_factor,batting,capture_spread,omega
M_DSPVE,DSP Value Fund,1,86.46,Value Fund,2121,15.34,11.96,45.0,17.24,10.73,18.03,-7.52,0.331,6.91,0.5074,0.0607,0.0381,0.8349,0.9806,0.6522,0.9978,0.8525,0.14,2.7842
M_MAHD,Mahindra Manulife Focused Fund,2,86.09,Focused Fund,2149,11.24,11.51,47.0,19.14,10.43,18.61,-9.58,1.1081,6.08,0.8505,-0.0697,0.0517,0.8828,0.6824,0.662,0.9979,0.873,0.2985,2.5449
M_AXVV,Axis Value Fund,3,84.39,Value Fund,1841,16.66,14.14,37.0,23.29,12.3,23.06,-9.85,1.6372,6.28,0.8612,-0.0267,0.0561,0.5618,0.8567,0.6066,0.9981,0.8491,0.4122,2.0998
M_PARO,Parag Parikh Flexi Cap Fund,4,84.07,Flexi Cap Fund,4879,11.84,10.19,137.0,18.72,9.38,17.52,-9.36,0.4616,9.11,0.633,-0.0885,0.0461,0.6963,0.4334,0.8509,0.93,0.8627,-0.1606,2.8004
M_BOIX,Bank of India Flexi Cap Fund,5,81.74,Flexi Cap Fund,2289,18.37,15.06,52.0,20.8,9.14,18.94,-13.04,1.137,3.95,0.8965,0.1347,0.0629,1.099,0.79,0.6842,0.997,0.8382,0.6267,2.9282
M_AXNM,Axis Multicap Fund,6,80.38,Multi Cap Fund,1757,17.85,15.81,34.0,23.44,11.2,22.95,-10.67,1.1523,5.48,0.7932,0.0808,0.0558,0.6022,0.9892,0.5862,0.988,0.84,0.3406,2.1275
M_ICIXD,ICICI Pru Flexi Cap Fund,7,79.48,Flexi Cap Fund,1904,14.35,13.56,39.0,19.3,12.5,18.78,-10.75,1.0118,5.57,0.8096,0.0088,0.0555,0.5935,0.7281,0.619,0.9741,0.8545,0.2453,2.2617
M_KOTMU,Kotak Multi Cap Fund,8,78.62,Multi Cap Fund,1834,15.54,15.87,37.0,24.41,11.15,23.7,-11.42,1.6473,5.68,0.93,0.1243,0.0584,0.5798,0.7482,0.6066,0.9695,0.8491,0.5238,2.0751
M_MADN,Mahindra Manulife Multi Cap Fund,9,78.35,Multi Cap Fund,3437,15.95,13.52,89.0,20.99,8.44,21.84,-13.53,1.0064,5.9,0.9407,0.0435,0.0679,0.5729,0.5218,0.7876,0.9923,0.9048,0.4368,2.1521
M_INTT,Invesco India Contra Fund,10,75.9,Contra Fund,5026,13.0,11.16,142.0,19.81,8.96,18.67,-12.89,1.057,2.69,0.9715,0.0001,0.0686,0.5575,0.3938,0.8554,0.9794,0.9114,0.563,2.1656
M_KOQN,Kotak Contra Fund,11,75.41,Contra Fund,5026,13.66,12.42,142.0,17.91,8.39,17.52,-12.27,0.8906,4.01,0.9505,-0.0049,0.0648,0.5172,0.3916,0.8554,0.9945,0.9367,0.1893,2.1914
M_CAFF,Canara Rob Focused Fund,12,74.36,Focused Fund,1967,11.36,10.11,41.0,17.22,11.98,16.83,-10.09,0.6936,4.07,0.8411,0.005,0.0549,0.4851,0.6392,0.6308,0.9971,0.8421,0.1434,2.0811
M_LTNA,HSBC Value Fund,13,73.95,Value Fund,5026,14.16,13.57,142.0,20.91,9.58,20.13,-13.56,1.0259,3.1,0.9749,-0.0105,0.0809,0.6303,0.3533,0.8554,0.9846,0.7595,0.8355,2.2398
M_ITFF,ITI Flexi Cap Fund,14,73.73,Flexi Cap Fund,1330,18.08,,20.0,11.79,8.25,6.43,-15.87,1.6725,7.04,0.8229,0.1361,0.0564,0.9499,0.8445,0.4545,0.9984,0.7778,0.591,2.8031
M_BANK,Bank of India Multi Cap Fund,15,73.32,Multi Cap Fund,1316,16.35,,20.0,11.92,9.05,7.49,-14.45,1.6629,5.6,0.8369,0.2181,0.0512,0.933,0.8309,0.4545,0.9987,0.7778,0.5344,2.7525
M_WOCE,WOC Flexi Cap Fund,16,72.92,Flexi Cap Fund,1526,13.24,15.46,26.0,16.92,7.6,12.39,-11.75,1.1823,4.71,0.7691,0.0122,0.0446,0.637,0.8672,0.52,0.9904,0.8095,0.2924,2.3086
M_HSUA,HSBC Multi Cap Fund,17,72.81,Multi Cap Fund,1344,16.87,,21.0,12.66,7.43,5.8,-14.98,1.5383,5.56,0.8153,0.0746,0.0507,0.8699,0.8583,0.4667,0.9935,0.7838,0.6017,2.7106
M_ADYUM,Aditya Birla SL Multi-Cap Fund,18,72.15,Multi Cap Fund,1981,13.42,11.39,41.0,17.02,9.15,17.59,-10.66,0.9893,3.38,0.849,0.0528,0.0582,0.5305,0.6751,0.6308,0.9925,0.8596,0.2334,2.1234
M_INXO,Invesco India Flexi Cap Fund,19,72.01,Flexi Cap Fund,1694,15.85,16.04,32.0,22.5,7.76,20.37,-12.62,0.9281,4.75,0.8425,0.0835,0.0576,0.5927,0.8359,0.5714,0.9943,0.8333,0.3,2.1977
M_UNOY,Union Value Fund,20,70.64,Value Fund,2863,10.53,10.34,70.0,20.83,11.35,21.27,-11.14,0.522,2.55,0.957,0.0024,0.0655,0.476,0.3195,0.7447,0.9996,0.907,0.1076,1.9891
M_QUVN,Quant Value Fund,21,70.47,Value Fund,1771,19.41,18.78,35.0,25.31,8.82,25.95,-12.87,1.0242,5.91,1.0161,0.0571,0.0837,0.6746,0.8283,0.5932,0.998,0.6863,0.8284,2.0031
M_ICCYV,ICICI Pru Value Fund,22,70.2,Value Fund,5026,10.33,11.83,142.0,19.38,7.85,18.05,-10.81,0.6071,5.7,0.8801,-0.1012,0.0645,0.7,0.3112,0.8554,0.945,0.7025,-0.0064,2.3501
M_LITI,LIC MF Multi Cap Fund,23,69.95,Multi Cap Fund,1435,16.61,,24.0,16.77,8.55,11.34,-14.13,1.2054,4.14,0.8488,0.135,0.0475,0.6513,0.8771,0.5,0.9977,0.8,0.4742,2.2726
M_WOMI,WOC Multi Cap Fund,24,69.3,Multi Cap Fund,1113,17.01,,13.0,10.85,8.01,8.61,-12.67,1.6531,7.37,0.7257,0.133,0.0481,0.6623,1.0354,0.3514,0.9956,0.7241,0.4405,2.314
M_QUNC,Quant Multi Cap Fund,25,69.2,Multi Cap Fund,5019,9.14,9.66,141.0,21.12,7.77,20.04,-13.68,0.7278,4.19,0.9284,-0.0088,0.0802,0.6979,0.295,0.8545,0.9923,0.7643,0.4468,2.2044
M_QUTO,Quant Flexi Cap Fund,26,69.09,Flexi Cap Fund,5019,14.5,12.76,141.0,22.4,5.97,21.47,-13.71,0.6068,6.54,0.9812,0.0225,0.1001,0.6786,0.4124,0.8545,0.9926,0.7452,0.9891,2.043
M_ITFC,ITI Focused Fund,27,68.89,Focused Fund,1204,16.05,,16.0,11.97,9.04,9.36,-13.21,1.3698,5.55,0.7498,0.095,0.0469,0.5913,0.8706,0.4,0.9994,0.75,0.3821,2.3594
M_IDFUM,Bandhan Multi Cap Fund,28,67.88,Multi Cap Fund,1771,11.37,12.93,35.0,18.57,7.02,17.41,-10.57,1.2831,3.45,0.8768,0.0197,0.0539,0.4706,0.6255,0.5932,0.9969,0.8431,0.2057,1.9717
M_CAVO,Canara Rob Value Fund,29,67.8,Value Fund,1862,9.54,11.43,38.0,18.39,7.89,16.83,-10.3,1.0815,4.28,0.8444,-0.0332,0.0581,0.4752,0.5041,0.6129,0.9987,0.7407,0.1948,2.0236
M_SBFQ,SBI Focused Fund,30,67.58,Focused Fund,5026,14.13,10.22,142.0,17.83,10.87,17.43,-11.66,0.3898,5.48,0.8611,-0.007,0.0748,0.5147,0.4932,0.8554,0.9494,0.7089,-0.1678,2.1166
M_KOTY,Kotak Focused Fund,31,66.29,Focused Fund,2639,13.41,10.24,63.0,19.37,10.87,17.76,-10.82,0.5284,3.26,0.9312,-0.0175,0.072,0.4282,0.4008,0.7241,0.9955,0.7975,0.0625,2.1048
M_360E,360 ONE Flexicap Fund,32,66.23,Flexi Cap Fund,1197,16.59,,16.0,8.63,3.89,3.88,-12.84,1.3694,5.88,0.7621,0.0639,0.0576,0.6629,1.0015,0.4,0.9978,0.75,0.4193,2.4259
M_ICCSF,ICICI Pru Focused Fund,33,65.71,Focused Fund,5019,15.48,13.45,141.0,16.95,7.18,16.4,-11.74,0.433,5.73,0.903,-0.0051,0.0663,0.6184,0.512,0.8545,0.9821,0.758,-0.0987,2.1559
M_INVC,Invesco India Focused Fund,34,65.67,Focused Fund,2198,19.66,13.26,49.0,19.87,5.02,18.9,-12.81,0.6806,3.38,0.8143,0.0055,0.0798,0.8626,0.8942,0.6712,0.9935,0.6,0.2706,2.53
M_UNMI,Union Multicap Fund,35,65.22,Multi Cap Fund,1386,13.58,,22.0,12.05,8.17,7.6,-14.25,1.3046,2.93,0.8388,0.1404,0.0533,0.6614,0.7006,0.4783,0.9984,0.7895,0.3882,2.3125
M_BAFN,Bajaj Finserv Flexi Cap Fund,36,64.74,Flexi Cap Fund,1148,15.17,,14.0,10.02,7.02,7.66,-12.01,1.3082,5.85,0.7562,0.1193,0.0507,0.5226,0.8781,0.3684,0.9913,0.7333,0.331,2.2408
M_HSBD,HSBC Focused Fund,37,63.77,Focused Fund,2268,13.73,10.62,51.0,15.73,8.68,14.58,-12.42,0.5766,1.63,0.9733,0.0219,0.0596,0.6991,0.6565,0.68,0.9982,0.8209,0.2028,2.3358
M_IIFS,360 ONE Focused Fund,38,63.17,Focused Fund,4361,10.52,9.58,120.0,17.62,8.73,17.77,-13.58,0.7071,4.94,0.9406,0.0237,0.0747,0.4695,0.3145,0.8333,0.9932,0.7721,0.2482,2.0816
M_ICPIU,ICICI Pru Multi Cap Fund,39,61.88,Multi Cap Fund,5026,13.75,12.66,142.0,17.68,8.16,17.15,-12.16,0.7349,2.08,0.9341,-0.0681,0.0675,0.5723,0.3812,0.8554,0.9805,0.7658,0.0959,2.2049
M_SBIUC,SBI Multicap Fund,40,61.38,Multi Cap Fund,1673,11.59,12.68,31.0,17.34,5.26,15.48,-10.01,0.599,2.68,0.7784,0.0406,0.0434,0.482,0.7865,0.5636,0.9755,0.7447,0.1155,1.9934
M_EDWU,Edelweiss Flexi Cap Fund,41,61.11,Flexi Cap Fund,4263,13.08,10.87,116.0,17.29,7.29,17.5,-12.75,0.6666,2.85,0.9658,-0.0151,0.0707,0.3952,0.4132,0.8286,0.9963,0.9242,0.211,1.9309
M_HELF,Helios Flexi Cap Fund,42,61.01,Flexi Cap Fund,1057,15.41,,11.0,8.44,6.86,8.7,-13.14,1.3016,5.76,0.7691,0.1606,0.0539,0.5024,0.861,0.3143,0.9913,0.7037,0.3859,2.0618
M_MIFE,Mirae Asset Flexi Cap Fund,43,60.16,Flexi Cap Fund,1323,11.36,,20.0,10.49,7.18,6.72,-13.11,0.777,2.74,0.8142,0.0136,0.0454,0.5613,0.7132,0.4545,0.9955,0.7778,0.1562,2.305
M_JMUU,JM Flexi Cap Fund,44,59.1,Flexi Cap Fund,5026,13.13,13.67,142.0,19.29,5.57,18.64,-13.28,0.7066,4.43,0.9834,-0.0613,0.0826,0.5677,0.4154,0.8554,0.9947,0.7532,0.5709,2.0638
M_HDCAC,HDFC Value Fund,45,58.83,Value Fund,5026,14.54,12.07,142.0,17.12,7.48,16.53,-13.06,0.8888,2.14,0.9646,-0.0079,0.0737,0.5269,0.3771,0.8554,0.9917,0.7911,0.2573,2.1249
M_HDCUI,HDFC Multi Cap Fund,46,57.88,Multi Cap Fund,1764,9.88,13.92,34.0,20.3,4.04,18.21,-11.56,1.2914,3.72,0.9408,0.0744,0.0652,0.5237,0.4909,0.5862,0.9794,0.72,0.3245,1.9569
M_MAHX,Mahindra Manulife Flexi Cap Fund,47,57.68,Flexi Cap Fund,1869,8.83,9.56,38.0,16.9,9.11,16.11,-10.17,0.6366,2.12,0.9109,0.0266,0.0571,0.3046,0.5186,0.6129,0.9984,0.7963,0.0852,1.7799
M_OLDD,Old Bridge Focused Fund,48,57.32,Focused Fund,987,12.01,,9.0,8.01,6.75,12.29,-10.13,1.1171,6.08,0.7964,0.0771,0.0667,0.3819,0.647,0.2727,0.9956,0.68,0.4193,1.8007
M_QUTT,Quant Focused Fund,49,57.23,Focused Fund,5019,12.99,11.83,141.0,18.94,6.5,17.96,-12.44,0.5004,3.1,0.8897,-0.0344,0.0742,0.619,0.426,0.8545,0.9991,0.6879,0.0437,2.1822
M_KOSN,Kotak Flexi Cap Fund,50,57.02,Flexi Cap Fund,5026,10.14,9.12,142.0,17.13,8.94,16.4,-12.26,0.7619,1.25,0.9598,0.0036,0.0624,0.5225,0.2996,0.8554,0.9468,0.7658,0.1564,2.0984
M_MOSN,Motilal Oswal Multi Cap Fund,51,56.9,Multi Cap Fund,840,,,4.0,10.22,9.23,6.06,-21.59,1.2798,17.77,0.4641,0.1635,0.0819,0.502,,0.1429,0.9953,0.6,0.8579,1.8028
M_ADTUE,Aditya Birla SL Flexi Cap Fund,52,56.55,Flexi Cap Fund,5026,13.57,10.02,142.0,17.51,7.76,16.67,-13.02,0.8547,2.17,0.9612,0.0186,0.069,0.5247,0.3829,0.8554,0.971,0.7342,0.2717,2.1187
M_EDEWA,Edelweiss Multi Cap Fund,53,56.53,Multi Cap Fund,1078,16.6,,12.0,6.54,4.5,6.74,-12.11,1.1617,5.11,0.9113,0.0662,0.0621,0.4947,0.8291,0.3333,0.9964,0.7143,0.3178,2.0555
M_EDFC,Edelweiss Focused Fund,54,56.05,Focused Fund,1526,11.13,12.95,26.0,15.15,5.02,10.94,-12.06,0.6851,2.65,0.8799,-0.0519,0.0496,0.4021,0.666,0.52,0.9989,0.8095,0.1576,2.0325
M_CAML,Canara Rob Multi Cap Fund,55,55.04,Multi Cap Fund,1169,12.58,,15.0,8.31,4.84,4.84,-13.39,0.9887,2.78,0.8309,0.1279,0.0533,0.4502,0.6867,0.3846,0.994,0.7419,0.2314,2.0985
M_HDCEQ,HDFC Flexi Cap Fund,56,53.64,Flexi Cap Fund,5026,14.38,14.42,142.0,18.01,6.71,17.28,-12.97,0.6211,4.39,0.9738,-0.0008,0.0801,0.53,0.3843,0.8554,0.93,0.7468,0.3191,2.0622
M_PGUG,PGIM India Multi Cap Fund,57,53.34,Multi Cap Fund,756,,,1.0,7.95,7.95,4.02,-12.03,1.7313,5.84,0.7974,0.06,0.0658,-0.0813,,0.04,0.9995,,0.3258,1.2802
M_TRMM,TRUSTMF Flexi Cap Fund,58,53.21,Flexi Cap Fund,896,9.27,,6.0,5.08,3.41,6.57,-12.01,1.0012,5.64,0.7376,0.0603,0.0665,0.1737,0.5331,0.2,0.999,0.6364,0.3253,1.6223
M_MIMC,Mirae Asset Multicap Fund,59,52.3,Multi Cap Fund,1141,12.03,,14.0,8.37,5.88,6.82,-12.97,1.0836,2.72,0.9215,0.1315,0.0529,0.3818,0.6624,0.3684,0.9944,0.7333,0.1957,1.8827
M_TAQY,Tata Value Fund,60,52.17,Value Fund,5026,11.74,11.35,142.0,18.6,6.41,17.77,-12.57,0.6537,2.62,0.9764,0.0029,0.0766,0.5408,0.3549,0.8554,0.9913,0.6835,0.4105,2.0538
M_FRANU,Franklin India Multi Cap Fund,61,52.01,Multi Cap Fund,798,,,3.0,8.16,7.42,7.64,-13.8,1.4154,5.1,0.8189,0.1204,0.0632,-0.0529,,0.1111,0.9947,0.5789,0.3313,1.2945
M_PRPW,Sundaram Multi Cap Fund,62,51.37,Multi Cap Fund,5026,11.33,9.99,142.0,17.62,5.39,16.85,-13.47,0.8082,2.18,0.99,0.017,0.0777,0.5098,0.3249,0.8554,0.9969,0.7911,0.4686,2.0327
M_FRON,Franklin India Focused Equity Fund,63,50.87,Focused Fund,5026,6.14,7.71,142.0,18.37,7.84,17.66,-13.44,0.5601,0.69,0.9505,-0.0191,0.0765,0.5499,0.1753,0.8554,0.9885,0.7848,0.1647,2.0943
M_IDBO,LIC MF Value Fund,64,49.41,Value Fund,2968,17.04,12.29,74.0,18.27,9.11,19.52,-13.63,0.5611,1.78,0.9235,-0.0646,0.0774,0.4254,0.5259,0.7551,0.9997,0.6111,0.1962,1.9902
M_INMC,Invesco India Multicap Fund,65,49.29,Multi Cap Fund,5026,11.73,10.32,142.0,19.06,5.02,17.89,-14.23,0.7348,1.33,0.9796,-0.0492,0.0875,0.5281,0.3408,0.8554,0.9955,0.7975,0.6195,2.0604
M_JMVA,JM Value Fund,66,49.11,Value Fund,5026,10.96,12.97,142.0,19.5,5.59,18.96,-14.7,0.5565,2.67,1.0261,0.0113,0.0982,0.5043,0.3141,0.8554,0.9992,0.7658,1.0844,1.895
M_UNOF,Union Focused Fund,67,48.85,Focused Fund,2618,10.14,8.2,62.0,16.65,8.74,14.26,-10.92,0.254,3.29,0.8741,-0.0106,0.0634,0.468,0.3322,0.7209,0.9995,0.4615,-0.0402,2.1217
M_BARX,Baroda BNP Paribas Flexi Cap Fund,68,47.94,Flexi Cap Fund,1512,11.08,12.14,26.0,13.56,3.99,9.54,-13.58,0.6643,1.0,0.9032,-0.0095,0.059,0.3943,0.5478,0.52,0.9987,0.8095,0.1483,1.9601
M_NIEV,Nippon India Value Fund,69,47.85,Value Fund,5026,11.86,11.01,142.0,18.61,5.79,18.1,-13.92,0.6066,2.28,1.0084,-0.0148,0.0823,0.4734,0.3372,0.8554,0.991,0.7722,0.597,1.9266
M_GRMT,Groww Multicap Fund,70,47.74,Multi Cap Fund,658,,,0.0,,,,,2.1237,12.72,0.7362,0.5391,0.0518,0.332,,0.0,0.9985,,0.6474,1.7006
M_MAMG,Mahindra Manulife Value Fund,71,45.88,Value Fund,581,,,0.0,,,,,1.7288,5.75,0.7643,0.1579,0.0288,0.3312,,0.0,0.999,,0.4077,1.8716
M_BAJFI,Bajaj Finserv Multi Cap Fund,72,45.57,Multi Cap Fund,581,,,0.0,,,,,1.4667,5.83,0.6772,0.401,0.0335,0.3342,,0.0,0.9984,,0.3727,1.8244
M_ITMU,ITI Multi Cap Fund,73,45.38,Multi Cap Fund,2702,15.88,12.75,65.0,19.29,9.1,19.41,-12.05,0.4566,1.17,0.9252,-0.0072,0.0946,0.4174,0.4456,0.7303,0.9985,0.5679,0.0955,1.9868
M_TRMI,TRUSTMF Multi Cap Fund,74,45.02,Multi Cap Fund,441,,,0.0,,,,,,13.79,,0.4566,0.0328,,,0.0,0.9992,,,
M_UTFFO,UTI Focused Fund,75,44.82,Focused Fund,1869,8.38,8.15,38.0,15.42,8.05,14.58,-11.07,0.1474,1.02,0.8803,-0.0324,0.0736,0.2199,0.4374,0.6129,0.9975,0.7593,-0.0204,1.697
M_ABAU,Abakkus Flexi Cap Fund,76,44.8,Flexi Cap Fund,280,,,0.0,,,,,,14.26,,0.362,0.0288,,,0.0,0.9926,,,
M_NIPIX,Nippon India Flexi Cap Fund,77,44.42,Flexi Cap Fund,1883,8.87,8.95,38.0,16.22,6.71,15.9,-11.06,0.5662,0.76,0.9499,0.0423,0.069,0.2825,0.4532,0.6129,0.9902,0.7222,0.0934,1.7377
M_DSPUP,DSP Multi Cap Fund,78,44.18,Multi Cap Fund,980,7.8,,9.0,2.17,1.92,3.67,-12.86,0.7028,2.17,0.9236,0.0789,0.0717,0.1416,0.3861,0.2727,0.997,0.56,0.2142,1.5274
M_FREE,Franklin India Flexi Cap Fund,79,44.12,Flexi Cap Fund,5026,9.1,9.31,142.0,17.5,6.45,16.82,-12.5,0.6183,1.94,0.9465,-0.046,0.0669,0.5079,0.2556,0.8554,0.9806,0.6392,0.0449,2.0964
M_UNFL,Unifi Flexi Cap Fund,80,43.87,Flexi Cap Fund,483,,,0.0,,,,,,7.05,,0.0623,0.0341,,,0.0,0.9998,,,
M_ITVA,ITI Value Fund,81,43.81,Value Fund,1939,11.0,10.07,40.0,19.67,6.48,19.99,-11.45,0.36,0.03,0.9785,0.0249,0.0781,0.3758,0.4912,0.625,0.9996,0.7321,0.1262,1.7874
M_TATY,Tata Focused Fund,82,43.44,Focused Fund,2499,7.96,8.28,58.0,17.32,8.42,13.84,-11.58,0.2556,0.92,0.9677,-0.0725,0.0812,0.3768,0.2373,0.7073,0.9982,0.7297,0.0166,1.8676
M_UTMUL,UTI Multi Cap Fund,83,42.72,Multi Cap Fund,504,,,0.0,,,,,,4.1,,-0.035,0.0402,,,0.0,0.9978,,,
M_ADTFU,Aditya Birla SL Focused Fund,84,42.7,Focused Fund,5026,11.49,9.1,142.0,15.54,6.53,14.82,-12.22,0.564,2.78,0.9557,-0.0209,0.063,0.4807,0.3519,0.8554,0.992,0.6013,0.002,2.0437
M_CAPI,Capitalmind Flexi Cap Fund,85,42.25,Flexi Cap Fund,427,,,0.0,,,,,,1.77,,-0.3397,0.0292,,,0.0,0.9995,,,
M_CAOQ,Canara Rob Flexi Cap Fund,86,41.94,Flexi Cap Fund,5026,10.26,7.75,142.0,15.66,6.94,15.02,-12.94,0.3843,2.92,0.9574,0.006,0.0665,0.4626,0.3483,0.8554,0.9863,0.6582,-0.0401,2.0086
M_JIOF,JioBlackRock Flexi Cap Fund,87,41.5,Flexi Cap Fund,357,,,0.0,,,,,,1.19,,-0.0917,0.0518,,,0.0,0.9967,,,
M_TAMC,Tata Flexi Cap Fund,88,41.45,Flexi Cap Fund,2954,8.22,7.11,73.0,16.78,9.68,16.49,-11.3,0.0445,1.53,0.8716,-0.0577,0.0634,0.3928,0.292,0.7526,0.9963,0.4719,-0.1399,1.9618
M_DSYE,DSP Flexi Cap Fund,89,41.42,Flexi Cap Fund,5026,9.43,7.9,142.0,16.7,6.06,16.05,-13.74,0.4322,1.99,0.9923,-0.0503,0.0798,0.4559,0.2904,0.8554,0.9875,0.7722,0.2619,1.919
M_BAMU,Baroda BNP Paribas Multi Cap Fund,90,41.24,Multi Cap Fund,5026,13.02,10.22,142.0,16.59,4.11,16.14,-13.37,0.4775,3.1,0.9749,-0.0186,0.0734,0.4787,0.4255,0.8554,0.9965,0.7342,0.1559,1.9867
M_SUNRX,Sundaram Flexi Cap Fund,91,41.24,Flexi Cap Fund,1491,7.53,9.35,25.0,11.72,3.62,7.81,-11.98,-0.0245,1.37,0.85,-0.0573,0.051,0.318,0.4826,0.5102,0.998,0.6098,-0.0153,1.8969
M_PRLF,Sundaram Focused Fund,92,40.82,Focused Fund,5026,9.46,7.63,142.0,15.32,6.33,14.57,-12.43,0.3376,2.88,0.9551,-0.0089,0.0658,0.4724,0.3417,0.8554,0.9989,0.6519,-0.0593,1.9772
M_SBICO,SBI Contra Fund,93,40.7,Contra Fund,5026,9.51,12.96,142.0,18.58,4.48,18.42,-12.47,0.4911,5.29,0.9463,-0.07,0.0958,0.4925,0.2327,0.8554,0.9524,0.6456,0.0438,2.0604
M_THEA,The Wealth Company Flexi Cap Fund,94,40.7,Flexi Cap Fund,357,,,0.0,,,,,,-1.95,,0.2025,0.0474,,,0.0,0.9997,,,
M_HDFSO,HDFC Focused Fund,95,40.5,Focused Fund,5026,14.16,15.33,142.0,17.51,5.0,16.61,-12.49,0.3512,4.84,0.9795,0.0217,0.0984,0.4692,0.3466,0.8554,0.9718,0.6772,0.1892,1.916
M_SBUC,SBI Flexicap Fund,96,40.19,Flexi Cap Fund,5026,7.51,6.58,142.0,16.38,7.4,15.62,-12.08,0.5323,0.75,0.9405,-0.004,0.0637,0.4786,0.2282,0.8554,0.9768,0.6013,-0.0416,2.1032
M_ESEL,Navi Flexi Cap Fund,97,38.73,Flexi Cap Fund,3010,10.66,9.6,75.0,16.85,8.85,17.28,-13.31,0.5414,2.06,0.9444,0.0174,0.0749,0.3554,0.3147,0.7576,0.9997,0.5055,0.0623,1.8815
M_HSMY,HSBC Flexi Cap Fund,98,36.98,Flexi Cap Fund,5026,14.89,11.57,142.0,16.26,4.9,15.52,-14.19,0.6359,1.96,0.9831,-0.0068,0.0806,0.4628,0.4227,0.8554,0.994,0.6772,0.2984,1.9876
M_PGAV,PGIM India Flexi Cap Fund,99,36.87,Flexi Cap Fund,4235,9.63,6.62,115.0,16.84,5.53,16.87,-13.32,0.5138,3.58,0.9475,-0.0033,0.0717,0.4269,0.3085,0.8273,0.994,0.5649,0.069,1.9405
M_SACO,Samco Multi Cap Fund,100,36.87,Multi Cap Fund,700,,,0.0,,,,,-0.2545,-4.13,0.6131,-0.0723,0.0981,-0.7015,,0.0,0.9998,,-0.2315,0.8295
M_NIML,Nippon India Multi Cap Fund,101,36.32,Multi Cap Fund,5026,11.62,14.43,142.0,18.3,4.95,17.75,-13.98,0.535,1.2,0.989,-0.023,0.0864,0.4969,0.2909,0.8554,0.9469,0.7025,0.4303,2.0011
M_NICY,Nippon India Focused Fund,102,34.98,Focused Fund,5026,8.15,8.06,142.0,18.57,5.44,17.42,-14.26,0.5427,0.78,0.9898,0.0099,0.0916,0.5132,0.2018,0.8554,0.9913,0.6519,0.501,1.9774
M_TATUM,Tata Multicap Fund,103,34.82,Multi Cap Fund,1344,8.81,,21.0,6.98,5.76,4.24,-15.94,0.2813,-1.12,0.9228,0.0889,0.0682,0.4164,0.3935,0.4667,0.9964,0.4595,0.0733,1.9662
M_AXMM,Axis Flexi Cap Fund,104,34.06,Flexi Cap Fund,3248,12.52,7.1,83.0,15.26,5.83,14.99,-13.74,0.3377,3.13,0.8748,0.0152,0.076,0.3967,0.4789,0.7757,0.9861,0.4848,-0.0427,1.9643
M_UTILO,UTI Value Fund,105,33.08,Value Fund,5026,10.66,9.31,142.0,15.12,5.07,14.6,-12.99,0.274,2.5,0.9631,-0.0219,0.0713,0.4175,0.3222,0.8554,0.9904,0.6709,-0.0797,1.954
M_IDLV,Bandhan Value Fund,106,31.44,Value Fund,5026,9.46,10.84,142.0,19.42,5.03,19.39,-14.88,0.5204,0.86,0.9819,-0.0004,0.1169,0.4465,0.1841,0.8554,0.99,0.7089,0.4159,2.0092
M_ADTPV,Aditya Birla SL Value Fund,107,30.93,Value Fund,5026,12.63,12.4,142.0,18.57,6.19,17.59,-15.74,0.505,-0.96,0.9985,-0.0018,0.1535,0.5367,0.2343,0.8554,0.9931,0.6899,0.7844,1.9374
M_UNMN,Union Flexi Cap Fund,108,30.86,Flexi Cap Fund,5026,9.92,8.5,142.0,14.3,5.31,13.76,-12.87,0.2066,2.99,0.9588,-0.018,0.0707,0.4025,0.3196,0.8554,0.9975,0.6139,-0.1252,1.942
M_JMCR,JM Focused Fund,109,30.56,Focused Fund,5026,10.63,10.6,142.0,16.32,7.12,15.63,-14.99,0.3095,-0.49,1.0323,0.0179,0.0871,0.4002,0.2941,0.8554,0.9997,0.6582,0.7678,1.7638
M_MOI3,Motilal Oswal Flexi Cap Fund,110,30.04,Flexi Cap Fund,4543,17.11,12.2,126.0,14.99,3.28,14.59,-14.36,0.5482,1.31,0.9241,-0.0026,0.0771,0.5525,0.5049,0.84,0.9858,0.5563,0.1912,2.1083
M_MIAU,Mirae Asset Focused Fund,111,29.12,Focused Fund,2702,7.07,4.6,65.0,16.49,5.77,14.35,-11.97,0.2385,2.06,0.9201,0.0535,0.0816,0.3732,0.2106,0.7303,0.9932,0.3951,-0.0336,1.8901
M_NJFL,NJ Flexi Cap Fund,112,28.49,Flexi Cap Fund,1127,8.57,,13.0,-1.89,-3.85,-1.89,-13.74,0.0848,0.86,0.9969,-0.15,0.1408,0.2015,0.3372,0.3514,0.9973,0.2759,0.0251,1.5722
M_BANV,Baroda BNP Paribas Value Fund,113,28.49,Value Fund,1218,7.85,,16.0,2.19,-0.59,-0.33,-13.07,0.0047,-0.58,0.967,-0.0775,0.0842,0.2453,0.397,0.4,0.999,0.25,-0.0028,1.6928
M_MOI2,Motilal Oswal Focused Fund,114,28.16,Focused Fund,4893,14.03,10.33,137.0,13.48,5.61,12.65,-13.83,0.3132,1.84,0.9463,0.0112,0.0851,0.5253,0.4497,0.8509,0.9982,0.5229,0.0117,2.056
M_DSOF,DSP Focused Fund,115,27.94,Focused Fund,5026,11.6,9.77,142.0,15.36,5.98,14.83,-13.58,0.2171,1.22,0.9907,-0.0116,0.0766,0.3929,0.3188,0.8554,0.9973,0.6139,0.0789,1.8657
M_TEMO,Templeton India Value Fund,116,27.56,Value Fund,5026,7.95,10.58,142.0,17.28,4.1,16.95,-13.67,0.3372,1.68,0.9947,-0.0386,0.1022,0.4247,0.1759,0.8554,0.9981,0.6835,0.2189,1.8728
M_UTIEY,UTI Flexi Cap Fund,117,22.15,Flexi Cap Fund,5026,7.07,2.93,142.0,14.54,5.87,13.75,-13.62,0.179,0.42,0.9471,0.0175,0.0817,0.4059,0.225,0.8554,0.9758,0.557,-0.1576,1.9177
M_AXFO,Axis Focused Fund,118,21.5,Focused Fund,5026,8.47,2.05,142.0,14.64,6.98,14.22,-14.45,0.1816,-0.4,0.9623,-0.048,0.0968,0.3788,0.2646,0.8554,0.9886,0.5949,-0.0954,1.8541
M_IDYS,Bandhan Focused Fund,119,21.38,Focused Fund,5026,14.28,10.93,142.0,14.69,3.89,14.3,-13.59,0.1512,1.92,0.9446,-0.0047,0.0787,0.4035,0.4283,0.8554,0.9979,0.5063,-0.1762,1.9337
M_BNP5,Baroda BNP Paribas Focused Fund,120,19.68,Focused Fund,3290,7.52,7.14,84.0,14.85,6.19,14.98,-13.95,-0.1415,0.6,0.9725,-0.0438,0.0812,0.2256,0.2563,0.7778,0.9993,0.52,-0.124,1.6487
M_IDFMM,Bandhan Flexi Cap Fund,121,19.32,Flexi Cap Fund,5026,9.31,7.89,142.0,15.12,5.0,14.13,-13.2,0.2049,0.17,0.9527,-0.055,0.0763,0.4082,0.2791,0.8554,0.9925,0.4177,-0.111,1.9203
M_IDB0,LIC MF Focused Fund,122,18.54,Focused Fund,3248,8.91,7.01,83.0,13.5,4.84,13.39,-14.0,-0.072,1.01,0.9137,0.0021,0.0725,0.281,0.2947,0.7757,0.9998,0.3737,-0.1962,1.7494
M_QUTR,Quantum Value Fund,123,16.04,Value Fund,7511,8.19,7.76,223.0,14.35,5.22,15.11,-13.39,0.2115,-0.13,0.9761,0.0333,0.1163,0.3898,0.1557,0.9028,0.9989,0.636,-0.5301,1.8309
M_SHRP,Shriram Flexi Cap Fund,124,15.21,Flexi Cap Fund,2933,5.74,5.58,73.0,14.35,5.58,14.51,-13.11,-0.3123,-1.44,0.9861,-0.0542,0.0886,0.2426,0.2077,0.7526,0.9999,0.3483,-0.15,1.6761
M_SUVY,Sundaram Value Fund,125,15.09,Value Fund,5026,5.45,6.2,142.0,13.96,4.82,13.37,-13.52,-0.0586,-0.94,0.9942,-0.0439,0.0799,0.3237,0.1468,0.8554,0.9987,0.5,-0.0845,1.7855
M_INUI,Groww Value Fund,126,14.57,Value Fund,4046,11.32,9.8,109.0,12.71,3.07,12.17,-13.41,-0.1365,1.65,0.9571,0.0235,0.1201,0.3045,0.2665,0.8195,0.9999,0.504,-0.2064,1.7567
M_LILU,LIC MF Flexi Cap Fund,127,12.98,Flexi Cap Fund,5026,9.8,8.89,142.0,11.75,3.79,11.18,-13.55,-0.1531,0.12,0.9784,-0.0747,0.0831,0.2977,0.3274,0.8554,0.9989,0.3671,-0.2326,1.7335
M_TAHU,Taurus Flexi Cap Fund,128,10.94,Flexi Cap Fund,5026,11.27,9.19,142.0,11.6,1.83,11.0,-13.83,-0.2446,-0.95,1.0123,-0.0278,0.0878,0.2631,0.3087,0.8554,0.9996,0.2911,-0.0586,1.6689
M_SAMC,Samco Flexi Cap Fund,129,9.66,Flexi Cap Fund,1708,-4.11,-0.28,33.0,2.35,-7.54,1.02,-16.64,-0.8312,-10.17,1.1584,-0.24,0.1405,-0.2326,-0.1397,0.5789,0.9997,0.1633,-0.3845,1.06
