mfId,name,rank,score,data_days,subsector,aum,cagr_3y,cagr_5y,mean_xirr,p20_xirr,asymmetry,appraisal_1y,r2_1y,ir_3y,ir_6m,vol_3y,vol_6m,d_cap_3y,d_cap_6m,penalty_mult
M_SBFQ,SBI Focused Fund,1.0,108.67,1241,Focused Fund,51247.73,14.45,10.85,17.19,12.42,1.00,1.90,0.73,0.74,2.28,12.10,13.23,0.69,0.68,0.96
M_HDCAC,HDFC Value Fund,2.0,108.60,1232,Value Fund,8265.95,14.90,12.87,19.65,7.88,0.98,2.02,0.90,1.82,4.24,13.83,13.04,0.89,0.79,0.99
M_IDBO,LIC MF Value Fund,3.0,107.55,1232,Value Fund,301.53,17.04,13.08,17.11,8.32,1.00,3.37,0.81,1.08,5.15,17.25,14.53,0.96,0.65,1.00
M_BOIX,Bank of India Flexi Cap Fund,4.0,100.24,1232,Flexi Cap Fund,2953.0,18.41,15.99,23.51,8.18,0.97,2.22,0.79,1.28,4.53,17.66,12.71,1.01,0.67,1.00
M_INXO,Invesco India Flexi Cap Fund,5.0,98.93,1142,Flexi Cap Fund,5708.83,16.08,,22.55,6.71,1.03,0.85,0.88,1.31,3.32,15.60,15.22,0.99,0.88,1.00
M_ESEL,Navi Flexi Cap Fund,6.0,95.91,1233,Flexi Cap Fund,297.31,10.88,10.44,14.38,7.88,0.97,2.40,0.87,0.56,4.04,14.14,14.29,0.91,0.78,1.00
M_LITI,LIC MF Multi Cap Fund,7.0,94.55,968,Multi Cap Fund,2253.92,16.76,,16.82,6.77,0.98,1.86,0.85,1.27,4.58,15.60,13.83,0.95,0.74,0.98
M_INVC,Invesco India Focused Fund,8.0,93.04,1232,Focused Fund,6453.55,19.80,14.30,24.74,5.48,1.01,1.32,0.82,1.49,4.32,16.11,15.39,0.98,0.85,1.00
M_KOTY,Kotak Focused Fund,9.0,90.58,1231,Focused Fund,4548.87,13.71,10.87,17.40,10.26,0.98,1.38,0.88,1.27,1.76,14.28,13.80,0.90,1.02,0.95
M_HDCEQ,HDFC Flexi Cap Fund,10.0,89.64,1231,Flexi Cap Fund,113606.47,14.50,15.16,21.78,10.26,1.06,0.18,0.83,1.06,0.67,12.00,12.41,0.79,0.84,0.82
M_ITMU,ITI Multi Cap Fund,11.0,87.98,1232,Multi Cap Fund,1542.8,16.12,13.42,21.57,9.00,0.89,2.92,0.85,1.42,4.81,16.28,13.59,0.96,0.60,1.00
M_HSBD,HSBC Focused Fund,12.0,85.55,1232,Focused Fund,1843.06,13.87,11.58,17.57,8.21,0.94,1.83,0.83,0.89,3.61,15.83,15.15,0.94,0.70,1.00
M_AXNM,Axis Multicap Fund,13.0,84.77,1188,Multi Cap Fund,11984.67,18.27,,23.47,8.09,0.86,2.28,0.85,1.83,6.32,14.90,13.79,0.93,0.69,1.00
M_AXVV,Axis Value Fund,14.0,84.75,1240,Value Fund,1879.94,16.94,15.19,23.37,8.44,0.84,2.22,0.89,1.92,5.59,14.11,12.52,0.89,0.81,1.00
M_ICPIU,ICICI Pru Multi Cap Fund,15.0,84.49,1232,Multi Cap Fund,19537.64,14.13,13.52,20.82,7.80,0.97,1.70,0.88,1.31,2.17,13.98,15.77,0.89,1.03,0.89
M_HDFSO,HDFC Focused Fund,16.0,84.35,1232,Focused Fund,28200.67,14.37,16.28,22.07,10.54,1.05,0.03,0.88,1.03,0.25,11.76,12.66,0.77,0.80,0.76
M_DSOF,DSP Focused Fund,17.0,83.79,1232,Focused Fund,2671.23,11.78,9.91,18.32,6.33,0.98,0.77,0.88,0.67,1.72,14.47,13.26,0.94,0.85,1.00
M_DSPVE,DSP Value Fund,18.0,83.49,1054,Value Fund,2220.35,15.55,12.26,19.75,11.08,0.96,0.79,0.41,0.61,1.01,12.43,10.50,0.58,0.54,1.00
M_IDYS,Bandhan Focused Fund,19.0,82.23,1241,Focused Fund,2093.7,14.71,11.62,19.01,5.92,0.98,0.89,0.73,0.94,1.53,15.19,14.29,0.93,0.70,1.00
M_ICCSF,ICICI Pru Focused Fund,20.0,81.28,1232,Focused Fund,17948.79,15.91,13.83,22.51,10.32,1.02,0.66,0.90,1.64,0.82,13.54,14.27,0.89,1.00,0.74
M_CAFF,Canara Rob Focused Fund,21.0,81.21,1232,Focused Fund,2919.63,11.35,10.84,17.85,7.02,0.99,-0.15,0.87,0.58,0.48,13.68,13.64,0.89,0.94,0.91
M_MADN,Mahindra Manulife Multi Cap Fund,22.0,80.47,1232,Multi Cap Fund,7662.34,16.26,14.43,21.35,8.90,0.81,2.46,0.84,1.23,4.37,16.66,14.16,0.95,0.76,1.00
M_QUTO,Quant Flexi Cap Fund,23.0,80.34,1232,Flexi Cap Fund,7363.92,14.62,13.43,19.60,5.64,0.96,1.71,0.75,0.84,2.34,16.78,15.17,0.95,0.63,1.00
M_UNOF,Union Focused Fund,24.0,79.50,1232,Focused Fund,462.18,10.46,8.76,13.52,6.75,1.00,1.19,0.74,0.34,2.96,15.01,14.21,0.92,0.79,1.00
M_INUI,Groww Value Fund,25.0,79.37,1232,Value Fund,74.47,11.42,10.55,17.35,5.68,0.98,0.64,0.88,0.66,2.05,13.63,12.42,0.88,0.78,1.00
M_AXMM,Axis Flexi Cap Fund,26.0,78.13,1240,Flexi Cap Fund,13942.88,12.68,8.00,14.96,6.14,1.03,1.39,0.84,0.84,3.32,14.22,13.94,0.91,0.70,1.00
M_ICIXD,ICICI Pru Flexi Cap Fund,27.0,76.42,1232,Flexi Cap Fund,25894.53,14.94,13.95,19.52,9.95,0.94,1.18,0.85,1.17,2.57,14.28,14.75,0.88,0.80,0.99
M_QUTT,Quant Focused Fund,28.0,76.28,1232,Focused Fund,850.2,13.50,12.68,17.05,5.38,1.00,1.43,0.72,0.68,3.04,16.55,16.95,0.97,0.72,0.99
M_ADYUM,Aditya Birla SL Multi-Cap Fund,29.0,76.09,1232,Multi Cap Fund,7531.29,13.53,12.03,17.68,7.46,0.90,2.21,0.87,1.14,4.78,14.55,13.80,0.95,0.75,1.00
M_ADTUE,Aditya Birla SL Flexi Cap Fund,30.0,75.24,1232,Flexi Cap Fund,29044.24,13.81,10.49,17.85,9.26,0.95,2.83,0.93,1.48,5.16,13.35,11.87,0.88,0.81,0.84
M_QUVN,Quant Value Fund,31.0,71.14,1196,Value Fund,1977.54,19.72,,25.39,8.10,0.86,1.66,0.63,1.15,2.17,18.81,16.92,0.98,0.74,1.00
M_KOSN,Kotak Flexi Cap Fund,32.0,69.75,1231,Flexi Cap Fund,56392.25,10.23,9.53,16.67,7.68,1.03,0.04,0.87,0.44,-0.94,14.54,13.52,0.92,0.99,0.78
M_ADTPV,Aditya Birla SL Value Fund,33.0,69.70,1232,Value Fund,6924.62,12.91,13.04,20.72,6.22,0.86,2.37,0.85,0.79,4.18,16.75,13.63,1.03,0.83,1.00
M_NICY,Nippon India Focused Fund,34.0,69.07,1232,Focused Fund,8650.81,8.00,8.91,14.65,4.93,1.06,0.28,0.87,-0.07,0.60,13.50,13.56,0.92,1.00,0.96
M_KOTMU,Kotak Multi Cap Fund,35.0,68.06,1230,Multi Cap Fund,30529.1,15.77,,24.39,7.32,0.87,1.38,0.89,1.39,2.97,16.04,13.88,0.94,0.84,1.00
M_HSMY,HSBC Flexi Cap Fund,36.0,67.77,1232,Flexi Cap Fund,5999.67,15.06,12.27,19.61,6.20,0.97,1.61,0.85,1.37,4.52,15.77,14.18,0.98,0.78,1.00
M_PARO,Parag Parikh Flexi Cap Fund,37.0,66.18,1232,Flexi Cap Fund,147404.51,12.27,11.22,19.49,6.92,0.97,-0.36,0.72,0.42,-0.10,9.84,8.96,0.65,0.74,0.75
M_CAOQ,Canara Rob Flexi Cap Fund,38.0,65.57,1232,Flexi Cap Fund,13678.82,10.42,8.54,15.49,5.62,1.00,0.14,0.93,0.57,1.75,13.54,13.10,0.92,0.91,0.87
M_NIML,Nippon India Multi Cap Fund,39.0,61.49,1232,Multi Cap Fund,56297.62,11.83,14.93,22.10,4.91,0.94,0.05,0.89,0.72,0.91,14.46,13.11,0.94,0.96,0.99
M_ADTFU,Aditya Birla SL Focused Fund,40.0,61.46,1232,Focused Fund,7971.4,11.75,9.39,16.56,6.92,0.95,1.33,0.89,0.68,1.41,13.59,13.14,0.91,0.96,0.98
M_IDFUM,Bandhan Multi Cap Fund,41.0,61.30,1203,Multi Cap Fund,3074.12,11.45,,18.46,5.17,0.97,0.79,0.89,0.75,3.66,13.61,12.07,0.92,0.77,1.00
M_KOQN,Kotak Contra Fund,42.0,61.22,1231,Contra Fund,5510.93,13.93,13.00,21.50,6.34,0.93,0.42,0.90,1.40,1.10,14.58,13.17,0.93,0.97,0.90
M_LTNA,HSBC Value Fund,43.0,60.27,1232,Value Fund,15372.81,14.32,14.45,23.51,7.06,0.93,0.77,0.82,1.05,0.40,16.06,13.23,0.97,0.84,0.80
M_IDFMM,Bandhan Flexi Cap Fund,44.0,58.62,1241,Flexi Cap Fund,7508.0,9.46,8.85,15.37,4.90,0.98,0.20,0.93,0.25,1.26,12.90,11.89,0.91,0.89,0.87
M_IDB0,LIC MF Focused Fund,45.0,58.04,1232,Focused Fund,175.27,9.12,7.93,11.89,4.00,0.98,0.77,0.70,0.14,3.62,15.52,13.64,0.97,0.75,0.99
M_QUTR,Quantum Value Fund,46.0,56.00,1232,Value Fund,1121.91,8.30,8.38,16.67,2.66,0.98,-1.49,0.87,-0.06,-1.56,12.34,12.20,0.86,0.98,0.94
M_ICCYV,ICICI Pru Value Fund,47.0,55.93,1232,Value Fund,60074.56,10.64,12.29,20.09,8.29,0.93,-1.11,0.85,0.34,-1.93,11.29,11.16,0.78,0.94,0.73
M_TATY,Tata Focused Fund,48.0,54.88,1232,Focused Fund,1755.1,8.31,8.74,15.96,2.51,1.01,-0.53,0.92,-0.00,-1.14,14.65,12.96,0.95,0.98,0.90
M_DSYE,DSP Flexi Cap Fund,49.0,54.25,1232,Flexi Cap Fund,12500.27,9.48,8.61,17.05,5.15,0.95,0.24,0.89,0.26,0.84,14.17,13.15,0.93,0.88,1.00
M_EDWU,Edelweiss Flexi Cap Fund,50.0,54.11,1232,Flexi Cap Fund,3721.74,13.21,11.48,19.53,6.37,0.95,0.62,0.89,1.22,0.66,14.66,12.88,0.96,0.97,0.81
M_LILU,LIC MF Flexi Cap Fund,51.0,54.08,1232,Flexi Cap Fund,1125.39,9.96,9.23,14.84,6.54,0.93,0.81,0.80,0.28,2.58,15.57,15.26,0.98,0.99,1.00
M_HDCUI,HDFC Multi Cap Fund,52.0,53.30,1188,Multi Cap Fund,20649.14,10.12,,20.30,2.64,0.98,-0.11,0.94,0.51,0.94,14.88,13.36,1.00,1.00,0.78
M_ITVA,ITI Value Fund,53.0,52.87,1232,Value Fund,363.96,11.20,10.97,19.95,4.36,0.92,0.83,0.85,0.54,1.11,17.24,14.50,1.02,0.93,1.00
M_INTT,Invesco India Contra Fund,54.0,51.69,1232,Contra Fund,20643.56,13.03,11.87,20.25,4.29,0.93,0.42,0.91,1.16,1.80,14.95,14.18,0.99,1.06,0.95
M_TAMC,Tata Flexi Cap Fund,55.0,49.94,1232,Flexi Cap Fund,3663.05,8.47,7.73,15.97,6.64,0.92,-1.08,0.92,-0.01,-1.03,12.77,12.20,0.88,0.92,0.89
M_MOI3,Motilal Oswal Flexi Cap Fund,56.0,49.08,1232,Flexi Cap Fund,14159.98,17.54,12.26,22.73,4.05,0.88,0.85,0.70,1.01,2.82,16.85,15.72,0.98,0.93,1.00
M_BANK,Bank of India Multi Cap Fund,57.0,48.67,882,Multi Cap Fund,1335.04,16.51,,11.73,7.39,0.75,2.72,0.84,1.30,4.76,16.11,12.00,0.93,0.71,0.91
M_WOCE,WOC Flexi Cap Fund,58.0,48.50,1027,Flexi Cap Fund,9594.96,13.39,,16.98,6.33,0.90,1.42,0.91,1.25,4.38,13.80,12.02,0.90,0.83,0.97
M_AXFO,Axis Focused Fund,59.0,48.27,1240,Focused Fund,11424.21,8.56,2.97,11.02,2.35,1.04,0.46,0.83,0.04,2.45,13.78,14.35,0.93,0.79,0.90
M_TAHU,Taurus Flexi Cap Fund,60.0,47.35,1232,Flexi Cap Fund,382.21,11.37,9.89,14.15,3.38,0.91,1.98,0.78,0.58,4.58,14.81,13.59,0.93,0.49,1.00
M_OLDD,Old Bridge Focused Fund,61.0,47.18,666,Focused Fund,4354.21,,,7.86,6.67,1.14,2.43,0.74,0.90,3.27,16.12,14.44,0.93,0.88,0.52
M_UNMI,Union Multicap Fund,62.0,46.87,931,Multi Cap Fund,1561.67,13.95,,12.08,6.24,0.80,2.10,0.85,1.09,5.31,15.12,13.11,0.96,0.75,0.96
M_UNMN,Union Flexi Cap Fund,63.0,46.58,1232,Flexi Cap Fund,2452.32,10.24,9.27,15.63,5.14,0.92,0.95,0.89,0.46,2.99,14.09,13.30,0.93,0.79,1.00
M_PGAV,PGIM India Flexi Cap Fund,64.0,45.67,1232,Flexi Cap Fund,5963.36,9.78,7.19,13.35,5.21,0.96,0.88,0.91,0.33,3.89,13.58,12.36,0.92,0.80,0.95
M_PRPW,Sundaram Multi Cap Fund,65.0,44.79,1231,Multi Cap Fund,3069.63,11.55,10.83,17.51,4.99,0.90,0.68,0.89,0.77,2.64,14.31,14.60,0.94,0.96,0.99
M_SHRP,Shriram Flexi Cap Fund,66.0,44.60,1232,Flexi Cap Fund,130.73,6.06,6.47,12.51,-0.96,0.99,-0.23,0.92,-0.33,-0.63,15.86,12.23,1.01,0.96,0.90
M_JMUU,JM Flexi Cap Fund,67.0,44.54,1232,Flexi Cap Fund,5290.61,13.43,14.20,22.77,0.78,0.92,0.89,0.87,0.88,4.42,15.82,13.21,0.98,0.73,1.00
M_BAMU,Baroda BNP Paribas Multi Cap Fund,68.0,43.83,1233,Multi Cap Fund,3492.89,13.40,11.41,19.30,5.03,0.84,1.18,0.89,0.93,2.83,15.31,13.58,0.99,0.97,1.00
M_INMC,Invesco India Multicap Fund,69.0,43.79,1232,Multi Cap Fund,4529.0,11.73,10.99,18.59,2.41,0.95,0.99,0.88,0.60,3.16,15.96,15.40,1.02,0.89,1.00
M_UTIEY,UTI Flexi Cap Fund,70.0,43.61,1232,Flexi Cap Fund,24163.23,7.06,3.75,10.40,2.27,1.00,0.18,0.84,-0.23,3.46,12.98,13.07,0.89,0.84,0.86
M_NIEV,Nippon India Value Fund,71.0,43.37,1232,Value Fund,9042.97,12.18,11.84,21.90,4.65,0.94,-0.45,0.91,0.95,-1.13,15.30,13.68,1.01,1.07,0.73
M_WOMI,WOC Multi Cap Fund,72.0,43.27,746,Multi Cap Fund,4384.77,17.24,,10.68,7.28,0.86,1.97,0.88,1.85,5.12,14.54,12.29,0.90,0.77,0.75
M_JMCR,JM Focused Fund,73.0,42.77,1232,Focused Fund,292.8,10.99,11.47,18.97,3.55,0.90,0.66,0.86,0.45,1.66,16.60,16.36,1.02,1.04,0.99
M_IIFS,360 ONE Focused Fund,74.0,41.81,1232,Focused Fund,6800.15,10.63,10.52,16.17,4.62,0.91,1.31,0.86,0.49,2.63,15.12,14.75,0.94,0.85,1.00
M_ITFF,ITI Flexi Cap Fund,75.0,41.28,890,Flexi Cap Fund,1588.13,18.03,,11.75,5.23,0.83,3.01,0.86,1.69,5.41,16.40,13.63,0.94,0.58,0.91
M_TAQY,Tata Value Fund,76.0,41.17,1232,Value Fund,8655.69,12.17,12.34,19.81,3.30,0.91,0.45,0.83,0.69,0.53,15.50,13.29,0.93,0.91,0.91
M_MIFE,Mirae Asset Flexi Cap Fund,77.0,40.87,887,Flexi Cap Fund,4506.26,11.48,,10.37,6.37,0.96,1.29,0.90,0.82,2.32,14.12,12.51,0.93,0.82,0.81
M_SBIUC,SBI Multicap Fund,78.0,40.71,1133,Multi Cap Fund,24524.75,12.01,,17.28,4.56,0.89,0.36,0.88,0.58,3.21,12.99,12.50,0.81,0.68,1.00
M_UTILO,UTI Value Fund,79.0,40.70,1232,Value Fund,9572.6,10.83,9.94,18.17,5.57,0.93,-0.74,0.91,0.61,-0.59,13.41,12.48,0.92,0.96,0.73
M_UNOY,Union Value Fund,80.0,40.15,1232,Value Fund,398.93,10.87,11.02,18.49,5.79,0.87,0.41,0.83,0.53,0.06,14.80,13.48,0.92,0.93,0.80
M_MAHD,Mahindra Manulife Focused Fund,81.0,40.12,1232,Focused Fund,2108.86,11.60,11.93,20.54,5.52,0.84,-0.19,0.82,0.60,-1.29,13.85,11.46,0.89,0.89,0.80
M_HSUA,HSBC Multi Cap Fund,82.0,39.85,903,Multi Cap Fund,6502.58,17.20,,12.72,4.98,0.80,1.96,0.83,1.42,4.60,16.27,14.11,0.98,0.71,0.94
M_ITFC,ITI Focused Fund,83.0,39.78,811,Focused Fund,628.6,16.19,,11.75,8.63,0.81,1.30,0.74,1.21,1.92,16.13,13.43,0.88,0.81,0.87
M_MOI2,Motilal Oswal Focused Fund,84.0,38.77,1232,Focused Fund,1827.16,14.38,10.34,12.12,2.48,0.90,3.15,0.67,0.61,6.79,16.89,14.00,0.94,0.34,1.00
M_SBUC,SBI Flexicap Fund,85.0,38.71,1241,Flexi Cap Fund,23234.64,7.69,7.21,12.79,3.58,0.96,0.07,0.90,-0.20,0.92,12.47,12.37,0.86,0.85,0.99
M_JMVA,JM Value Fund,86.0,38.45,1232,Value Fund,817.27,11.39,13.88,22.55,-0.62,0.88,0.56,0.84,0.49,3.09,17.18,15.74,1.01,0.81,1.00
M_TEMO,Templeton India Value Fund,87.0,36.97,1232,Value Fund,1922.07,8.27,11.54,18.34,3.53,0.87,-0.75,0.81,-0.04,-1.98,13.20,11.76,0.91,0.95,0.98
M_FRON,Franklin India Focused Equity Fund,88.0,36.47,1232,Focused Fund,11506.08,6.29,8.18,15.53,2.68,0.96,-2.12,0.89,-0.47,-2.37,13.25,13.69,0.95,1.07,0.93
M_IDLV,Bandhan Value Fund,89.0,36.42,1241,Value Fund,9981.11,9.40,11.73,17.39,2.80,0.90,0.17,0.89,0.23,1.07,12.94,11.33,0.90,0.76,1.00
M_UTFFO,UTI Focused Fund,90.0,35.85,1232,Focused Fund,2487.33,8.82,8.83,15.40,3.29,0.97,0.15,0.92,0.08,0.86,13.50,14.03,0.94,0.99,0.85
M_MAHX,Mahindra Manulife Flexi Cap Fund,91.0,35.31,1232,Flexi Cap Fund,1589.55,8.89,10.09,16.85,4.26,0.90,-0.01,0.92,0.13,1.04,13.63,12.44,0.92,0.83,0.91
M_SBICO,SBI Contra Fund,92.0,34.99,1241,Contra Fund,47589.39,9.74,13.66,20.04,4.30,0.86,-0.42,0.88,0.25,-0.58,12.57,11.04,0.86,0.84,0.80
M_SUVY,Sundaram Value Fund,93.0,34.93,1231,Value Fund,1284.42,5.57,6.65,12.43,4.55,0.92,-0.92,0.88,-0.69,-1.50,12.99,13.45,0.93,1.00,0.96
M_CAVO,Canara Rob Value Fund,94.0,34.69,1232,Value Fund,1298.65,9.75,12.31,18.24,3.20,0.94,-0.09,0.88,0.36,-0.33,13.84,12.91,0.93,0.96,0.79
M_FREE,Franklin India Flexi Cap Fund,95.0,33.66,1232,Flexi Cap Fund,19384.82,9.36,10.15,18.19,4.00,0.90,-0.62,0.88,0.22,-1.07,13.46,12.92,0.92,0.96,0.79
M_PRLF,Sundaram Focused Fund,96.0,32.26,1231,Focused Fund,1096.8,9.31,8.57,14.20,3.70,0.90,1.09,0.87,0.16,2.99,13.37,11.99,0.88,0.75,1.00
M_MOSN,Motilal Oswal Multi Cap Fund,97.0,30.97,567,Multi Cap Fund,4676.55,,,9.59,8.37,0.90,1.56,0.64,1.75,6.78,18.31,15.43,0.90,0.37,0.59
M_BARX,Baroda BNP Paribas Flexi Cap Fund,98.0,30.27,1016,Flexi Cap Fund,1271.69,11.47,,13.76,3.26,0.91,1.25,0.89,0.68,2.38,14.98,12.54,0.98,0.92,1.00
M_NIPIX,Nippon India Flexi Cap Fund,99.0,29.70,1232,Flexi Cap Fund,9822.45,8.92,9.51,16.27,3.42,0.90,0.46,0.92,0.19,2.16,14.63,13.91,0.99,1.01,0.88
M_PGUG,PGIM India Multi Cap Fund,100.0,29.55,509,Multi Cap Fund,467.85,,,7.78,7.78,0.92,2.34,0.89,1.71,6.20,14.32,12.70,0.92,0.64,0.46
M_EDFC,Edelweiss Focused Fund,101.0,27.17,1027,Focused Fund,1050.81,11.25,,15.20,4.26,0.90,0.46,0.88,0.65,-0.27,14.91,13.82,0.98,1.01,0.79
M_BAFN,Bajaj Finserv Flexi Cap Fund,102.0,25.83,773,Flexi Cap Fund,8655.4,15.43,,9.88,6.42,0.84,1.56,0.86,1.36,4.58,13.38,12.71,0.85,0.76,0.71
M_360E,360 ONE Flexicap Fund,103.0,24.81,801,Flexi Cap Fund,2249.87,16.80,,8.36,3.35,0.90,2.29,0.85,1.52,6.70,15.27,14.34,0.92,0.70,0.61
M_QUNC,Quant Multi Cap Fund,104.0,23.22,1232,Multi Cap Fund,7724.57,9.52,10.56,14.23,0.96,0.90,1.20,0.71,0.20,3.64,17.00,14.02,1.00,0.59,1.00
M_SAMC,Samco Flexi Cap Fund,105.0,20.54,1147,Flexi Cap Fund,261.62,-4.16,,1.99,-8.19,0.98,-0.48,0.68,-1.22,0.27,17.62,14.20,1.11,0.94,0.50
M_HELF,Helios Flexi Cap Fund,106.0,20.34,713,Flexi Cap Fund,8747.55,,,8.21,6.29,0.87,1.18,0.86,1.23,2.78,16.40,15.12,0.94,0.88,0.57
M_TATUM,Tata Multicap Fund,107.0,19.95,899,Multi Cap Fund,3575.98,8.97,,6.51,4.69,0.86,1.80,0.88,0.17,2.36,15.33,13.36,0.99,0.98,0.51
M_FRANU,Franklin India Multi Cap Fund,108.0,18.18,540,Multi Cap Fund,5262.39,,,8.07,7.18,0.83,1.66,0.83,1.37,4.12,15.03,14.37,0.91,0.64,0.49
M_BNP5,Baroda BNP Paribas Focused Fund,109.0,16.71,1233,Focused Fund,659.97,7.50,7.70,14.83,1.26,0.82,-0.18,0.86,-0.08,0.26,16.02,12.49,1.08,0.99,1.00
M_SUNRX,Sundaram Flexi Cap Fund,110.0,16.35,1004,Flexi Cap Fund,1962.63,7.58,,11.72,2.73,0.86,-0.70,0.91,-0.23,-1.22,13.23,13.59,0.92,0.98,0.91
M_MIMC,Mirae Asset Multicap Fund,111.0,14.59,769,Multi Cap Fund,5619.19,12.30,,8.15,5.06,0.84,0.99,0.91,0.92,3.56,14.53,13.02,0.96,0.94,0.55
M_MIAU,Mirae Asset Focused Fund,112.0,14.28,1232,Focused Fund,6751.88,6.95,5.47,10.70,2.82,0.83,0.08,0.83,-0.23,4.05,13.51,12.91,0.93,0.74,0.89
M_CAML,Canara Rob Multi Cap Fund,113.0,13.16,782,Multi Cap Fund,5951.14,13.06,,8.10,3.63,0.88,0.94,0.90,1.06,3.47,14.15,13.25,0.92,0.85,0.59
M_EDEWA,Edelweiss Multi Cap Fund,114.0,9.39,724,Multi Cap Fund,3550.33,,,6.38,3.90,0.87,1.63,0.88,1.43,4.33,15.24,13.30,0.98,0.90,0.44
M_TRMM,TRUSTMF Flexi Cap Fund,115.0,9.13,604,Flexi Cap Fund,1041.58,,,4.72,2.11,0.95,1.67,0.78,1.12,4.37,15.85,12.92,0.93,0.66,0.38
M_DSPUP,DSP Multi Cap Fund,116.0,7.40,662,Multi Cap Fund,3024.92,,,2.05,1.60,0.92,0.56,0.87,0.67,3.04,14.59,13.08,0.95,0.86,0.40
M_BANV,Baroda BNP Paribas Value Fund,117.0,2.10,819,Value Fund,992.98,8.05,,2.14,-0.76,0.80,-0.01,0.85,-0.06,-0.15,14.72,11.43,0.97,0.99,0.44
M_NJFL,NJ Flexi Cap Fund,118.0,1.82,758,Flexi Cap Fund,2696.5,8.87,,-2.13,-4.64,0.82,-0.48,0.80,0.08,1.03,14.45,9.98,0.89,0.71,0.43
M_UTMUL,UTI Multi Cap Fund,,,342,Multi Cap Fund,2177.65,,,,,0.75,1.27,0.90,1.42,4.72,11.75,11.82,0.80,0.70,
M_BAJFI,Bajaj Finserv Multi Cap Fund,,,393,Multi Cap Fund,1630.02,,,,,0.75,2.30,0.84,1.27,3.99,13.89,13.48,0.83,0.70,
M_GRMT,Groww Multicap Fund,,,444,Multi Cap Fund,1476.14,,,,,0.89,3.37,0.84,2.38,5.85,15.54,15.03,0.86,0.59,
M_MAMG,Mahindra Manulife Value Fund,,,391,Value Fund,1028.62,,,,,0.76,1.88,0.81,1.33,2.09,14.50,13.54,0.83,0.87,
M_TRMI,TRUSTMF Multi Cap Fund,,,295,Multi Cap Fund,809.54,,,,,0.69,2.45,0.73,2.40,5.57,14.22,13.05,0.74,0.48,
M_CAPI,Capitalmind Flexi Cap Fund,,,287,Flexi Cap Fund,476.28,,,,,0.58,0.92,0.67,0.44,0.52,11.70,11.80,0.71,0.70,
M_UNFL,Unifi Flexi Cap Fund,,,328,Flexi Cap Fund,235.94,,,,,0.80,2.09,0.89,1.64,4.19,12.65,13.10,0.77,0.71,
M_SACO,Samco Multi Cap Fund,,,472,Multi Cap Fund,230.12,,,,,0.70,0.18,0.50,-0.33,2.51,11.05,13.37,0.77,0.61,
