mfId,name,rank,score,subsector,data_days,cagr_3y,cagr_5y,mf_alpha,mf_r2,mf_beta_large,mf_beta_mid,mf_beta_small,ulcer_index,max_drawdown,rolling_ir,omega_ratio,momentum_ewma,confidence
M_MAHD,Mahindra Manulife Focused Fund,1.0,88.92,Focused Fund,1912.0,21.49,20.11,6.38,0.9200991009127374,0.7030661866777209,0.1140301642067033,0.12468012491105528,5.15,-16.47,0.78,1.49,0.10243546766878897,1.0
M_KOTMU,Kotak Multicap Fund,2.0,83.78,Multi Cap Fund,1597.0,25.34,,5.40,0.9131613383132249,0.3229692611635041,0.33411633159541293,0.26486339659688285,5.97,-20.77,0.85,1.33,0.07523460588187923,1.0
M_AXVV,Axis Value Fund,3.0,83.33,Value Fund,1604.0,24.45,,5.29,0.9144499894470935,0.44898654067248,0.3231112474114208,0.15043611237166998,5.77,-19.44,0.79,1.31,0.09156386782527393,1.0
M_ICIXD,ICICI Pru Flexicap Fund,4.0,78.24,Flexi Cap Fund,1667.0,20.48,,4.40,0.8839364386834697,0.5594729941004349,0.18531187700816745,0.14724318207432266,5.51,-19.71,0.69,1.31,0.07189896693789674,1.0
M_KOQN,Kotak Contra Fund,5.0,77.39,Contra Fund,4789.0,22.40,18.73,3.82,0.9511428516186318,0.6181487464949559,0.321773718412077,0.018216476186039825,6.51,-34.88,0.49,1.30,0.09102200872257486,1.0
M_HSUA,HSBC Multi Cap Fund,6.0,77.21,Multi Cap Fund,1107.0,24.58,,4.31,0.9142562572273618,0.19878978207056253,0.447798890714092,0.2832532855997881,5.23,-19.66,0.56,1.52,0.030645856286424616,1.0
M_LITI,LIC MF Multi Cap Fund,7.0,75.62,Multi Cap Fund,1198.0,22.34,,3.05,0.9029161046125447,0.18572614972478219,0.40014017431007465,0.2950843627122523,4.78,-18.94,0.59,1.38,0.059960871167990586,1.0
M_ITFC,ITI Focused Fund,8.0,74.96,Focused Fund,967.0,,,4.84,0.8526980815665003,0.4089260374914118,0.16839642412288022,0.3113197772977466,4.81,-18.44,0.77,1.43,0.06934482577296006,0.9
M_DSPVE,DSP Value Fund,9.0,74.38,Value Fund,1891.0,21.12,17.42,5.09,0.6586831365610645,0.3069988344269155,0.10529541561519873,0.17614377241559248,3.90,-15.64,0.15,1.44,0.16923649902169147,1.0
M_BAFN,Bajaj Finserv Flexi Cap Fund,10.0,74.3,Flexi Cap Fund,911.0,,,4.87,0.8806304507463576,0.34771177311520063,0.2125226208236636,0.23730645810705858,5.19,-17.28,0.83,1.39,0.06475569298856428,0.9
M_EDFC,Edelweiss Focused Fund,11.0,74.22,Focused Fund,1289.0,19.54,,2.90,0.9043774175956996,0.638495582321318,0.36517992783812814,-0.010744099386725,4.83,-16.71,0.52,1.35,0.08500817630070012,1.0
M_ICCYV,ICICI Pru Value Fund,12.0,73.69,Value Fund,4789.0,20.74,20.81,5.41,0.8471029776770651,0.5198247695701267,0.28662865508349783,0.0062291487695820815,6.33,-33.18,0.34,1.35,0.021144328698401046,1.0
M_ICCSF,ICICI Pru Focused Equity Fund,13.0,73.4,Focused Fund,4782.0,24.69,20.62,5.29,0.859312880450368,0.5171120552885707,0.3024270650208171,0.02273747693413125,6.59,-30.23,0.30,1.28,0.09226361994704065,1.0
M_MADN,Mahindra Manulife Multi Cap Fund,14.0,73.25,Multi Cap Fund,3200.0,22.61,20.53,4.64,0.9177383989541089,0.40130721025245275,0.3613681791355703,0.18053136610383455,6.95,-30.57,0.44,1.30,0.060825625291008364,1.0
M_ITFF,ITI Flexi Cap Fund,15.0,72.97,Flexi Cap Fund,1093.0,23.84,,4.94,0.9297130541333334,0.3211231377693847,0.2161851672351048,0.4132559274756135,5.90,-21.41,0.55,1.50,0.05927995701390905,0.9
M_PARO,Parag Parikh Flexi Cap Fund,16.0,71.22,Flexi Cap Fund,4642.0,20.43,18.26,7.29,0.7576639382006853,0.4974523172993224,0.19188538415315162,0.019756757798752467,4.55,-27.32,0.30,1.44,-0.052038133202136135,1.0
M_HELF,Helios Flexi Cap Fund,17.0,70.96,Flexi Cap Fund,820.0,,,5.46,0.8877748822846404,0.28118271555946295,0.40851790292852574,0.22058409607706422,5.29,-17.90,0.68,1.35,0.029686442619960684,0.9
M_BANK,Bank of India Multi Cap Fund,18.0,70.89,Multi Cap Fund,1079.0,,,4.24,0.9178906339367909,0.17672404090258942,0.2807670703983954,0.41774103848338767,5.35,-19.67,0.53,1.51,0.06083994522580021,0.9
M_CAFF,Canara Rob Focused Fund,19.0,70.86,Focused Fund,1730.0,19.21,,3.97,0.8927364199409608,0.6574183179300785,0.19568108464318956,0.05839652639912306,5.21,-17.77,0.44,1.33,0.034183836966871294,1.0
M_WOCE,WOC Flexi Cap Fund,20.0,70.54,Flexi Cap Fund,1289.0,20.91,,3.49,0.926345941370229,0.49163537893752396,0.23676851884013475,0.17442282769705386,4.13,-15.26,0.87,1.38,-0.016673093292296985,1.0
M_CAVO,Canara Rob Value Fund,21.0,70.43,Value Fund,1625.0,18.34,,4.53,0.9330156535540196,0.5743574512301701,0.15180755096248524,0.1855716027146092,5.42,-18.92,0.73,1.29,0.007554408511470693,1.0
M_LTNA,HSBC Value Fund,22.0,70.1,Value Fund,4789.0,24.03,21.14,2.99,0.9297461982536511,0.46280747900707087,0.5182399808250249,0.03290855712018672,8.23,-40.09,0.44,1.32,0.08059932140655886,1.0
M_WOMI,WOC Multi Cap Fund,23.0,69.99,Multi Cap Fund,876.0,,,6.27,0.938335806539402,0.29734046196582054,0.2838093615287634,0.28813678699321194,4.65,-16.43,1.11,1.40,-0.019838767192910785,0.9
M_BOIX,Bank of India Flexi Cap Fund,24.0,69.89,Flexi Cap Fund,2052.0,23.36,20.69,2.52,0.8984597072339732,0.3109024463985842,0.24970239321561755,0.42252049707208283,6.47,-23.25,0.50,1.49,0.04498247503318618,1.0
M_HDCUI,HDFC Multi Cap Fund,25.0,68.96,Multi Cap Fund,1527.0,20.49,,4.38,0.9649884000407113,0.3703272567630679,0.37155910917107005,0.21014590643721515,6.21,-20.13,0.77,1.30,-0.008350242937858415,1.0
M_INXO,Invesco India Flexi Cap Fund,26.0,67.29,Flexi Cap Fund,1457.0,22.12,,3.63,0.8866083954334745,0.4610073916294646,0.3739075176319807,0.11794283552829546,5.33,-18.97,0.87,1.32,-0.061512610437475065,1.0
M_AXNM,Axis Multicap Fund,27.0,66.92,Multi Cap Fund,1520.0,23.48,,3.07,0.8847046875073727,0.3756587592573829,0.35663769742992635,0.16080018271258636,5.73,-18.04,0.66,1.28,0.024437280349754505,1.0
M_HDCEQ,HDFC Flexi Cap Fund,28.0,66.55,Flexi Cap Fund,4789.0,22.67,21.14,4.04,0.8847225666470424,0.6666447412963556,0.2712962053683425,0.02598533125290274,8.12,-37.43,0.39,1.26,0.07872869688664329,1.0
M_EDEWA,Edelweiss Multi Cap Fund,29.0,66.25,Multi Cap Fund,841.0,,,4.71,0.9208874380276246,0.3566100996715649,0.46183836381136817,0.14263229734299362,6.49,-20.03,0.42,1.41,0.04002586551034892,0.9
M_UNOY,Union Value Fund,30.0,65.03,Value Fund,2626.0,19.85,16.82,2.30,0.9299739167203137,0.6174940719332407,0.16874327161543098,0.15855446326894132,6.66,-32.95,0.38,1.28,0.07451276258740569,1.0
M_KOTY,Kotak Focused Fund,31.0,63.72,Focused Fund,2402.0,19.72,16.45,2.74,0.9367262210114704,0.6453896779351143,0.2824625283700394,0.0031388516303429395,7.38,-33.45,0.19,1.32,0.1703631704132472,1.0
M_IDFUM,Bandhan Multi Cap Fund,32.0,63.3,Multi Cap Fund,1534.0,18.57,,2.82,0.9335293431599644,0.3697603641525346,0.26590081706456914,0.22718984922511817,5.38,-18.18,0.65,1.27,0.019536650567918173,1.0
M_HDFSO,HDFC Focused Fund,33.0,62.87,Focused Fund,4789.0,22.97,23.08,4.51,0.8722746922584743,0.6041534190643305,0.3029740607091711,-0.00014336684307116447,9.99,-40.87,0.28,1.24,0.09901054803301648,1.0
M_MIMC,Mirae Asset Multicap Fund,34.0,62.74,Multi Cap Fund,904.0,,,3.03,0.9450494063497861,0.3870939401837739,0.24046242103287235,0.3007140501554459,5.24,-18.16,0.60,1.31,0.030425846195334897,0.9
M_KOSN,Kotak Flexicap Fund,35.0,62.7,Flexi Cap Fund,4789.0,18.47,15.20,1.13,0.9488700621769957,0.6372575191235518,0.30482609753304746,0.010453468259184615,6.29,-33.87,0.40,1.28,0.10969738146777214,1.0
M_IIFS,360 ONE Focused Fund,36.0,62.17,Focused Fund,4124.0,16.47,15.40,3.99,0.9064119283525227,0.5343944769493846,0.3858928245790031,0.019484931656980106,7.51,-33.44,0.33,1.25,0.04911592641404814,1.0
M_ICPIU,ICICI Pru Multicap Fund,37.0,60.75,Multi Cap Fund,4789.0,21.07,18.16,1.26,0.934645207276057,0.47313211622576556,0.46922395955668,0.024170227911006665,6.84,-36.06,0.41,1.27,0.08699592932270829,1.0
M_CAML,Canara Rob Multi Cap Fund,38.0,60.56,Multi Cap Fund,932.0,,,2.56,0.9397851883054407,0.30720366332628685,0.39196968770596663,0.19561539250629717,5.24,-18.32,0.72,1.34,0.018157894858815426,0.9
M_INTT,Invesco India Contra Fund,39.0,60.11,Contra Fund,4789.0,20.61,17.11,2.27,0.9456905842898359,0.5733152875802091,0.37690998468325687,0.01907328385583758,6.82,-33.01,0.58,1.31,-0.02482323325562469,1.0
M_SBICO,SBI Contra Fund,40.0,59.74,Contra Fund,4789.0,20.53,21.47,5.20,0.9025344082239684,0.3602835914479501,0.4763413168557328,0.043154660913480095,9.68,-40.88,0.29,1.26,0.019571661434034555,1.0
M_SBFQ,SBI Focused Fund,41.0,59.73,Focused Fund,4789.0,20.26,15.74,3.24,0.8415290766145951,0.47304493137231185,0.2997949436405921,0.005064358073165646,7.62,-28.65,0.20,1.28,0.08639014778289697,1.0
M_EDWU,Edelweiss Flexi Cap Fund,42.0,58.65,Flexi Cap Fund,4026.0,20.60,17.48,2.47,0.9425756415242152,0.5922767194093257,0.3471459468653822,0.00401157001929892,7.13,-31.66,0.41,1.24,0.05230947452020927,1.0
M_HDCAC,HDFC Value Fund,43.0,58.34,Value Fund,4789.0,20.89,17.70,1.11,0.9409854241009751,0.5899293785729366,0.3550983053537142,0.017103989527763357,7.47,-38.57,0.45,1.27,0.07823136370414965,1.0
M_ADYUM,Aditya Birla SL Multi-Cap Fund,44.0,57.83,Multi Cap Fund,1744.0,18.86,,1.73,0.9333748685544243,0.4120103291417368,0.27240335329004545,0.2184615953380404,5.90,-19.88,0.34,1.29,0.04472842660657361,1.0
M_ADTFU,Aditya Birla SL Focused Fund,45.0,57.4,Focused Fund,4789.0,18.60,15.04,2.09,0.9546308696193976,0.8074598202944774,0.12856858212391475,0.013387440158712986,6.31,-32.65,0.24,1.25,0.09278159130071992,1.0
M_NIEV,Nippon India Value Fund,46.0,57.34,Value Fund,4789.0,23.32,19.70,2.73,0.950500434935874,0.5016359310813043,0.4695772745342155,0.024814709126434183,8.30,-35.18,0.43,1.25,0.0319166780863846,1.0
M_ADTUE,Aditya Birla SL Flexi Cap Fund,47.0,56.74,Flexi Cap Fund,4789.0,19.30,15.56,1.01,0.951042315059924,0.6296252109445682,0.32108926754257994,0.01652760857170486,6.99,-35.43,0.37,1.27,0.07692035569455026,1.0
M_QUTO,Quant Flexi Cap Fund,48.0,56.16,Flexi Cap Fund,4782.0,18.45,21.30,4.87,0.7416670061849141,0.18655619295141723,0.6856456318877292,0.04296945249972828,10.09,-35.17,0.26,1.28,-0.00023763271597603344,1.0
M_UNMI,Union Multicap Fund,49.0,56.1,Multi Cap Fund,1149.0,20.22,,0.66,0.8705908518515264,0.3587748621042218,0.36416973077237724,0.1844349440817281,5.55,-19.38,0.38,1.33,0.056934397694507824,1.0
M_FREE,Franklin India Flexi Cap Fund,50.0,55.53,Flexi Cap Fund,4789.0,19.42,16.90,1.94,0.9281367191756363,0.6267639169514846,0.3311348618663177,0.010007793317760002,6.67,-35.60,0.34,1.27,0.019211409472273018,1.0
M_360E,360 ONE Flexicap Fund,51.0,55.52,Flexi Cap Fund,960.0,,,2.62,0.8877989900056643,0.34127120752234796,0.3597286199472285,0.1853019458845182,5.69,-16.56,0.46,1.35,0.006964536252109769,0.9
M_TAQY,Tata Value Fund,52.0,53.73,Value Fund,4789.0,20.70,17.51,1.88,0.9075803999743082,0.5478686829204289,0.35660565316277004,0.012931686166065713,7.61,-33.07,0.31,1.28,0.03351805465216906,1.0
M_QUVN,Quant Value Fund,53.0,53.59,Value Fund,1534.0,22.20,,4.84,0.8133106903621525,0.29662181676215027,0.16104318929289735,0.6132878361143418,8.59,-23.44,0.31,1.27,-0.01295290711482043,1.0
M_MIFE,Mirae Asset Flexi Cap Fund,54.0,52.14,Flexi Cap Fund,1086.0,,,2.11,0.9325880176232423,0.5645398010263245,0.17631898964163398,0.19774007673196448,4.34,-15.93,0.20,1.40,0.04021891297714068,0.9
M_HSBD,HSBC Focused Fund,55.0,51.95,Focused Fund,2031.0,18.55,15.43,0.23,0.8999273407501548,0.6567836253190822,0.2142734751540053,0.14371065886498152,6.09,-20.92,0.27,1.36,0.07516281804737804,1.0
M_JMUU,JM Flexicap Fund,56.0,50.7,Flexi Cap Fund,4789.0,21.02,18.44,3.15,0.8834600085077735,0.5278717135441308,0.4428789994316721,-0.0034663978351112527,8.02,-31.61,0.36,1.26,-0.05642330257210651,1.0
M_MAHX,Mahindra Manulife Flexi Cap Fund,57.0,50.62,Flexi Cap Fund,1632.0,18.15,,1.99,0.9427420687158234,0.6751522209904955,0.05774435121533044,0.20880616201587923,5.45,-17.04,0.50,1.21,0.014125860435617693,1.0
M_FRON,Franklin India Focused Equity Fund,58.0,50.58,Focused Fund,4789.0,16.50,15.80,1.48,0.8722175882045662,0.6260642489983875,0.35461861502508063,0.01868474649994867,7.38,-35.01,0.36,1.28,-0.017296142581751505,1.0
M_GRMT,Groww Multicap Fund,59.0,49.27,Multi Cap Fund,421.0,,,5.88,0.9243754697236624,0.3465189203369955,0.24539525089412206,0.3153438268497813,5.89,-15.77,,1.05,0.08816450762667237,0.75
M_NIML,Nippon India Multi Cap Fund,60.0,47.62,Multi Cap Fund,4789.0,22.52,22.58,1.26,0.9120448905363288,0.40055537537452546,0.591145666186663,0.051055829978425366,8.79,-39.94,0.34,1.25,0.036659584834576,1.0
M_QUNC,Quant Multi Cap Fund,61.0,47.51,Multi Cap Fund,4782.0,12.41,16.83,2.28,0.7880919129509253,0.14937031661582312,0.7531193371824538,0.05961626118075847,7.71,-30.98,0.31,1.29,-0.12372439304430304,1.0
M_PRPW,Sundaram Multi Cap Fund,62.0,47.2,Multi Cap Fund,4789.0,18.80,17.29,1.36,0.9402909583740284,0.5188573616101868,0.4024997880510437,0.018200060392240296,7.84,-34.87,0.38,1.26,0.00953579337834206,1.0
M_TEMO,Templeton India Value Fund,63.0,46.86,Value Fund,4789.0,19.15,19.00,2.10,0.893774075308894,0.538015865916792,0.43938857341252485,0.0218695435722742,10.28,-45.19,0.22,1.23,0.041893515556640525,1.0
M_UNOF,Union Focused Fund,64.0,46.48,Focused Fund,2381.0,14.12,12.52,1.44,0.8964921263882962,0.6726763952681092,0.19682597511485014,0.033965004444418974,6.53,-30.54,-0.08,1.27,0.07164738886667031,1.0
M_OLDD,Old Bridge Focused Fund,65.0,46.33,Focused Fund,750.0,,,3.27,0.81511944812404,0.14199137028188807,0.3741893807362356,0.3044578544894454,7.29,-18.56,0.20,1.16,0.09014442588964429,0.9
M_CAOQ,Canara Rob Flexi Cap Fund,66.0,46.19,Flexi Cap Fund,4789.0,16.71,14.51,2.23,0.9494126921145701,0.6534354951303633,0.25233198525251493,0.0044081220276374735,6.68,-29.46,0.20,1.23,0.022883757393431663,1.0
M_UTILO,UTI Value Fund,67.0,45.37,Value Fund,4789.0,19.03,16.21,2.40,0.9470174630150114,0.6060066399963757,0.30426698756879045,0.023952361413864864,7.08,-33.10,0.12,1.22,0.021639039832900313,1.0
M_SUNRX,Sundaram Flexi Cap Fund,68.0,44.98,Flexi Cap Fund,1254.0,16.66,,1.70,0.9397043996277968,0.6731621771029193,0.1385041193266612,0.10202840195106888,4.36,-15.61,0.05,1.26,0.034358763634153154,1.0
M_DSYE,DSP Flexi Cap Fund,69.0,44.87,Flexi Cap Fund,4789.0,18.34,14.67,1.69,0.9187665638126394,0.48145930911113777,0.44807871793483894,0.007265237392696356,8.04,-32.47,0.25,1.23,0.04904704963895523,1.0
M_BARX,Baroda BNP Paribas Flexi Cap Fund,70.0,44.83,Flexi Cap Fund,1275.0,17.35,,0.35,0.9104095024080366,0.45689129730076394,0.362788658268033,0.13223210703655852,5.81,-20.22,0.30,1.26,0.03813360289882723,1.0
M_NICY,Nippon India Focused Fund,71.0,44.47,Focused Fund,4789.0,16.37,14.19,0.65,0.9098983139800115,0.5830508276127572,0.4200640932637747,0.006149447424751552,9.29,-40.40,0.28,1.27,0.03986968693881006,1.0
M_TATY,Tata Focused Fund,72.0,44.3,Focused Fund,2262.0,17.01,15.13,1.06,0.9359220949955608,0.6873853473682121,0.1623229588441553,0.1169970944293091,7.99,-33.56,0.30,1.26,0.027460760718306484,1.0
M_FRANU,Franklin India Multi Cap Fund,73.0,44.2,Multi Cap Fund,561.0,,,3.71,0.9274934809851734,0.2387145806047234,0.37819889280774655,0.24667612318219612,6.60,-18.08,0.55,0.98,0.051578967043817404,0.75
M_QUTT,Quant Focused Fund,74.0,43.28,Focused Fund,4782.0,16.52,16.15,1.37,0.7549893762902813,0.374731342544634,0.5310367688107636,0.027963346425855976,7.27,-30.49,0.21,1.28,0.0078235547490434,1.0
M_ITVA,ITI Value Fund,75.0,43.14,Value Fund,1702.0,20.43,,0.18,0.8797135328874631,0.3723654230984168,0.3124450839763321,0.2604346565384415,8.06,-22.40,0.44,1.22,0.08115270560661678,1.0
M_IDLV,Bandhan Value Fund,76.0,42.19,Value Fund,4789.0,18.29,20.04,0.82,0.9070545768910323,0.23005340448922706,0.7374122620303116,0.02778133927522622,11.84,-51.35,0.28,1.26,0.03103704519656346,1.0
M_BAMU,Baroda BNP Paribas Multi Cap Fund,77.0,41.9,Multi Cap Fund,4789.0,19.08,17.85,2.21,0.9217793496413182,0.42435791747813223,0.49461551156686306,0.01876016677238551,7.38,-30.59,0.21,1.23,-0.0008539462421214227,1.0
M_INVC,Invesco India Focused Fund,78.0,41.86,Focused Fund,1961.0,23.37,17.44,1.22,0.8542379982931756,0.4879730036545708,0.30617337134874034,0.16854564126572916,7.78,-21.98,0.29,1.38,-0.11882986823350977,1.0
M_MOSN,Motilal Oswal Multi Cap Fund,79.0,41.77,Multi Cap Fund,603.0,,,11.11,0.6817152239897091,0.4372980392280255,0.2049274182373775,0.32106944411540383,6.79,-17.39,0.49,1.17,-0.2220976641045162,0.75
M_PGAV,PGIM India Flexi Cap Fund,80.0,41.74,Flexi Cap Fund,3998.0,14.44,13.85,2.73,0.9141336250116343,0.5254955647440698,0.3854634126149068,0.025502799622361096,7.24,-31.22,0.11,1.21,-0.00365817144233431,1.0
M_PRLF,Sundaram Focused Fund,81.0,41.62,Focused Fund,4789.0,15.30,13.14,1.50,0.9187783718377147,0.663050377323778,0.23798249379924935,0.008622216133339682,6.52,-27.69,0.17,1.22,0.023158260933158675,1.0
M_SBIUC,SBI Multicap Fund,82.0,41.35,Multi Cap Fund,1436.0,17.85,,1.00,0.8487546423681327,0.23847851801789804,0.30707765832451855,0.17529960766864383,4.11,-14.74,0.22,1.28,-0.04822434966599806,1.0
M_ESEL,Navi Flexi Cap Fund,83.0,41.08,Flexi Cap Fund,2773.0,15.40,14.42,0.62,0.9418329136202185,0.6079359586284174,0.19361974697017653,0.1417066920426615,7.72,-33.88,0.11,1.21,0.1094913194846894,1.0
M_JMVA,JM Value Fund,84.0,40.5,Value Fund,4789.0,20.42,18.17,1.96,0.8979575477642471,0.485250283383428,0.5296472970014534,0.018668578808471406,9.49,-34.87,0.33,1.23,-0.060721293158690105,1.0
M_UNMN,Union Flexi Cap Fund,85.0,39.04,Flexi Cap Fund,4789.0,16.89,14.89,1.90,0.951981594632991,0.6054960218904515,0.3209606974314973,-0.00029238401586890485,7.15,-31.04,0.03,1.20,0.02947575889300151,1.0
M_SBUC,SBI Flexicap Fund,86.0,38.8,Flexi Cap Fund,4789.0,14.41,12.53,-0.06,0.9440656932363668,0.5754470682521324,0.313427764618937,0.011227618815300537,6.33,-32.92,0.23,1.25,0.01649874696578214,1.0
M_DSOF,DSP Focused Fund,87.0,37.66,Focused Fund,4789.0,19.98,14.65,0.61,0.8949448220608169,0.5750551964075608,0.3616078756202631,0.012629842066252861,7.71,-36.40,0.13,1.20,0.04682188021865586,1.0
M_INMC,Invesco India Multicap Fund,88.0,37.59,Multi Cap Fund,4789.0,18.27,15.97,0.32,0.908992288715411,0.30832862032437547,0.6130750034425578,0.02221489299087285,8.62,-34.41,0.32,1.29,-0.053269624668915064,1.0
M_IDBO,LIC MF Value Fund,89.0,35.06,Value Fund,2731.0,16.82,15.00,-0.74,0.8981099726797469,0.37036836101209836,0.34137180455612415,0.21623350880828793,7.93,-32.40,0.07,1.21,0.15849264745666541,1.0
M_TAMC,Tata Flexi Cap Fund,90.0,34.79,Flexi Cap Fund,2717.0,18.25,14.05,1.12,0.9222388565271609,0.5569057381818983,0.16517603302033498,0.1310439979526996,6.26,-28.16,0.04,1.23,-0.004568285425965842,1.0
M_HSMY,HSBC Flexi Cap Fund,91.0,34.56,Flexi Cap Fund,4789.0,19.59,15.99,0.58,0.9292051718048835,0.6042997350791964,0.389425020141395,0.022661140893980063,8.18,-35.23,0.27,1.22,0.0046243409308086994,1.0
M_ITMU,ITI Multi-Cap Fund,92.0,34.12,Multi Cap Fund,2465.0,21.77,15.13,-0.77,0.8956191365150074,0.35715687792375417,0.4252346204472796,0.1537841386754527,9.80,-35.64,0.14,1.24,0.06919291051901078,1.0
M_ADTPV,Aditya Birla SL Value Fund,93.0,33.95,Value Fund,4789.0,21.45,17.83,-2.10,0.9028048522697419,0.19003785728412192,0.7593335699334454,0.045252690260955665,15.68,-53.92,0.20,1.25,0.0682012167870969,1.0
M_AXMM,Axis Flexi Cap Fund,94.0,33.09,Flexi Cap Fund,3011.0,16.23,12.06,1.19,0.8696041894140702,0.6547599390293082,0.2670379823062778,-0.037969131419430646,7.75,-26.14,0.05,1.22,0.024002367495394437,1.0
M_NIPIX,Nippon India Flexi Cap Fund,95.0,31.43,Flexi Cap Fund,1646.0,17.47,,0.37,0.9500514465778399,0.5103509451793519,0.2856884352100212,0.16709670103267715,6.72,-19.57,0.24,1.20,0.0010414903690764425,1.0
M_TATUM,Tata Multicap Fund,96.0,30.95,Multi Cap Fund,1107.0,14.74,,-2.16,0.9250717052022606,0.32065703351324193,0.32830362399274915,0.2647462066879181,7.07,-22.39,-0.40,1.27,0.07468563970925605,1.0
M_PGUG,PGIM India Multi Cap Fund,97.0,29.7,Multi Cap Fund,519.0,,,1.33,0.9432759471937698,0.42535143566897005,0.3138146516870794,0.2081863672878043,7.30,-18.02,0.42,0.88,0.021487991417419312,0.75
M_IDFMM,Bandhan Flexi Cap Fund,98.0,29.16,Flexi Cap Fund,4789.0,16.63,14.55,-0.72,0.9240168053539745,0.5459277867420925,0.36915296719905494,-0.004314921701707549,7.70,-33.36,0.07,1.22,0.021258394883767344,1.0
M_MOI3,Motilal Oswal Flexi Cap Fund,99.0,29.03,Flexi Cap Fund,4306.0,22.84,13.99,-0.84,0.8424411131328675,0.6027011588953065,0.3693985429065206,-0.015252713860554039,7.48,-33.89,0.12,1.28,-0.1360303904388811,1.0
M_DSPUP,DSP Multicap Fund,100.0,28.84,Multi Cap Fund,743.0,,,2.30,0.9244069854724348,0.07541234367902627,0.4164280183295047,0.34799786685254847,7.18,-20.20,0.07,1.10,-0.05417046881489207,0.9
M_IDYS,Bandhan Focused Fund,101.0,28.44,Focused Fund,4789.0,20.58,14.30,0.45,0.8813764365163231,0.5867212526827422,0.3340634846483746,0.02582237064187763,7.99,-33.34,-0.02,1.19,0.02923490268744875,1.0
M_MIAU,Mirae Asset Focused Fund,102.0,27.16,Focused Fund,2465.0,10.85,10.39,0.87,0.9170571994581845,0.625457148755317,0.1388227003293294,0.15978858770172247,7.93,-33.59,-0.01,1.24,-0.16051099717678743,1.0
M_UTFFO,UTI Focused Fund,103.0,26.84,Focused Fund,1632.0,16.80,,-0.01,0.8791430866268569,0.6443202660085119,0.3384612818726216,-0.06777860700903622,6.86,-19.15,0.18,1.17,0.009524182011228472,1.0
M_JMCR,JM Focused Fund,104.0,26.33,Focused Fund,4789.0,18.96,15.18,-1.09,0.8667072574265264,0.5611698604263259,0.4642620382266332,-0.00955935671890945,8.72,-36.13,0.18,1.19,0.0211460116268742,1.0
M_TRMM,TRUSTMF Flexi Cap Fund,105.0,26.22,Flexi Cap Fund,659.0,,,2.55,0.8681366002305471,0.2416700386308877,0.39664282137213464,0.22316087905130047,6.79,-17.39,-0.01,1.09,0.018150262506575695,0.75
M_SUVY,Sundaram Value Fund,106.0,25.15,Value Fund,4789.0,13.92,13.27,-1.06,0.9546328536815135,0.6443394934109425,0.2917459098980929,0.012850968450184973,7.94,-37.11,-0.00,1.18,0.022416399279977135,1.0
M_INUI,Groww Value Fund,107.0,24.13,Value Fund,3809.0,18.07,15.16,0.38,0.9114827306152042,0.5848128861032956,0.3111371920024685,-0.002806759901806087,12.31,-42.49,-0.03,1.16,0.012442774489996587,1.0
M_QUTR,Quantum Value Fund,108.0,23.99,Value Fund,7274.0,16.94,14.01,-0.42,0.9080777660610425,0.681135634973194,0.23683692724039168,0.0003795326704649087,11.70,-52.61,0.14,1.20,-0.03238930107746406,1.0
M_BANV,Baroda BNP Paribas Value Fund,109.0,20.75,Value Fund,981.0,,,-0.66,0.8710825967871494,0.5057684933007156,0.20879970364272715,0.1985253443743657,7.71,-19.78,-0.28,1.25,0.010987673620933325,0.9
M_MOI2,Motilal Oswal Focused Fund,110.0,20.67,Focused Fund,4656.0,11.47,8.47,-2.19,0.8060588161763427,0.5471509411943047,0.40457273637265245,0.007610441473521593,8.39,-31.19,0.03,1.20,0.027837410267795976,1.0
M_BNP5,Baroda BNP Paribas Focused Fund,111.0,19.93,Focused Fund,3053.0,15.30,13.50,0.37,0.8843147481469147,0.6164090110804473,0.28395243581140484,0.04509658792746708,7.84,-29.36,-0.04,1.14,-0.030582549362132627,1.0
M_UTIEY,UTI Flexi Cap Fund,112.0,17.91,Flexi Cap Fund,4789.0,11.35,8.63,-1.14,0.8862934391382964,0.5841472818935046,0.3370089546517493,-0.007858812426093044,8.08,-31.44,0.08,1.20,-0.12203028952030939,1.0
M_IDB0,LIC MF Focused Fund,113.0,17.34,Focused Fund,3011.0,10.85,11.41,-0.92,0.8889223725925723,0.6990663902887599,0.11579122172190537,0.13990646166774706,7.09,-30.22,-0.16,1.13,-0.05637141189286878,1.0
M_AXFO,Axis Focused Fund,114.0,15.06,Focused Fund,4789.0,12.86,7.44,-1.89,0.8558987587944724,0.7268675445830017,0.23150066195714936,-0.0004627592117154962,9.73,-32.00,0.05,1.19,-0.0686491155939872,1.0
M_SHRP,Shriram Flexi Cap Fund,115.0,14.37,Flexi Cap Fund,2696.0,12.57,11.54,-2.04,0.8971464841055461,0.5457622256617474,0.2900168634424202,0.07495870318209064,8.06,-27.65,-0.21,1.15,-0.0012395718912810035,1.0
M_LILU,LIC MF Flexi Cap Fund,116.0,13.7,Flexi Cap Fund,4789.0,15.36,12.39,-1.61,0.8790791158024528,0.49020822394153873,0.3938647932655964,0.007267396828792779,8.32,-29.93,-0.12,1.13,-0.02524420851785231,1.0
M_TAHU,Taurus Flexi Cap Fund,117.0,13.53,Flexi Cap Fund,4789.0,14.46,11.69,-3.70,0.9204672439425414,0.5590901707212894,0.3711396986678125,0.02330074357816687,8.74,-36.51,-0.27,1.11,-0.03855843453060996,1.0
M_NJFL,NJ Flexi Cap Fund,118.0,12.38,Flexi Cap Fund,890.0,,,-0.34,0.776732184163033,0.33881973002352384,0.5345582658838198,0.0029200976643211757,12.44,-25.41,-0.27,1.17,-0.047471698149705005,0.9
M_SAMC,Samco Flexi Cap Fund,119.0,6.19,Flexi Cap Fund,1471.0,3.12,,-11.87,0.7521124976916436,0.17944090125080503,0.4735500731498768,0.2524511070228266,12.13,-29.43,-0.57,0.91,-0.0621869286118122,1.0
M_SACO,Samco Multi Cap Fund,120.0,3.41,Multi Cap Fund,463.0,,,-10.15,0.8289194057420374,0.17497193125416544,-0.09287155183352776,0.4476945333789676,7.89,-14.37,-1.34,0.59,-0.16165260505573414,0.75
M_MAMG,Mahindra Manulife Value Fund,121.0,0.0,Value Fund,,,,,,,,,,,,,,1.0
M_BAJFI,Bajaj Finserv Multi Cap Fund,121.0,0.0,Multi Cap Fund,,,,,,,,,,,,,,1.0
